key_id,player_id,family_name,given_name,birth_date,female,goal_keeper,defender,midfielder,forward,count_tournaments,list_tournaments,player_wikipedia_link
3,P-03484,Aaronson,Brenden,2000-10-22,0,0,0,0,1,1,2022,https://en.wikipedia.org/wiki/Brenden_Aaronson
5,P-03523,Abalo,Jean-Paul,1975-06-26,0,0,1,0,0,1,2006,https://en.wikipedia.org/wiki/Jean-Paul_Abalo
9,P-75462,Abate,Ignazio,1986-11-12,0,0,1,0,0,1,2014,https://en.wikipedia.org/wiki/Ignazio_Abate
10,P-78277,Abbadie,Julio,1930-09-07,0,0,0,0,1,1,1954,https://en.wikipedia.org/wiki/Julio_Abbadie
14,P-86290,Abbondanzieri,Roberto,1972-08-19,0,1,0,0,0,1,2006,https://en.wikipedia.org/wiki/Roberto_Abbondanzieri
15,P-29132,Abd Al-Jawad,Mohamed,1962-11-28,0,0,1,0,0,1,1994,https://en.wikipedia.org/wiki/Mohamed_Abd_Al-Jawad
16,P-26446,Abdel Rahman,Adel,1967-12-11,0,0,0,0,1,1,1990,https://en.wikipedia.org/wiki/Adel_Abdel_Rahman
17,P-29161,Abdel Shafy,Mohamed,1985-07-01,0,0,1,0,0,1,2018,https://en.wikipedia.org/wiki/Mohamed_Abdel_Shafy
18,P-73679,Abdel-Hamid,Gamal,1957-11-24,0,0,0,1,0,1,1990,https://en.wikipedia.org/wiki/Gamal_Abdel-Hamid
19,P-62193,Abdelghani,Magdi,1959-07-27,0,0,0,1,0,1,1990,https://en.wikipedia.org/wiki/Magdi_Abdelghani
20,P-61342,Abdellah,Nacer,1966-03-03,0,0,1,0,0,1,1994,https://en.wikipedia.org/wiki/Nacer_Abdellah
21,P-64924,Abdi,Ali,1993-12-20,0,0,1,0,0,1,2022,https://en.wikipedia.org/wiki/Ali_Abdi_(footballer)
22,P-98081,Abdollahi,Nasrollah,1951-09-02,0,0,1,0,0,1,1978,https://en.wikipedia.org/wiki/Nasrollah_Abdollahi
23,P-94880,Abdoun,Djamel,1986-02-14,0,0,0,1,0,1,2010,https://en.wikipedia.org/wiki/Djamel_Abdoun
24,P-21820,Abdul Samed,Salis,2000-03-26,0,0,0,1,0,1,2022,https://en.wikipedia.org/wiki/Salis_Abdul_Samed
25,P-77199,Abdulghani,Hussein,1977-01-21,0,0,1,0,0,2,"2002, 2006",https://en.wikipedia.org/wiki/Hussein_Sulaimani
26,P-73110,Abdulghani,Hussein,1977-01-23,0,0,1,0,0,1,1998,https://en.wikipedia.org/wiki/Hussein_Abdulghani
27,P-08125,Abdulhamid,Saud,1999-07-18,0,0,1,0,0,1,2022,https://en.wikipedia.org/wiki/Saud_Abdulhamid
28,P-03048,Abdullah,Majed,1959-11-01,0,0,0,0,1,1,1994,https://en.wikipedia.org/wiki/Majed_Abdullah
29,P-75724,Abdullahi,Shehu,1993-03-12,0,0,1,0,0,1,2018,https://en.wikipedia.org/wiki/Shehu_Abdullahi
31,P-00148,Abe,Yuki,1981-09-06,0,0,0,1,0,1,2010,https://en.wikipedia.org/wiki/Yuki_Abe
32,P-56772,Abedzadeh,Ahmad Reza,1966-05-25,0,1,0,0,0,1,1998,https://en.wikipedia.org/wiki/Ahmad_Reza_Abedzadeh
34,P-02805,Abega,Théophile,1954-07-09,0,0,0,1,0,1,1982,https://en.wikipedia.org/wiki/Th%C3%A9ophile_Abega
35,P-85334,Abegglen,André,1909-03-07,0,0,0,0,1,2,"1934, 1938",https://en.wikipedia.org/wiki/Andr%C3%A9_Abegglen
37,P-24945,Abelardo,not applicable,1970-03-19,0,0,1,0,0,2,"1994, 1998",https://en.wikipedia.org/wiki/Abelardo_Fern%C3%A1ndez
41,P-00685,Abid,Anad,1955-08-03,0,0,0,0,1,1,1986,https://en.wikipedia.org/wiki/Anad_Abid
42,P-04469,Abidal,Eric,1979-09-11,0,0,1,0,0,2,"2006, 2010",https://en.wikipedia.org/wiki/Eric_Abidal
45,P-22858,Abonyi,Attila,1946-08-16,0,0,0,0,1,1,1974,https://en.wikipedia.org/wiki/Attila_Abonyi
46,P-53452,Aboubakar,Vincent,1992-01-22,0,0,0,0,1,3,"2010, 2014, 2022",https://en.wikipedia.org/wiki/Vincent_Aboubakar
47,P-48295,Aboukhlal,Zakaria,2000-02-18,0,0,0,1,0,1,2022,https://en.wikipedia.org/wiki/Zakaria_Aboukhlal
48,P-62807,Abouzeid,Taher,1962-04-10,0,0,0,1,0,1,1990,https://en.wikipedia.org/wiki/Taher_Abouzeid
50,P-64134,Abramczik,Rüdiger,1956-02-18,0,0,0,0,1,1,1978,https://en.wikipedia.org/wiki/R%C3%BCdiger_Abramczik
51,P-51300,Abrami,Lahcen,1969-12-31,0,0,1,0,0,1,1998,https://en.wikipedia.org/wiki/Lahcen_Abrami
53,P-64372,Abreu,Sebastián,1976-10-17,0,0,0,0,1,2,"2002, 2010",https://en.wikipedia.org/wiki/Sebasti%C3%A1n_Abreu
57,P-17067,Aceros,Germán,1938-09-30,0,0,0,0,1,1,1962,https://en.wikipedia.org/wiki/Germ%C3%A1n_Aceros
60,P-48167,Acevedo,Eduardo Mario,1959-09-25,0,0,1,0,0,1,1986,https://en.wikipedia.org/wiki/Eduardo_Mario_Acevedo
63,P-29870,Achilier,Gabriel,1985-03-24,0,0,1,0,0,1,2014,https://en.wikipedia.org/wiki/Gabriel_Achilier
65,P-67954,Aćimović,Jovan,1948-06-21,0,0,0,1,0,1,1974,https://en.wikipedia.org/wiki/Jovan_A%C4%87imovi%C4%87
66,P-44943,Ačimovič,Milenko,1977-02-15,0,0,0,0,1,1,2002,https://en.wikipedia.org/wiki/Milenko_A%C4%8Dimovi%C4%8D
67,P-65320,Acosta,Jhonny,1983-07-21,0,0,1,0,0,2,"2014, 2018",https://en.wikipedia.org/wiki/Jhonny_Acosta
68,P-86410,Acosta,Kellyn,1995-07-24,0,0,0,1,0,1,2022,https://en.wikipedia.org/wiki/Kellyn_Acosta
70,P-63370,Acquah,Afriyie,1992-01-05,0,0,0,1,0,1,2014,https://en.wikipedia.org/wiki/Afriyie_Acquah
71,P-43934,Acuña,Clarence,1975-02-08,0,0,0,1,0,1,1998,https://en.wikipedia.org/wiki/Clarence_Acu%C3%B1a
73,P-73712,Acuña,Marcos,1991-10-28,0,0,1,1,0,2,"2018, 2022",https://en.wikipedia.org/wiki/Marcos_Acu%C3%B1a
74,P-17884,Acuña,Roberto,1972-03-25,0,0,0,1,0,3,"1998, 2002, 2006",https://en.wikipedia.org/wiki/Roberto_Acu%C3%B1a
76,P-26945,Adamache,Stere,1941-08-17,0,1,0,0,0,1,1970,https://en.wikipedia.org/wiki/Stere_Adamache
77,P-34289,Adamec,Jozef,1942-02-26,0,0,0,0,1,2,"1962, 1970",https://en.wikipedia.org/wiki/Jozef_Adamec
81,P-54003,Adams,Tony,1966-10-10,0,0,1,0,0,1,1998,https://en.wikipedia.org/wiki/Tony_Adams
82,P-14151,Adams,Tyler,1999-02-14,0,0,0,1,0,1,2022,https://en.wikipedia.org/wiki/Tyler_Adams
85,P-77757,Addo,Eric,1978-11-12,0,0,1,0,0,1,2006,https://en.wikipedia.org/wiki/Eric_Addo
86,P-23846,Addo,Otto,1975-06-09,0,0,0,0,1,1,2006,https://en.wikipedia.org/wiki/Otto_Addo
87,P-56284,Addy,Lee,1985-09-26,0,0,1,0,0,1,2010,https://en.wikipedia.org/wiki/Lee_Addy
88,P-48772,Adebayor,Emmanuel,1984-02-26,0,0,0,0,1,1,2006,https://en.wikipedia.org/wiki/Emmanuel_Adebayor
89,P-55821,Adekugbe,Sam,1995-01-16,0,0,1,0,0,1,2022,https://en.wikipedia.org/wiki/Sam_Adekugbe
90,P-03894,Adelardo,not applicable,1939-09-26,0,0,0,1,0,2,"1962, 1966",https://en.wikipedia.org/wiki/Adelardo_Rodr%C3%ADguez
92,P-49381,Ademir,not applicable,1922-11-08,0,0,0,0,1,1,1950,https://en.wikipedia.org/wiki/Ademir_Marques_de_Menezes
93,P-56969,Adepoju,Mutiu,1970-12-22,0,0,0,1,0,3,"1994, 1998, 2002",https://en.wikipedia.org/wiki/Mutiu_Adepoju
95,P-65216,Adiyiah,Dominic,1989-11-29,0,0,0,0,1,1,2010,https://en.wikipedia.org/wiki/Dominic_Adiyiah
98,P-67189,Adomah,Albert,1987-12-13,0,0,0,1,0,1,2014,https://en.wikipedia.org/wiki/Albert_Adomah
100,P-20372,Adriano,not applicable,1982-02-17,0,0,0,0,1,1,2006,"https://en.wikipedia.org/wiki/Adriano_(footballer,_born_1982)"
101,P-47833,Advíncula,Luis,1990-03-02,0,0,1,0,0,1,2018,https://en.wikipedia.org/wiki/Luis_Adv%C3%ADncula
102,P-32222,Aebischer,Michel,1997-01-06,0,0,0,1,0,1,2022,https://en.wikipedia.org/wiki/Michel_Aebischer
106,P-81141,Afellay,Ibrahim,1986-04-02,0,0,0,1,0,1,2010,https://en.wikipedia.org/wiki/Ibrahim_Afellay
107,P-05368,Afful,Harrison,1986-06-24,0,0,1,0,0,1,2014,https://en.wikipedia.org/wiki/Harrison_Afful
108,P-47319,Afif,Akram,1996-11-18,0,0,0,0,1,1,2022,https://en.wikipedia.org/wiki/Akram_Afif
109,P-55727,Afolabi,Rabiu,1980-04-18,0,0,1,0,0,2,"2002, 2010",https://en.wikipedia.org/wiki/Rabiu_Afolabi
110,P-76618,Afonin,Valentin,1939-12-22,0,0,1,1,0,2,"1966, 1970",https://en.wikipedia.org/wiki/Valentin_Afonin
113,P-30416,Agassa,Kossi,1978-07-02,0,1,0,0,0,1,2006,https://en.wikipedia.org/wiki/Kossi_Agassa
115,P-68499,Agbo,Hans,1967-09-26,0,0,1,0,0,1,1994,https://en.wikipedia.org/wiki/Hans_Agbo
116,P-08310,Agboh,Kuami,1977-12-28,0,0,0,1,0,1,2006,https://en.wikipedia.org/wiki/Kuami_Agboh
118,P-52264,Agger,Daniel,1984-12-12,0,0,1,0,0,1,2010,https://en.wikipedia.org/wiki/Daniel_Agger
119,P-74228,Aghahowa,Julius,1982-02-12,0,0,0,0,1,1,2002,https://en.wikipedia.org/wiki/Julius_Aghahowa
121,P-72797,Agoos,Jeff,1968-05-02,0,0,1,0,0,2,"1998, 2002",https://en.wikipedia.org/wiki/Jeff_Agoos
122,P-44105,Agrebi,Hamadi,1951-03-20,0,0,0,1,0,1,1978,https://en.wikipedia.org/wiki/Mohamed_Ben_Rehaiem
124,P-77856,Águas,Rui,1960-04-28,0,0,0,0,1,1,1986,https://en.wikipedia.org/wiki/Rui_%C3%81guas_(footballer)
125,P-47490,Aguerd,Nayef,1996-03-30,0,0,1,0,0,1,2022,https://en.wikipedia.org/wiki/Nayef_Aguerd
126,P-17292,Agüero,Juan Bautista,1935-06-24,0,0,0,0,1,1,1958,https://en.wikipedia.org/wiki/Juan_Bautista_Ag%C3%BCero
127,P-36870,Agüero,Sergio,1988-06-02,0,0,0,0,1,3,"2010, 2014, 2018",https://en.wikipedia.org/wiki/Sergio_Ag%C3%BCero
129,P-76705,Aguilar,Abel,1985-01-06,0,0,0,1,0,2,"2014, 2018",https://en.wikipedia.org/wiki/Abel_Aguilar
131,P-01835,Aguilar,Paul,1986-03-06,0,0,1,0,0,2,"2010, 2014",https://en.wikipedia.org/wiki/Paul_Aguilar
133,P-44957,Aguilera,Brandon,2003-06-28,0,0,0,1,0,1,2022,https://en.wikipedia.org/wiki/Brandon_Aguilera
134,P-57189,Aguilera,Carlos,1964-09-21,0,0,0,0,1,2,"1986, 1990",https://en.wikipedia.org/wiki/Carlos_Aguilera_(Uruguayan_footballer)
135,P-08700,Aguilera,Carlos,1969-05-22,0,0,1,0,0,1,1998,https://en.wikipedia.org/wiki/Carlos_Aguilera_(Spanish_footballer)
139,P-23101,Aguinaga,Álex,1968-07-09,0,0,0,1,0,1,2002,https://en.wikipedia.org/wiki/%C3%81lex_Aguinaga
141,P-59792,Aguirre,Javier,1958-12-01,0,0,0,1,0,1,1986,https://en.wikipedia.org/wiki/Javier_Aguirre
143,P-89904,Agyemang-Badu,Emmanuel,1990-12-02,0,0,0,1,0,1,2014,https://en.wikipedia.org/wiki/Emmanuel_Agyemang-Badu
144,P-30429,Ahlström,Thomas,1952-07-17,0,0,0,1,0,1,1974,https://en.wikipedia.org/wiki/Thomas_Ahlstr%C3%B6m
148,P-33804,Ahmed,Homam,1999-08-25,0,0,1,0,0,1,2022,https://en.wikipedia.org/wiki/Homam_Ahmed
150,P-26616,Ahn,Jung-hwan,1976-01-27,0,0,0,0,1,3,"2002, 2006, 2010",https://en.wikipedia.org/wiki/Ahn_Jung-hwan
152,P-34039,Ahumada,Sergio,1948-10-02,0,0,0,0,1,1,1974,https://en.wikipedia.org/wiki/Sergio_Ahumada
156,P-22801,Aigner,Ernst,1966-10-31,0,0,1,0,0,1,1990,https://en.wikipedia.org/wiki/Ernst_Aigner
157,P-25906,Aimar,Pablo,1979-11-03,0,0,0,1,0,2,"2002, 2006",https://en.wikipedia.org/wiki/Pablo_Aimar
162,P-08096,Aitken,Roy,1958-11-24,0,0,1,0,0,2,"1986, 1990",https://en.wikipedia.org/wiki/Roy_Aitken
169,P-48722,Akalé,Kanga,1981-03-07,0,0,0,1,0,1,2006,https://en.wikipedia.org/wiki/Kanga_Akal%C3%A9
170,P-23925,Akanji,Manuel,1995-07-19,0,0,1,0,0,2,"2018, 2022",https://en.wikipedia.org/wiki/Manuel_Akanji
171,P-64438,Aké,Nathan,1995-02-18,0,0,1,0,0,1,2022,https://en.wikipedia.org/wiki/Nathan_Ak%C3%A9
174,P-47488,Akid,Mohamed,1949-07-05,0,0,0,0,1,1,1978,https://en.wikipedia.org/wiki/Mohamed_Akid
176,P-95453,Akinfeev,Igor,1986-04-08,0,1,0,0,0,2,"2014, 2018",https://en.wikipedia.org/wiki/Igor_Akinfeev
177,P-34956,Akita,Yutaka,1970-08-06,0,0,1,0,0,2,"1998, 2002",https://en.wikipedia.org/wiki/Yutaka_Akita
182,P-07482,Akwá,not applicable,1977-05-30,0,0,0,0,1,1,2006,https://en.wikipedia.org/wiki/Akw%C3%A1
183,P-48288,Akwuegbu,Benedict,1974-11-03,0,0,0,0,1,1,2002,https://en.wikipedia.org/wiki/Benedict_Akwuegbu
184,P-79130,Akyel,Fatih,1977-12-26,0,0,1,0,0,1,2002,https://en.wikipedia.org/wiki/Fatih_Akyel
185,P-76864,Al-Abed,Nawaf,1990-01-26,0,0,0,1,0,1,2022,https://en.wikipedia.org/wiki/Nawaf_Al-Abed
186,P-45581,Al-Aboud,Abdulrahman,1995-06-01,0,0,0,0,1,1,2022,https://en.wikipedia.org/wiki/Abdulrahman_Al-Aboud
187,P-12335,Al-Amri,Abdulelah,1997-01-15,0,0,1,0,0,1,2022,https://en.wikipedia.org/wiki/Abdulelah_Al-Amri
188,P-22789,Al-Anazi,Awad,1968-09-24,0,0,1,0,0,1,1994,https://en.wikipedia.org/wiki/Awad_Al-Anazi
189,P-88607,Al-Anberi,Abdulaziz,1954-01-03,0,0,0,0,1,1,1982,https://en.wikipedia.org/wiki/Abdulaziz_Al-Anberi
193,P-23379,Al-Bishi,Fahad,1965-09-10,0,0,0,1,0,1,1994,https://en.wikipedia.org/wiki/Fahad_Al-Bishi
195,P-94422,Al-Breik,Mohammed,1992-09-15,0,0,1,0,0,2,"2018, 2022",https://en.wikipedia.org/wiki/Mohammed_Al-Breik
196,P-87284,Al-Bulaihi,Ali,1989-11-21,0,0,1,0,0,2,"2018, 2022",https://en.wikipedia.org/wiki/Ali_Al-Bulaihi
198,P-49203,Al-Buloushi,Abdullah,1960-02-16,0,0,0,0,1,1,1982,https://en.wikipedia.org/wiki/Abdullah_Al-Buloushi
199,P-89845,Al-Buraikan,Firas,2000-05-14,0,0,0,0,1,1,2022,https://en.wikipedia.org/wiki/Firas_Al-Buraikan
200,P-33410,Al-Dakhil,Faisal,1957-08-13,0,0,0,0,1,1,1982,https://en.wikipedia.org/wiki/Faisal_Al-Dakhil
202,P-10907,Al-Dawsari,Nasser,1998-12-19,0,0,0,1,0,1,2022,https://en.wikipedia.org/wiki/Nasser_Al-Dawsari
203,P-70583,Al-Dawsari,Salem,1991-08-19,0,0,0,1,1,2,"2018, 2022",https://en.wikipedia.org/wiki/Salem_Al-Dawsari
204,P-12996,Al-Deayea,Mohamed,1972-08-02,0,1,0,0,0,4,"1994, 1998, 2002, 2006",https://en.wikipedia.org/wiki/Mohamed_Al-Deayea
205,P-53448,Al-Dokhi,Ahmed,1976-10-25,0,0,1,0,0,3,"1998, 2002, 2006",https://en.wikipedia.org/wiki/Ahmed_Dokhi
206,P-60332,Al-Dosari,Abdullah,1969-11-01,0,0,1,0,0,1,1994,https://en.wikipedia.org/wiki/Abdullah_Al-Dosari
207,P-17941,Al-Dosari,Khamis,1973-09-08,0,0,0,1,0,2,"1998, 2002",https://en.wikipedia.org/wiki/Khamis_Al-Dosari
208,P-85019,Al-Dosari,Obeid,1975-10-02,0,0,0,0,1,2,"1998, 2002",https://en.wikipedia.org/wiki/Obeid_Al-Dosari
209,P-93688,Al-Faraj,Salman,1989-08-01,0,0,0,1,0,2,"2018, 2022",https://en.wikipedia.org/wiki/Salman_Al-Faraj
210,P-00585,Al-Ghamdi,Omar,1979-04-11,0,0,0,1,0,2,"2002, 2006",https://en.wikipedia.org/wiki/Omar_Al-Ghamdi
212,P-06789,Al-Ghannam,Sultan,1994-05-06,0,0,1,0,0,1,2022,https://en.wikipedia.org/wiki/Sultan_Al-Ghannam
213,P-39267,Al-Ghesheyan,Fahad,1973-08-01,0,0,0,0,1,1,1994,https://en.wikipedia.org/wiki/Fahad_Al-Ghesheyan
214,P-17103,Al-Haddad,Abdulrahman,1966-03-23,0,0,1,0,0,1,1990,https://en.wikipedia.org/wiki/Abdulrahman_Al-Haddad
218,P-81321,Al-Harbi,Ibrahim,1975-07-10,0,0,0,1,0,1,1998,https://en.wikipedia.org/wiki/Ibrahim_Al-Harbi
221,P-88984,Al-Harthi,Saad,1984-02-03,0,0,0,0,1,1,2006,https://en.wikipedia.org/wiki/Saad_Al-Harthi
223,P-45413,Al-Hassan,Ali,1997-03-04,0,0,0,1,0,1,2022,https://en.wikipedia.org/wiki/Ali_Al-Hassan
224,P-38732,Al-Haydos,Hassan,1990-12-11,0,0,0,1,0,1,2022,https://en.wikipedia.org/wiki/Hassan_Al-Haydos
226,P-90628,Al-Houti,Saad,1954-05-24,0,0,0,1,0,1,1982,https://en.wikipedia.org/wiki/Saad_Al-Houti
227,P-88041,Al-Jaber,Sami,1972-12-11,0,0,0,0,1,4,"1994, 1998, 2002, 2006",https://en.wikipedia.org/wiki/Sami_Al-Jaber
228,P-55518,Al-Jahani,Mohammed,1974-09-28,0,0,1,0,0,2,"1998, 2002",https://en.wikipedia.org/wiki/Mohammed_Al-Jahani
230,P-68738,Al-Jasem,Waleed,1959-11-18,0,0,1,0,0,1,1982,https://en.wikipedia.org/wiki/Waleed_Al-Jasem
231,P-66636,Al-Jassim,Taisir,1984-07-25,0,0,0,1,0,1,2018,https://en.wikipedia.org/wiki/Taisir_Al-Jassim
232,P-26868,Al-Jumaan,Abdullah,1977-11-10,0,0,0,0,1,1,2002,https://en.wikipedia.org/wiki/Abdullah_Al-Jumaan
235,P-76946,Al-Khathran,Abdulaziz,1973-07-31,0,0,1,1,0,2,"2002, 2006",https://en.wikipedia.org/wiki/Abdulaziz_Khathran
236,P-44462,Al-Khilaiwi,Mohammed,1971-08-21,0,0,1,0,0,2,"1994, 1998",https://en.wikipedia.org/wiki/Mohammed_Al-Khilaiwi
238,P-20216,Al-Malki,Abdulellah,1994-10-11,0,0,0,1,0,1,2022,https://en.wikipedia.org/wiki/Abdulellah_Al-Malki
239,P-61496,Al-Mayouf,Abdullah,1987-01-23,0,1,0,0,0,1,2018,https://en.wikipedia.org/wiki/Abdullah_Al-Mayouf
240,P-89920,Al-Mehallel,Fahad,1970-11-11,0,0,0,0,1,2,"1994, 1998",https://en.wikipedia.org/wiki/Fahad_Al-Mehallel
241,P-77853,Al-Mogahwi,Housain,1988-03-24,0,0,0,1,0,1,2018,https://en.wikipedia.org/wiki/Housain_Al-Mogahwi
242,P-48279,Al-Montashari,Hamad,1982-06-22,0,0,1,0,0,1,2006,https://en.wikipedia.org/wiki/Hamad_Al-Montashari
243,P-40442,Al-Mosailem,Yasser,1984-02-27,0,1,0,0,0,1,2018,https://en.wikipedia.org/wiki/Yasser_Al-Mosailem
244,P-24301,Al-Muwallad,Fahad,1994-09-14,0,0,0,0,1,1,2018,https://en.wikipedia.org/wiki/Fahad_Al-Muwallad
245,P-78753,Al-Muwallid,Khalid,1971-11-23,0,0,0,1,0,2,"1994, 1998",https://en.wikipedia.org/wiki/Khaled_Al-Muwallid
246,P-87569,Al-Najei,Sami,1997-02-07,0,0,0,1,0,1,2022,https://en.wikipedia.org/wiki/Sami_Al-Najei
247,P-41428,Al-Owairan,Saeed,1967-08-19,0,0,0,1,1,2,"1994, 1998",https://en.wikipedia.org/wiki/Saeed_Al-Owairan
248,P-85438,Al-Owais,Mohammed,1991-10-10,0,1,0,0,0,2,"2018, 2022",https://en.wikipedia.org/wiki/Mohammed_Al-Owais
251,P-87114,Al-Qahtani,Yasser,1982-10-10,0,0,0,0,1,1,2006,https://en.wikipedia.org/wiki/Yasser_Al-Qahtani
252,P-15161,Al-Rawi,Bassam,1997-12-16,0,0,1,0,0,1,2022,https://en.wikipedia.org/wiki/Bassam_Al-Rawi
255,P-83734,Al-Sahlawi,Mohammad,1987-01-10,0,0,0,0,1,1,2018,https://en.wikipedia.org/wiki/Mohammad_Al-Sahlawi
256,P-92151,Al-Shahrani,Ibrahim,1974-07-21,0,0,0,1,1,2,"1998, 2002",https://en.wikipedia.org/wiki/Ibrahim_Al-Shahrani
257,P-45457,Al-Shahrani,Yasser,1992-05-25,0,0,1,0,0,2,"2018, 2022",https://en.wikipedia.org/wiki/Yasser_Al-Shahrani
258,P-11262,Al-Shalhoub,Mohammad,1980-12-08,0,0,0,1,0,2,"2002, 2006",https://en.wikipedia.org/wiki/Mohammad_Al-Shalhoub
259,P-70879,Al-Sheeb,Saad,1990-02-19,0,1,0,0,0,1,2022,https://en.wikipedia.org/wiki/Saad_Al-Sheeb
260,P-48349,Al-Shehri,Fouzi,1980-05-15,0,0,1,0,0,1,2002,https://en.wikipedia.org/wiki/Fouzi_Al-Shehri
261,P-37308,Al-Shehri,Saleh,1993-11-01,0,0,0,0,1,1,2022,https://en.wikipedia.org/wiki/Saleh_Al-Shehri
262,P-23568,Al-Shehri,Yahya,1990-06-26,0,0,0,1,0,1,2018,https://en.wikipedia.org/wiki/Yahya_Al-Shehri
263,P-61662,Al-Shemmari,Hamoud,1960-09-26,0,0,1,0,0,1,1982,https://en.wikipedia.org/wiki/Hamoud_Al-Shemmari
264,P-88598,Al-Suwayed,Yussef,1958-09-20,0,0,0,1,0,1,1982,https://en.wikipedia.org/wiki/Yussef_Al-Suwayed
266,P-11032,Al-Talyani,Adnan,1964-10-30,0,0,0,0,1,1,1990,https://en.wikipedia.org/wiki/Adnan_Al_Talyani
267,P-93173,Al-Tambakti,Hassan,1999-02-09,0,0,1,0,0,1,2022,https://en.wikipedia.org/wiki/Hassan_Al-Tambakti
268,P-21692,Al-Tarabulsi,Ahmed,1947-03-22,0,1,0,0,0,1,1982,https://en.wikipedia.org/wiki/Ahmed_Al-Tarabulsi
269,P-20886,Al-Temyat,Nawaf,1976-06-28,0,0,0,1,0,3,"1998, 2002, 2006",https://en.wikipedia.org/wiki/Nawaf_Al-Temyat
271,P-30161,Al-Thunayan,Yousuf,1963-11-18,0,0,0,1,0,1,1998,https://en.wikipedia.org/wiki/Yousuf_Al-Thunayan
272,P-75813,Al-Waked,Abdullah,1975-09-29,0,0,0,1,0,1,2002,https://en.wikipedia.org/wiki/Abdullah_Al-Waked
273,P-00683,Al-Yami,Al Hasan,1972-08-21,0,0,0,0,1,1,2002,https://en.wikipedia.org/wiki/Al_Hasan_Al-Yami
274,P-57100,Alaaeldin,Ahmed,1993-01-31,0,0,0,0,1,1,2022,https://en.wikipedia.org/wiki/Ahmed_Alaaeldin
275,P-30493,Aladzhov,Stefan,1947-10-18,0,0,1,0,0,2,"1970, 1974",https://en.wikipedia.org/wiki/Stefan_Aladzhov
277,P-50217,Alaoui,Ahmed,1949-01-01,0,0,0,0,1,1,1970,https://en.wikipedia.org/wiki/Ahmed_Alaoui
278,P-62567,Alaoui,Zakaria,1966-06-17,0,1,0,0,0,1,1994,https://en.wikipedia.org/wiki/Zakaria_Alaoui
279,P-01416,Alba,Jordi,1989-03-21,0,0,1,0,0,3,"2014, 2018, 2022",https://en.wikipedia.org/wiki/Jordi_Alba
281,P-21683,Albelda,David,1977-09-01,0,0,0,1,0,2,"2002, 2006",https://en.wikipedia.org/wiki/David_Albelda
282,P-21188,Albert,Flórián,1941-09-15,0,0,0,1,1,2,"1962, 1966","https://en.wikipedia.org/wiki/Fl%C3%B3ri%C3%A1n_Albert,_Sr."
283,P-43307,Albert,Philippe,1967-08-10,0,0,1,0,0,2,"1990, 1994",https://en.wikipedia.org/wiki/Philippe_Albert
284,P-87231,Albertini,Demetrio,1971-08-23,0,0,0,1,0,2,"1994, 1998",https://en.wikipedia.org/wiki/Demetrio_Albertini
285,P-25829,Alberto,Carlos,1944-07-17,0,0,1,0,0,1,1970,https://en.wikipedia.org/wiki/Carlos_Alberto_Torres
286,P-70569,Alberto,Julio,1958-10-07,0,0,1,0,0,1,1986,https://en.wikipedia.org/wiki/Julio_Alberto
287,P-73673,Albertosi,Enrico,1939-11-02,0,1,0,0,0,4,"1962, 1966, 1970, 1974",https://en.wikipedia.org/wiki/Enrico_Albertosi
288,P-24647,Albiol,Raúl,1985-09-04,0,0,1,0,0,2,"2010, 2014",https://en.wikipedia.org/wiki/Ra%C3%BAl_Albiol
289,P-39517,Albiston,Arthur,1957-07-14,0,0,1,0,0,1,1986,https://en.wikipedia.org/wiki/Arthur_Albiston
297,P-87859,Alcaraz,Antolín,1982-07-30,0,0,1,0,0,1,2010,https://en.wikipedia.org/wiki/Antol%C3%ADn_Alcaraz
301,P-56505,Aldair,not applicable,1965-11-30,0,0,1,0,0,3,"1990, 1994, 1998",https://en.wikipedia.org/wiki/Aldair
302,P-70547,Alderweireld,Toby,1989-03-02,0,0,1,0,0,3,"2014, 2018, 2022",https://en.wikipedia.org/wiki/Toby_Alderweireld
303,P-42603,Aldridge,John,1958-09-18,0,0,0,0,1,2,"1990, 1994",https://en.wikipedia.org/wiki/John_Aldridge
304,P-86677,Aleinikov,Sergei,1961-11-07,0,0,0,1,0,2,"1986, 1990",https://en.wikipedia.org/wiki/Sergei_Aleinikov
307,P-76896,Alemão,not applicable,1961-11-22,0,0,0,1,0,2,"1986, 1990","https://en.wikipedia.org/wiki/Alem%C3%A3o_(footballer,_born_1961)"
309,P-51792,Alenichev,Dmitri,1972-10-20,0,0,0,1,0,1,2002,https://en.wikipedia.org/wiki/Dmitri_Alenichev
311,P-05318,Alexander-Arnold,Trent,1998-10-07,0,0,1,0,0,2,"2018, 2022",https://en.wikipedia.org/wiki/Trent_Alexander-Arnold
312,P-42808,Alexandersson,Niclas,1971-12-29,0,0,0,1,0,2,"2002, 2006",https://en.wikipedia.org/wiki/Niclas_Alexandersson
313,P-80966,Alexandris,Alexis,1968-10-21,0,0,0,0,1,1,1994,https://en.wikipedia.org/wiki/Alexis_Alexandris
314,P-22433,Alexanko,José Ramón,1956-05-19,0,0,1,0,0,1,1982,https://en.wikipedia.org/wiki/Jos%C3%A9_Ram%C3%B3n_Alexanko
315,P-20597,Alexiou,Alexis,1963-09-08,0,0,1,0,0,1,1994,https://en.wikipedia.org/wiki/Alexandros_Alexiou
316,P-98623,Alexoudis,Alexis,1972-06-20,0,0,0,0,1,1,1994,https://en.wikipedia.org/wiki/Alexis_Alexoudis
317,P-21488,Alfaro,Mauricio,1956-02-13,0,0,0,1,0,1,1982,https://en.wikipedia.org/wiki/Mauricio_Alfaro
319,P-00034,Alfonso,not applicable,1972-09-26,0,0,0,0,1,1,1998,https://en.wikipedia.org/wiki/Alfonso_P%C3%A9rez
320,P-83086,Alfredo,not applicable,1920-01-01,0,0,0,0,1,1,1950,https://en.wikipedia.org/wiki/Alfredo_Ramos_dos_Santos
322,P-06277,Alfredo,not applicable,1946-10-18,0,0,1,0,0,1,1974,https://en.wikipedia.org/wiki/Alfredo_Mostarda_Filho
324,P-01930,Ali,Almoez,1996-08-19,0,0,0,0,1,1,2022,https://en.wikipedia.org/wiki/Almoez_Ali
329,P-21531,Alisson,not applicable,1992-10-02,0,1,0,0,0,2,"2018, 2022",https://en.wikipedia.org/wiki/Alisson
330,P-76590,Alkorta,Rafael,1968-09-16,0,0,1,0,0,3,"1990, 1994, 1998",https://en.wikipedia.org/wiki/Rafael_Alkorta
331,P-85841,Allahverdi,Javad,1954-07-16,0,0,1,0,0,1,1978,https://en.wikipedia.org/wiki/Javad_Allahverdi
334,P-08949,Allawi,Khalil,1958-09-06,0,0,1,0,0,1,1986,https://en.wikipedia.org/wiki/Khalil_Allawi
335,P-45212,Allbäck,Marcus,1973-07-05,0,0,0,0,1,2,"2002, 2006",https://en.wikipedia.org/wiki/Marcus_Allb%C3%A4ck
336,P-71223,Allchurch,Ivor,1929-10-16,0,0,0,0,1,1,1958,https://en.wikipedia.org/wiki/Ivor_Allchurch
341,P-92761,Allen,Joe,1990-03-14,0,0,0,1,0,1,2022,https://en.wikipedia.org/wiki/Joe_Allen
346,P-83363,Alli,Dele,1996-04-11,0,0,0,1,0,1,2018,https://en.wikipedia.org/wiki/Dele_Alli
348,P-95392,Allofs,Klaus,1956-12-05,0,0,0,0,1,1,1986,https://en.wikipedia.org/wiki/Klaus_Allofs
350,P-56659,Almada,Thiago,2001-04-26,0,0,0,1,0,1,2022,https://en.wikipedia.org/wiki/Thiago_Almada
353,P-75772,Almeida,André,1990-09-10,0,0,1,0,0,1,2014,https://en.wikipedia.org/wiki/Andr%C3%A9_Almeida
354,P-14428,Almeida,Hugo,1984-05-23,0,0,0,0,1,2,"2010, 2014",https://en.wikipedia.org/wiki/Hugo_Almeida
356,P-88203,Almeyda,Matías,1973-12-21,0,0,0,1,0,2,"1998, 2002",https://en.wikipedia.org/wiki/Mat%C3%ADas_Almeyda
359,P-84240,Almond,Bobby,1951-04-16,0,0,1,0,0,1,1982,https://en.wikipedia.org/wiki/Bobby_Almond
361,P-59039,Aloisi,John,1976-02-05,0,0,0,0,1,1,2006,https://en.wikipedia.org/wiki/John_Aloisi
364,P-44317,Alonso,Norberto,1953-01-04,0,0,0,1,0,1,1978,https://en.wikipedia.org/wiki/Norberto_Alonso
365,P-40490,Alonso,Periko,1953-02-01,0,0,0,1,0,1,1982,https://en.wikipedia.org/wiki/Miguel_%C3%81ngel_Alonso
366,P-73924,Alonso,Xabi,1981-11-25,0,0,0,1,0,3,"2006, 2010, 2014",https://en.wikipedia.org/wiki/Xabi_Alonso
368,P-31090,Alston,Adrian,1949-02-06,0,0,0,0,1,1,1974,https://en.wikipedia.org/wiki/Adrian_Alston
369,P-60629,Altafini,José,1938-07-24,0,0,0,0,1,2,"1958, 1962",https://en.wikipedia.org/wiki/Jos%C3%A9_Altafini
371,P-07475,Altidore,Jozy,1989-11-06,0,0,0,0,1,2,"2010, 2014",https://en.wikipedia.org/wiki/Jozy_Altidore
372,P-46574,Altobelli,Alessandro,1955-11-28,0,0,0,0,1,2,"1982, 1986",https://en.wikipedia.org/wiki/Alessandro_Altobelli
378,P-73491,Alvarado,Roberto,1998-09-07,0,0,0,0,1,1,2022,https://en.wikipedia.org/wiki/Roberto_Alvarado
379,P-87796,Alvarenga,Guido,1970-08-24,0,0,0,1,0,1,2002,https://en.wikipedia.org/wiki/Guido_Alvarenga
380,P-97689,Álvarez,Édgar,1980-01-09,0,0,0,1,0,1,2010,https://en.wikipedia.org/wiki/%C3%89dgar_%C3%81lvarez
381,P-26546,Álvarez,Edson,1997-10-24,0,0,1,0,0,2,"2018, 2022",https://en.wikipedia.org/wiki/Edson_%C3%81lvarez
384,P-19776,Álvarez,Julián,2000-01-31,0,0,0,0,1,1,2022,https://en.wikipedia.org/wiki/Juli%C3%A1n_%C3%81lvarez_(footballer)
385,P-09058,Álvarez,Kevin,1999-01-15,0,0,1,0,0,1,2022,"https://en.wikipedia.org/wiki/Kevin_%C3%81lvarez_(footballer,_born_1999)"
386,P-10890,Álvarez,Leonel,1965-07-29,0,0,0,1,0,2,"1990, 1994","https://en.wikipedia.org/wiki/Leonel_%C3%81lvarez_(footballer,_born_1965)"
387,P-58741,Álvarez,Ricky,1988-04-12,0,0,0,1,0,1,2014,https://en.wikipedia.org/wiki/Ricky_%C3%81lvarez
388,P-86404,Álvarez Balanta,Éder,1993-02-28,0,0,1,0,0,1,2014,https://en.wikipedia.org/wiki/%C3%89der_%C3%81lvarez_Balanta
391,P-31048,Álvaro,not applicable,1961-01-03,0,0,1,0,0,1,1986,https://en.wikipedia.org/wiki/%C3%81lvaro_Magalh%C3%A3es
394,P-76960,Alves,Bruno,1981-11-27,0,0,1,0,0,3,"2010, 2014, 2018",https://en.wikipedia.org/wiki/Bruno_Alves
395,P-09441,Alves,Dani,1983-05-06,0,0,1,0,0,3,"2010, 2014, 2022",https://en.wikipedia.org/wiki/Dani_Alves
396,P-22385,Álvez,Fernando,1959-09-04,0,1,0,0,0,2,"1986, 1990",https://en.wikipedia.org/wiki/Fernando_Alvez
397,P-68463,Alzamendi,Antonio,1956-06-07,0,0,0,0,1,2,"1986, 1990",https://en.wikipedia.org/wiki/Antonio_Alzamendi
401,P-63828,Amador,Rafael,1959-02-16,0,0,1,0,0,1,1986,https://en.wikipedia.org/wiki/Rafael_Amador
402,P-23330,Amallah,Selim,1996-11-15,0,0,0,1,0,1,2022,https://en.wikipedia.org/wiki/Selim_Amallah
404,P-80285,Amancio,not applicable,1939-10-16,0,0,0,0,1,1,1966,https://en.wikipedia.org/wiki/Amancio_Amaro
408,P-54171,Amaral,not applicable,1954-12-25,0,0,1,0,0,1,1978,https://en.wikipedia.org/wiki/Jo%C3%A3o_Justino_Amaral_dos_Santos
409,P-96621,Amarildo,not applicable,1939-06-29,0,0,0,0,1,1,1962,https://en.wikipedia.org/wiki/Amarildo_Tavares_da_Silveira
410,P-19817,Amarilla,Florencio,1935-01-03,0,0,0,0,1,1,1958,https://en.wikipedia.org/wiki/Florencio_Amarilla
411,P-82956,Amartey,Daniel,1994-12-21,0,0,1,0,0,1,2022,https://en.wikipedia.org/wiki/Daniel_Amartey
412,P-28217,Ambríz,Ignacio,1965-02-07,0,0,1,0,0,1,1994,https://en.wikipedia.org/wiki/Ignacio_Ambr%C3%ADz
413,P-66683,Ambrois,Javier,1932-05-09,0,0,0,0,1,1,1954,https://en.wikipedia.org/wiki/Javier_Ambrois
414,P-22192,Ambrose,Efe,1988-10-18,0,0,1,0,0,1,2014,https://en.wikipedia.org/wiki/Efe_Ambrose
415,P-75905,Ambrosi,Paúl,1980-10-14,0,0,1,0,0,1,2006,https://en.wikipedia.org/wiki/Pa%C3%BAl_Ambrosi
416,P-21753,Ameen,Mohammed,1980-04-29,0,0,0,1,0,1,2006,https://en.wikipedia.org/wiki/Mohammed_Ameen
419,P-03886,Ameobi,Shola,1981-10-12,0,0,0,0,1,1,2014,https://en.wikipedia.org/wiki/Shola_Ameobi
423,P-24531,Amiri,Vahid,1988-04-02,0,0,0,1,0,2,"2018, 2022",https://en.wikipedia.org/wiki/Vahid_Amiri
425,P-79316,Amoah,Matthew,1980-10-24,0,0,0,0,1,2,"2006, 2010",https://en.wikipedia.org/wiki/Matthew_Amoah
427,P-84893,Amokachi,Daniel,1972-12-30,0,0,0,0,1,2,"1994, 1998",https://en.wikipedia.org/wiki/Daniel_Amokachi
428,P-61706,Amor,Guillermo,1967-12-04,0,0,0,1,0,1,1998,https://en.wikipedia.org/wiki/Guillermo_Amor
429,P-11629,Amorim,Rúben,1985-01-27,0,0,0,1,0,2,"2010, 2014",https://en.wikipedia.org/wiki/R%C3%BAben_Amorim
430,P-69834,Amoros,Manuel,1962-02-01,0,0,1,0,0,2,"1982, 1986",https://en.wikipedia.org/wiki/Manuel_Amoros
431,P-50398,Ampadu,Ethan,2000-09-14,0,0,1,0,0,1,2022,https://en.wikipedia.org/wiki/Ethan_Ampadu
432,P-37696,Amrabat,Nordin,1987-03-31,0,0,0,1,0,1,2018,https://en.wikipedia.org/wiki/Nordin_Amrabat
433,P-71023,Amrabat,Sofyan,1996-08-21,0,0,0,1,0,2,"2018, 2022",https://en.wikipedia.org/wiki/Sofyan_Amrabat
436,P-22820,Amunike,Emmanuel,1970-12-25,0,0,0,1,0,1,1994,https://en.wikipedia.org/wiki/Emmanuel_Amunike
437,P-28649,Amzine,Gharib,1973-05-03,0,0,0,1,0,1,1998,https://en.wikipedia.org/wiki/Gharib_Amzine
442,P-16478,An,Yong-hak,1978-10-25,0,0,0,1,0,1,2010,https://en.wikipedia.org/wiki/An_Yong-hak
443,P-32265,Anastasi,Pietro,1948-04-07,0,0,0,0,1,1,1974,https://en.wikipedia.org/wiki/Pietro_Anastasi
444,P-13638,Ancelotti,Carlo,1959-06-10,0,0,0,1,0,2,"1986, 1990",https://en.wikipedia.org/wiki/Carlo_Ancelotti
445,P-47978,Ancheta,Atilio,1948-07-19,0,0,1,0,0,1,1970,https://en.wikipedia.org/wiki/Atilio_Ancheta
450,P-04488,Andersen,Henrik,1965-05-07,0,0,1,0,0,1,1986,https://en.wikipedia.org/wiki/Henrik_Andersen
451,P-43705,Andersen,Joachim,1996-05-31,0,0,1,0,0,1,2022,https://en.wikipedia.org/wiki/Joachim_Andersen_(footballer)
458,P-71531,Andersson,Andreas,1974-04-10,0,0,0,0,1,1,2002,"https://en.wikipedia.org/wiki/Andreas_Andersson_(footballer,_born_1974)"
459,P-90911,Andersson,Björn,1951-07-20,0,0,1,0,0,1,1974,https://en.wikipedia.org/wiki/Bj%C3%B6rn_Andersson
460,P-62207,Andersson,Daniel,1977-08-28,0,0,0,1,0,2,"2002, 2006","https://en.wikipedia.org/wiki/Daniel_Andersson_(footballer,_born_1977)"
462,P-38092,Andersson,Harry,1913-03-07,0,0,0,0,1,1,1938,https://en.wikipedia.org/wiki/Harry_Andersson
464,P-60371,Andersson,Kennet,1967-10-06,0,0,0,0,1,1,1994,https://en.wikipedia.org/wiki/Kennet_Andersson
468,P-63774,Andersson,Patrik,1971-08-18,0,0,1,0,0,2,"1994, 2002",https://en.wikipedia.org/wiki/Patrik_Andersson
470,P-60570,Andersson,Roy,1949-08-02,0,0,1,0,0,1,1978,https://en.wikipedia.org/wiki/Roy_Andersson_(footballer)
471,P-91027,Andersson,Sune,1921-02-22,0,0,0,1,0,1,1950,"https://en.wikipedia.org/wiki/Sune_Andersson_(footballer,_born_1921)"
474,P-40570,Anderton,Darren,1972-03-03,0,0,0,1,0,1,1998,https://en.wikipedia.org/wiki/Darren_Anderton
477,P-42321,Andone,Ioan,1960-03-15,0,0,1,0,0,1,1990,https://en.wikipedia.org/wiki/Ioan_Andone
479,P-82191,Andrade,Jorge,1978-04-09,0,0,1,0,0,1,2002,https://en.wikipedia.org/wiki/Jorge_Andrade
482,P-61802,André,António,1957-12-24,0,0,0,1,0,1,1986,https://en.wikipedia.org/wiki/Ant%C3%B3nio_Andr%C3%A9
483,P-67450,André,Fritz,1946-09-18,0,0,1,0,0,1,1974,https://en.wikipedia.org/wiki/Fritz_Andr%C3%A9
492,P-35273,Andreyev,Sergey,1956-05-16,0,0,0,0,1,1,1982,https://en.wikipedia.org/wiki/Sergey_Andreyev_(footballer)
493,P-75527,Andrinúa,Genar,1964-05-09,0,0,1,0,0,1,1990,https://en.wikipedia.org/wiki/Genar_Andrin%C3%BAa
496,P-57240,Anelka,Nicolas,1979-03-14,0,0,0,0,1,1,2010,https://en.wikipedia.org/wiki/Nicolas_Anelka
497,P-23912,Ángel,Miguel,1947-12-24,0,1,0,0,0,2,"1978, 1982","https://en.wikipedia.org/wiki/Miguel_%C3%81ngel_Gonz%C3%A1lez_(footballer,_born_1947)"
499,P-06511,Angibeaud,Didier,1974-10-08,0,0,0,1,0,1,1998,https://en.wikipedia.org/wiki/Didier_Angibeaud
503,P-50270,Annan,Anthony,1986-07-21,0,0,0,1,0,1,2010,https://en.wikipedia.org/wiki/Anthony_Annan
509,P-99158,Anoul,Léopold,1922-08-19,0,0,0,0,1,1,1954,https://en.wikipedia.org/wiki/L%C3%A9opold_Anoul
512,P-53957,Ansarifard,Karim,1990-04-03,0,0,0,0,1,3,"2014, 2018, 2022",https://en.wikipedia.org/wiki/Karim_Ansarifard
513,P-57352,Anselmo,Peregrino,1902-04-30,0,0,0,0,1,1,1930,https://en.wikipedia.org/wiki/Peregrino_Anselmo
514,P-98547,Antenen,Charles,1929-11-03,0,0,0,0,1,3,"1950, 1954, 1962",https://en.wikipedia.org/wiki/Charles_Antenen
515,P-88467,Antognoni,Giancarlo,1954-04-01,0,0,0,1,0,2,"1978, 1982",https://en.wikipedia.org/wiki/Giancarlo_Antognoni
516,P-54786,Antoine,Eddy,1949-08-27,0,0,0,1,0,1,1974,https://en.wikipedia.org/wiki/Eddy_Antoine
519,P-03000,António,José,1957-10-29,0,0,1,0,0,1,1986,https://en.wikipedia.org/wiki/Jos%C3%A9_Ant%C3%B3nio_Bargiela
520,P-15663,Antônio,Marco,1951-02-06,0,0,1,0,0,2,"1970, 1974","https://en.wikipedia.org/wiki/Marco_Ant%C3%B4nio_(footballer,_born_1951)"
521,P-37860,Antony,not applicable,2000-02-24,0,0,0,0,1,1,2022,"https://en.wikipedia.org/wiki/Antony_(footballer,_born_2000)"
522,P-81433,Antuna,Uriel,1997-08-21,0,0,0,0,1,1,2022,https://en.wikipedia.org/wiki/Uriel_Antuna
525,P-21550,Anwar,Fuad,1972-10-13,0,0,0,1,0,2,"1994, 1998",https://en.wikipedia.org/wiki/Fuad_Anwar
528,P-04201,Aogo,Dennis,1987-01-14,0,0,1,0,0,1,2010,https://en.wikipedia.org/wiki/Dennis_Aogo
529,P-18610,Aoudou,Ibrahim,1955-08-23,0,0,1,0,0,1,1982,https://en.wikipedia.org/wiki/Ibrahim_Aoudou
530,P-70237,Aoyama,Toshihiro,1986-02-22,0,0,0,1,0,1,2014,https://en.wikipedia.org/wiki/Toshihiro_Aoyama
532,P-24464,Aparicio,Ernesto,1948-12-28,0,0,0,0,1,1,1970,https://en.wikipedia.org/wiki/Ernesto_Aparicio
533,P-83615,Apolloni,Luigi,1967-05-02,0,0,1,0,0,1,1994,https://en.wikipedia.org/wiki/Luigi_Apolloni
535,P-54632,Apostolakis,Stratos,1964-05-11,0,0,1,0,0,1,1994,https://en.wikipedia.org/wiki/Stratos_Apostolakis
538,P-09728,Appiah,Stephen,1980-12-24,0,0,0,1,0,2,"2006, 2010",https://en.wikipedia.org/wiki/Stephen_Appiah
541,P-77419,Aquino,Javier,1990-02-11,0,0,0,1,0,2,"2014, 2018",https://en.wikipedia.org/wiki/Javier_Aquino
542,P-59720,Aquino,Pedro,1995-04-13,0,0,0,1,0,1,2018,https://en.wikipedia.org/wiki/Pedro_Aquino
544,P-86608,Arabov,Nikolay,1953-02-21,0,0,1,0,0,1,1986,https://en.wikipedia.org/wiki/Nikolay_Arabov
547,P-22391,Aránguiz,Charles,1989-04-17,0,0,0,1,0,1,2014,https://en.wikipedia.org/wiki/Charles_Ar%C3%A1nguiz
552,P-38529,Araujo,Néstor,1991-08-29,0,0,1,0,0,1,2022,https://en.wikipedia.org/wiki/N%C3%A9stor_Araujo
557,P-94275,Arbeloa,Álvaro,1983-01-17,0,0,1,0,0,1,2010,https://en.wikipedia.org/wiki/%C3%81lvaro_Arbeloa
560,P-76678,Arce,Francisco,1971-04-02,0,0,1,0,0,2,"1998, 2002",https://en.wikipedia.org/wiki/Francisco_Arce
561,P-56094,Archibald,Steve,1956-09-27,0,0,0,0,1,2,"1982, 1986",https://en.wikipedia.org/wiki/Steve_Archibald
562,P-84380,Arconada,Luis,1954-06-26,0,1,0,0,0,2,"1978, 1982",https://en.wikipedia.org/wiki/Luis_Arconada
563,P-66254,Ardiles,Osvaldo,1952-08-03,0,0,0,1,0,2,"1978, 1982",https://en.wikipedia.org/wiki/Osvaldo_Ardiles
565,P-92547,Arellano,Jesús,1973-05-08,0,0,0,1,1,3,"1998, 2002, 2006",https://en.wikipedia.org/wiki/Jes%C3%BAs_Arellano
567,P-57595,Arendse,Andre,1967-06-27,0,1,0,0,0,1,2002,https://en.wikipedia.org/wiki/Andre_Arendse
570,P-80668,Arévalo Ríos,Egidio,1982-01-01,0,0,0,1,0,2,"2010, 2014",https://en.wikipedia.org/wiki/Egidio_Ar%C3%A9valo_R%C3%ADos
573,P-03546,Arias,Antonio,1944-10-09,0,0,1,0,0,1,1974,https://en.wikipedia.org/wiki/Antonio_Arias_(footballer)
578,P-01505,Arias,Santiago,1992-01-13,0,0,1,0,0,2,"2014, 2018",https://en.wikipedia.org/wiki/Santiago_Arias
580,P-76247,Aristizábal,Víctor,1971-12-09,0,0,0,0,1,2,"1994, 1998",https://en.wikipedia.org/wiki/V%C3%ADctor_Aristiz%C3%A1bal
585,P-39788,Armani,Franco,1986-10-16,0,1,0,0,0,2,"2018, 2022",https://en.wikipedia.org/wiki/Franco_Armani
587,P-95402,Armero,Pablo,1986-11-02,0,0,1,0,0,1,2014,https://en.wikipedia.org/wiki/Pablo_Armero
589,P-95563,Armstrong,Desmond,1964-11-02,0,0,1,0,0,1,1990,https://en.wikipedia.org/wiki/Desmond_Armstrong
590,P-96985,Armstrong,Gerry,1954-05-23,0,0,0,0,1,2,"1982, 1986",https://en.wikipedia.org/wiki/Gerry_Armstrong_(footballer)
592,P-45419,Árnason,Kári,1982-10-13,0,0,1,0,0,1,2018,https://en.wikipedia.org/wiki/K%C3%A1ri_%C3%81rnason
593,P-00445,Arnesen,Frank,1956-09-30,0,0,0,1,0,1,1986,https://en.wikipedia.org/wiki/Frank_Arnesen
596,P-84458,Aros,Mauricio,1976-03-09,0,0,1,0,0,1,1998,https://en.wikipedia.org/wiki/Mauricio_Aros
602,P-52444,Arroyo,Abdiel,1993-12-13,0,0,0,0,1,1,2018,https://en.wikipedia.org/wiki/Abdiel_Arroyo
603,P-65206,Arroyo,Michael,1987-04-23,0,0,0,1,0,1,2014,https://en.wikipedia.org/wiki/Michael_Arroyo
609,P-47496,Artime,Luis,1938-12-02,0,0,0,0,1,1,1966,https://en.wikipedia.org/wiki/Luis_Artime
610,P-67942,Artner,Peter,1966-05-20,0,0,1,0,0,1,1990,https://en.wikipedia.org/wiki/Peter_Artner
611,P-10167,Arzani,Daniel,1999-01-04,0,0,0,0,1,1,2018,https://en.wikipedia.org/wiki/Daniel_Arzani
612,P-80606,Arzú,Julio César,1954-06-05,0,1,0,0,0,1,1982,https://en.wikipedia.org/wiki/Julio_C%C3%A9sar_Arz%C3%BA
613,P-25543,Asamoah,Gerald,1978-10-03,0,0,0,0,1,2,"2002, 2006",https://en.wikipedia.org/wiki/Gerald_Asamoah
614,P-39956,Asamoah,Kwadwo,1988-12-09,0,0,0,1,0,2,"2010, 2014",https://en.wikipedia.org/wiki/Kwadwo_Asamoah
615,P-46913,Asano,Takuma,1994-11-10,0,0,0,0,1,1,2022,https://en.wikipedia.org/wiki/Takuma_Asano
616,P-21803,Asanović,Aljoša,1965-12-14,0,0,0,1,0,1,1998,https://en.wikipedia.org/wiki/Aljo%C5%A1a_Asanovi%C4%87
618,P-33189,Asatiani,Kakhi,1947-01-01,0,0,0,1,0,1,1970,https://en.wikipedia.org/wiki/Kakhi_Asatiani
619,P-74323,Asencio,Nicolás,1975-04-26,0,0,0,0,1,1,2002,https://en.wikipedia.org/wiki/Nicol%C3%A1s_Asencio
620,P-57837,Asensi,Juan Manuel,1949-09-23,0,0,0,1,0,1,1978,https://en.wikipedia.org/wiki/Juan_Manuel_Asensi
622,P-09400,Asensio,Marco,1996-01-21,0,0,0,1,1,2,"2018, 2022",https://en.wikipedia.org/wiki/Marco_Asensio
625,P-40487,Asiri,Haitham,2001-03-25,0,0,0,0,1,1,2022,https://en.wikipedia.org/wiki/Haitham_Asiri
626,P-52032,Aşık,Emre,1973-12-13,0,0,1,0,0,1,2002,https://en.wikipedia.org/wiki/Emre_A%C5%9F%C4%B1k
630,P-72803,Asparuhov,Georgi,1943-05-04,0,0,0,1,1,3,"1962, 1966, 1970",https://en.wikipedia.org/wiki/Georgi_Asparuhov
631,P-60554,Aspas,Iago,1987-08-01,0,0,0,0,1,1,2018,https://en.wikipedia.org/wiki/Iago_Aspas
632,P-10444,Asprilla,Faustino,1969-11-10,0,0,0,0,1,2,"1994, 1998",https://en.wikipedia.org/wiki/Faustino_Asprilla
633,P-40338,Assad,Salah,1958-03-13,0,0,0,0,1,2,"1982, 1986",https://en.wikipedia.org/wiki/Salah_Assad
634,P-51678,Assadalla,Ali,1993-01-19,0,0,0,1,0,1,2022,https://en.wikipedia.org/wiki/Ali_Assadalla
635,P-00077,Assemoassa,Ludovic,1980-09-18,0,0,1,0,0,1,2006,https://en.wikipedia.org/wiki/Ludovic_Assemoassa
637,P-36522,Assiri,Muhannad,1986-10-14,0,0,0,0,1,1,2018,https://en.wikipedia.org/wiki/Muhannad_Assiri
638,P-44116,Assou-Ekotto,Benoît,1984-03-24,0,0,1,0,0,2,"2010, 2014",https://en.wikipedia.org/wiki/Beno%C3%AEt_Assou-Ekotto
640,P-27328,Astle,Jeff,1942-05-13,0,0,0,0,1,1,1970,https://en.wikipedia.org/wiki/Jeff_Astle
647,P-51990,Ati-Zigi,Lawrence,1996-11-29,0,1,0,0,0,1,2022,https://en.wikipedia.org/wiki/Lawrence_Ati-Zigi
648,P-09062,Atkinson,Nathaniel,1999-06-13,0,0,1,0,0,1,2022,https://en.wikipedia.org/wiki/Nathaniel_Atkinson
649,P-24277,Atmatsidis,Elias,1969-04-24,0,1,0,0,0,1,1994,https://en.wikipedia.org/wiki/Elias_Atmatsidis
651,P-48310,Atsu,Christian,1992-01-10,0,0,0,1,0,1,2014,https://en.wikipedia.org/wiki/Christian_Atsu
653,P-91543,Attiyat Allah,Yahia,1995-03-02,0,0,1,0,0,1,2022,https://en.wikipedia.org/wiki/Yahia_Attiyat_Allah
655,P-23204,Augenthaler,Klaus,1957-09-26,0,0,1,0,0,2,"1986, 1990",https://en.wikipedia.org/wiki/Klaus_Augenthaler
656,P-47461,Auguste,Arsène,1951-02-03,0,0,1,0,0,1,1974,https://en.wikipedia.org/wiki/Ars%C3%A8ne_Auguste
657,P-45250,Augustine,Brendan,1971-10-26,0,0,0,0,1,1,1998,https://en.wikipedia.org/wiki/Brendan_Augustine
658,P-30993,Augustinsson,Ludwig,1994-04-21,0,0,1,0,0,1,2018,https://en.wikipedia.org/wiki/Ludwig_Augustinsson
659,P-67663,Augusto,José,1937-04-13,0,0,0,1,0,1,1966,https://en.wikipedia.org/wiki/Jos%C3%A9_Augusto_de_Almeida
661,P-49997,Augusto,Renato,1988-02-08,0,0,0,1,0,1,2018,https://en.wikipedia.org/wiki/Renato_Augusto
662,P-33030,Augustsson,Jörgen,1952-10-28,0,0,1,0,0,1,1974,https://en.wikipedia.org/wiki/J%C3%B6rgen_Augustsson
665,P-43440,Aurier,Serge,1992-12-24,0,0,1,0,0,1,2014,https://en.wikipedia.org/wiki/Serge_Aurier
675,P-67176,Ávila,Ricardo,1997-02-04,0,0,0,1,0,1,2018,https://en.wikipedia.org/wiki/Ricardo_%C3%81vila
676,P-20645,Avio,Ludovico,1932-10-06,0,0,0,0,1,1,1958,https://en.wikipedia.org/wiki/Ludovico_Avio
685,P-15529,Axelsson,Kurt,1941-11-10,0,0,1,0,0,1,1970,https://en.wikipedia.org/wiki/Kurt_Axelsson
687,P-29650,Ayache,William,1961-01-10,0,0,1,0,0,1,1986,https://en.wikipedia.org/wiki/William_Ayache
688,P-34957,Ayala,Celso,1970-08-20,0,0,1,0,0,2,"1998, 2002",https://en.wikipedia.org/wiki/Celso_Ayala
689,P-76750,Ayala,Hugo,1987-03-31,0,0,1,0,0,1,2018,https://en.wikipedia.org/wiki/Hugo_Ayala
690,P-83403,Ayala,Roberto,1973-04-14,0,0,1,0,0,3,"1998, 2002, 2006",https://en.wikipedia.org/wiki/Roberto_Ayala
691,P-30957,Ayala,Rubén,1950-01-08,0,0,0,0,1,1,1974,https://en.wikipedia.org/wiki/Rub%C3%A9n_Ayala
692,P-40581,Ayari,Anis,1982-02-16,0,0,1,0,0,1,2006,https://en.wikipedia.org/wiki/Anis_Ayari
694,P-01945,Ayew,André,1989-12-17,0,0,0,1,1,3,"2010, 2014, 2022",https://en.wikipedia.org/wiki/Andr%C3%A9_Ayew
696,P-31765,Ayew,Jordan,1991-09-11,0,0,0,0,1,2,"2014, 2022",https://en.wikipedia.org/wiki/Jordan_Ayew
700,P-90857,Ayoví,Marlon,1971-09-27,0,0,1,1,0,2,"2002, 2006",https://en.wikipedia.org/wiki/Marlon_Ayov%C3%AD
701,P-39602,Ayoví,Walter,1979-08-11,0,0,1,0,0,2,"2002, 2014",https://en.wikipedia.org/wiki/Walter_Ayov%C3%AD
704,P-78347,Azeez,Ramon,1992-12-12,0,0,0,1,0,1,2014,https://en.wikipedia.org/wiki/Ramon_Azeez
705,P-43931,Aziawonou,Yao,1979-11-30,0,0,0,1,0,1,2006,https://en.wikipedia.org/wiki/Yao_Aziawonou
706,P-66016,Aziz,Khaled,1981-07-14,0,0,0,1,0,1,2006,https://en.wikipedia.org/wiki/Khaled_Aziz
707,P-25470,Azizi,Khodadad,1971-06-22,0,0,0,0,1,1,1998,https://en.wikipedia.org/wiki/Khodadad_Azizi
708,P-74924,Azmi,Khalil,1964-08-23,0,1,0,0,0,1,1994,https://en.wikipedia.org/wiki/Khalil_Azmi
709,P-09113,Azmoun,Sardar,1995-01-01,0,0,0,0,1,2,"2018, 2022",https://en.wikipedia.org/wiki/Sardar_Azmoun
710,P-07614,Azofeifa,Randall,1984-12-30,0,0,0,1,0,2,"2006, 2018",https://en.wikipedia.org/wiki/Randall_Azofeifa
711,P-60716,Azpilicueta,César,1989-08-28,0,0,1,0,0,3,"2014, 2018, 2022",https://en.wikipedia.org/wiki/C%C3%A9sar_Azpilicueta
712,P-84885,Azzouzi,Rachid,1971-01-10,0,0,0,1,0,2,"1994, 1998",https://en.wikipedia.org/wiki/Rachid_Azzouzi
714,P-02360,Babangida,Tijani,1973-09-25,0,0,0,1,0,1,1998,https://en.wikipedia.org/wiki/Tijani_Babangida
715,P-66596,Babatunde,Michael,1992-12-24,0,0,0,1,0,1,2014,https://en.wikipedia.org/wiki/Michael_Babatunde
716,P-91148,Babayaro,Celestine,1978-08-29,0,0,1,0,0,2,"1998, 2002",https://en.wikipedia.org/wiki/Celestine_Babayaro
717,P-28514,Babb,Phil,1970-10-30,0,0,1,0,0,1,1994,https://en.wikipedia.org/wiki/Phil_Babb
718,P-83522,Babbel,Markus,1972-09-08,0,0,1,0,0,1,1998,https://en.wikipedia.org/wiki/Markus_Babbel
719,P-17967,Babel,Ryan,1986-12-19,0,0,0,0,1,2,"2006, 2010",https://en.wikipedia.org/wiki/Ryan_Babel
720,P-13539,Babić,Marko,1981-01-28,0,0,0,1,0,1,2006,https://en.wikipedia.org/wiki/Marko_Babi%C4%87_(footballer)
721,P-70515,Babić,Srđan,1996-04-22,0,0,1,0,0,1,2022,https://en.wikipedia.org/wiki/Sr%C4%91an_Babi%C4%87
722,P-33365,Babington,Carlos,1949-09-20,0,0,0,1,0,1,1974,https://en.wikipedia.org/wiki/Carlos_Babington
724,P-12476,Bacca,Carlos,1986-09-08,0,0,0,0,1,2,"2014, 2018",https://en.wikipedia.org/wiki/Carlos_Bacca
725,P-27035,Baccus,Keanu,1998-06-07,0,0,0,1,0,1,2022,https://en.wikipedia.org/wiki/Keanu_Baccus
726,P-41316,Bachev,Georgi,1977-04-18,0,0,0,0,1,1,1998,https://en.wikipedia.org/wiki/Georgi_Bachev
729,P-77789,Badelj,Milan,1989-02-25,0,0,0,1,0,2,"2014, 2018",https://en.wikipedia.org/wiki/Milan_Badelj
730,P-69750,Bader,René,1922-08-07,0,0,0,0,1,1,1950,https://en.wikipedia.org/wiki/Ren%C3%A9_Bader
731,P-97927,Badilla,Gabriel,1984-06-30,0,0,1,0,0,1,2006,https://en.wikipedia.org/wiki/Gabriel_Badilla
733,P-10094,Badra,Khaled,1973-04-08,0,0,1,0,0,2,"1998, 2002",https://en.wikipedia.org/wiki/Khaled_Badra
734,P-75361,Badri,Anice,1990-09-18,0,0,0,1,0,1,2018,https://en.wikipedia.org/wiki/Anice_Badri
735,P-47255,Badstuber,Holger,1989-03-13,0,0,1,0,0,1,2010,https://en.wikipedia.org/wiki/Holger_Badstuber
736,P-53153,Baecke,Marc,1956-07-24,0,0,1,0,0,1,1982,https://en.wikipedia.org/wiki/Marc_Baecke
742,P-52474,Baggio,Dino,1971-07-24,0,0,0,1,0,2,"1994, 1998",https://en.wikipedia.org/wiki/Dino_Baggio
743,P-78756,Baggio,Roberto,1967-02-18,0,0,0,0,1,3,"1990, 1994, 1998",https://en.wikipedia.org/wiki/Roberto_Baggio
744,P-72482,Bagheri,Karim,1974-02-20,0,0,0,1,0,1,1998,https://en.wikipedia.org/wiki/Karim_Bagheri
745,P-49669,Bagni,Salvatore,1956-09-25,0,0,0,1,0,1,1986,https://en.wikipedia.org/wiki/Salvatore_Bagni
747,P-92135,Bah,Alexander,1997-12-09,0,0,1,0,0,1,2022,https://en.wikipedia.org/wiki/Alexander_Bah
748,P-84563,Bahebri,Hattan,1992-07-16,0,0,0,1,1,2,"2018, 2022",https://en.wikipedia.org/wiki/Hattan_Bahebri
749,P-61219,Bahja,Ahmed,1970-12-21,0,0,0,0,1,1,1994,https://en.wikipedia.org/wiki/Ahmed_Bahja
751,P-93565,Bahoken,Paul,1955-07-07,0,0,0,0,1,1,1982,https://en.wikipedia.org/wiki/Paul_Bahoken
754,P-16675,Baía,Vítor,1969-10-15,0,1,0,0,0,1,2002,https://en.wikipedia.org/wiki/V%C3%ADtor_Ba%C3%ADa
755,P-09547,Baiano,Júnior,1970-03-14,0,0,1,0,0,1,1998,https://en.wikipedia.org/wiki/J%C3%BAnior_Baiano
760,P-94649,Baines,Leighton,1984-12-11,0,0,1,0,0,1,2014,https://en.wikipedia.org/wiki/Leighton_Baines
761,P-73507,Baird,Sammy,1930-05-13,0,0,0,0,1,1,1958,https://en.wikipedia.org/wiki/Sammy_Baird
762,P-74389,Bajević,Dušan,1948-12-10,0,0,0,0,1,1,1974,https://en.wikipedia.org/wiki/Du%C5%A1an_Bajevi%C4%87
764,P-90321,Bąk,Arkadiusz,1974-10-06,0,0,0,1,0,1,2002,https://en.wikipedia.org/wiki/Arkadiusz_B%C4%85k
765,P-46873,Bąk,Jacek,1973-03-24,0,0,1,0,0,2,"2002, 2006",https://en.wikipedia.org/wiki/Jacek_B%C4%85k
769,P-44411,Bakero,José María,1963-02-11,0,0,0,1,0,2,"1990, 1994",https://en.wikipedia.org/wiki/Jos%C3%A9_Mari_Bakero
771,P-17799,Bakheet,Zuhair,1967-07-13,0,0,0,0,1,1,1990,https://en.wikipedia.org/wiki/Zuhair_Bakheet
772,P-02909,Bakhtiarizadeh,Sohrab,1973-09-11,0,0,1,0,0,1,2006,https://en.wikipedia.org/wiki/Sohrab_Bakhtiarizadeh
774,P-27460,Bal,Andriy,1958-02-16,0,0,0,1,0,2,"1982, 1986",https://en.wikipedia.org/wiki/Andriy_Bal
776,P-22562,Balakov,Krasimir,1966-03-29,0,0,0,1,0,2,"1994, 1998",https://en.wikipedia.org/wiki/Krasimir_Balakov
777,P-07031,Balbo,Abel,1966-06-01,0,0,0,0,1,3,"1990, 1994, 1998",https://en.wikipedia.org/wiki/Abel_Balbo
778,P-12470,Balboa,Marcelo,1967-08-08,0,0,1,0,0,3,"1990, 1994, 1998",https://en.wikipedia.org/wiki/Marcelo_Balboa
779,P-26050,Balbuena,Agustín,1945-09-01,0,0,0,0,1,1,1974,https://en.wikipedia.org/wiki/Agust%C3%ADn_Balbuena
780,P-66576,Balcázar,Tomás,1931-12-21,0,0,0,0,1,1,1954,https://en.wikipedia.org/wiki/Tom%C3%A1s_Balc%C3%A1zar
781,P-49008,Balde,Alejandro,2003-10-18,0,0,1,0,0,1,2022,https://en.wikipedia.org/wiki/Alejandro_Balde
782,P-44044,Baldé,Keita,1995-03-08,0,0,0,0,1,1,2018,https://en.wikipedia.org/wiki/Keita_Bald%C3%A9
783,P-84079,Baldivieso,Julio César,1971-12-02,0,0,0,1,0,1,1994,https://en.wikipedia.org/wiki/Julio_C%C3%A9sar_Baldivieso
785,P-63927,Bale,Gareth,1989-07-16,0,0,0,0,1,1,2022,https://en.wikipedia.org/wiki/Gareth_Bale
787,P-67274,Balint,Gabi,1963-01-03,0,0,0,0,1,1,1990,https://en.wikipedia.org/wiki/Gabi_Balint
788,P-53099,Bálint,László,1948-02-01,0,0,1,0,0,2,"1978, 1982",https://en.wikipedia.org/wiki/L%C3%A1szl%C3%B3_B%C3%A1lint
789,P-00153,Baljić,Mirsad,1962-03-04,0,0,1,0,0,1,1990,https://en.wikipedia.org/wiki/Mirsad_Balji%C4%87
790,P-22841,Ball,Alan,1945-05-12,0,0,0,1,0,2,"1966, 1970",https://en.wikipedia.org/wiki/Alan_Ball_Jr.
792,P-84003,Ballack,Michael,1976-09-26,0,0,0,1,0,2,"2002, 2006",https://en.wikipedia.org/wiki/Michael_Ballack
793,P-63738,Ballaman,Robert,1926-06-21,0,0,0,0,1,1,1954,https://en.wikipedia.org/wiki/Robert_Ballaman
795,P-86095,Ballo-Touré,Fodé,1997-01-03,0,0,1,0,0,1,2022,https://en.wikipedia.org/wiki/Fod%C3%A9_Ballo-Tour%C3%A9
798,P-65978,Balogun,Leon,1988-06-28,0,0,1,0,0,1,2018,https://en.wikipedia.org/wiki/Leon_Balogun
799,P-16785,Balotelli,Mario,1990-08-12,0,0,0,0,1,1,2014,https://en.wikipedia.org/wiki/Mario_Balotelli
800,P-76368,Baloy,Felipe,1981-02-24,0,0,1,0,0,1,2018,https://en.wikipedia.org/wiki/Felipe_Baloy
802,P-47456,Baltacha,Sergei,1958-02-17,0,0,1,0,0,1,1982,https://en.wikipedia.org/wiki/Sergei_Pavlovich_Baltacha
803,P-17754,Baltazar,not applicable,1926-01-14,0,0,0,0,1,2,"1950, 1954","https://en.wikipedia.org/wiki/Baltazar_(footballer,_born_1926)"
804,P-55416,Bamba,Sol,1985-01-13,0,0,1,0,0,2,"2010, 2014",https://en.wikipedia.org/wiki/Sol_Bamba
805,P-55928,Bamous,Driss,1942-12-15,0,0,0,1,0,1,1970,https://en.wikipedia.org/wiki/Driss_Bamous
808,P-66433,Banega,Éver,1988-06-29,0,0,0,1,0,1,2018,https://en.wikipedia.org/wiki/%C3%89ver_Banega
812,P-44798,Banishevskiy,Anatoliy,1946-02-23,0,0,0,0,1,1,1966,https://en.wikipedia.org/wiki/Anatoliy_Banishevskiy
813,P-74455,Banks,Gordon,1937-12-30,0,1,0,0,0,2,"1966, 1970",https://en.wikipedia.org/wiki/Gordon_Banks
814,P-85296,Banks,Jimmy,1964-09-02,0,0,1,0,0,1,1990,https://en.wikipedia.org/wiki/Jimmy_Banks
818,P-65888,Bannon,Eamonn,1958-04-18,0,0,0,1,0,1,1986,https://en.wikipedia.org/wiki/Eamonn_Bannon
820,P-29075,Baptista,Júlio,1981-10-01,0,0,0,1,0,1,2010,https://en.wikipedia.org/wiki/J%C3%BAlio_Baptista
821,P-08449,Bar,Shraga,1948-03-24,0,0,1,0,0,1,1970,https://en.wikipedia.org/wiki/Shraga_Bar
823,P-23800,Baraja,Rubén,1975-07-11,0,0,0,1,0,1,2002,https://en.wikipedia.org/wiki/Rub%C3%A9n_Baraja
825,P-41870,Baratelli,Dominique,1947-12-26,0,1,0,0,0,2,"1978, 1982",https://en.wikipedia.org/wiki/Dominique_Baratelli
826,P-58656,Baratky,Iuliu,1910-05-14,0,0,0,0,1,2,"1934, 1938",https://en.wikipedia.org/wiki/Iuliu_Baratky
827,P-16659,Barbadillo,Gerónimo,1952-09-24,0,0,0,0,1,1,1982,https://en.wikipedia.org/wiki/Ger%C3%B3nimo_Barbadillo
829,P-99392,Barbas,Juan,1959-08-23,0,0,0,1,0,1,1982,https://en.wikipedia.org/wiki/Juan_Barbas
837,P-10561,Bárcenas,Édgar,1993-10-23,0,0,0,1,0,1,2018,https://en.wikipedia.org/wiki/%C3%89dgar_B%C3%A1rcenas
839,P-51410,Bareño,Rúben,1944-01-23,0,0,0,0,1,1,1970,https://en.wikipedia.org/wiki/R%C3%BAben_Bare%C3%B1o
840,P-42920,Baresi,Franco,1960-05-08,0,0,1,0,0,3,"1982, 1990, 1994",https://en.wikipedia.org/wiki/Franco_Baresi
841,P-55733,Baresi,Giuseppe,1958-02-07,0,0,0,1,0,1,1986,https://en.wikipedia.org/wiki/Giuseppe_Baresi
842,P-56518,Bargas,Ángel,1946-10-29,0,0,1,0,0,1,1974,https://en.wikipedia.org/wiki/%C3%81ngel_Bargas
843,P-95766,Barišić,Borna,1992-11-10,0,0,1,0,0,1,2022,https://en.wikipedia.org/wiki/Borna_Bari%C5%A1i%C4%87
844,P-01013,Barison,Paolo,1936-06-23,0,0,0,1,0,1,1966,https://en.wikipedia.org/wiki/Paolo_Barison
845,P-48443,Barkley,Ross,1993-12-05,0,0,0,1,0,1,2014,https://en.wikipedia.org/wiki/Ross_Barkley
846,P-55121,Barmoš,Jozef,1954-08-28,0,0,1,0,0,1,1982,https://en.wikipedia.org/wiki/Jozef_Barmo%C5%A1
847,P-38921,Barnes,John,1963-11-07,0,0,0,1,1,2,"1986, 1990",https://en.wikipedia.org/wiki/John_Barnes
848,P-97143,Barnetta,Tranquillo,1985-05-22,0,0,0,1,0,3,"2006, 2010, 2014",https://en.wikipedia.org/wiki/Tranquillo_Barnetta
850,P-97154,Barone,Simone,1978-04-30,0,0,0,1,0,1,2006,https://en.wikipedia.org/wiki/Simone_Barone
851,P-14907,Baroš,Milan,1981-10-28,0,0,0,0,1,1,2006,https://en.wikipedia.org/wiki/Milan_Baro%C5%A1
853,P-81990,Barrantes,Hermidio,1964-09-02,0,1,0,0,0,1,1990,https://en.wikipedia.org/wiki/Hermidio_Barrantes
855,P-74906,Barrantes,Michael,1983-10-04,0,0,0,1,0,1,2014,https://en.wikipedia.org/wiki/Michael_Barrantes
857,P-80043,Barrera,Pablo,1987-06-21,0,0,0,1,0,1,2010,https://en.wikipedia.org/wiki/Pablo_Barrera
860,P-44396,Barreto,Édgar,1984-07-15,0,0,0,1,0,2,"2006, 2010",https://en.wikipedia.org/wiki/%C3%89dgar_Barreto
861,P-65816,Barrett,Warren,1970-07-09,0,1,0,0,0,1,1998,https://en.wikipedia.org/wiki/Warren_Barrett
862,P-38492,Barrios,Jorge,1961-01-24,0,0,0,1,0,1,1986,https://en.wikipedia.org/wiki/Jorge_Barrios_(footballer)
863,P-41357,Barrios,Lucas,1984-11-13,0,0,0,0,1,1,2010,https://en.wikipedia.org/wiki/Lucas_Barrios
864,P-17988,Barrios,Wilmar,1993-10-16,0,0,0,1,0,1,2018,https://en.wikipedia.org/wiki/Wilmar_Barrios
865,P-92939,Barron,Andy,1980-12-24,0,0,0,1,0,1,2010,https://en.wikipedia.org/wiki/Andrew_Barron_(footballer)
867,P-30753,Barry,Boubacar,1979-12-30,0,1,0,0,0,3,"2006, 2010, 2014",https://en.wikipedia.org/wiki/Boubacar_Barry
868,P-69235,Barry,Gareth,1981-02-23,0,0,0,1,0,1,2010,https://en.wikipedia.org/wiki/Gareth_Barry
870,P-28811,Barsham,Meshaal,1998-02-14,0,1,0,0,0,1,2022,https://en.wikipedia.org/wiki/Meshaal_Barsham
871,P-50623,Barthélemy,Claude,1945-05-09,0,0,0,0,1,1,1974,https://en.wikipedia.org/wiki/Claude_Barth%C3%A9lemy
872,P-55991,Barthez,Fabien,1971-06-28,0,1,0,0,0,3,"1998, 2002, 2006",https://en.wikipedia.org/wiki/Fabien_Barthez
873,P-24299,Bartlett,Shaun,1972-10-31,0,0,0,0,1,1,1998,https://en.wikipedia.org/wiki/Shaun_Bartlett
879,P-26539,Barzagli,Andrea,1981-05-08,0,0,1,0,0,2,"2006, 2014",https://en.wikipedia.org/wiki/Andrea_Barzagli
880,P-64207,Basaguren,Juan Ignacio,1944-07-21,0,0,0,1,0,1,1970,https://en.wikipedia.org/wiki/Juan_Ignacio_Basaguren
881,P-38424,Basanta,José María,1984-04-03,0,0,1,0,0,1,2014,https://en.wikipedia.org/wiki/Jos%C3%A9_Mar%C3%ADa_Basanta
882,P-78222,Basler,Mario,1968-12-18,0,0,0,1,0,1,1994,https://en.wikipedia.org/wiki/Mario_Basler
883,P-26928,Basora,Estanislau,1926-11-18,0,0,0,0,1,1,1950,https://en.wikipedia.org/wiki/Estanislau_Basora
885,P-87059,Bassir,Salaheddine,1972-09-05,0,0,0,0,1,1,1998,https://en.wikipedia.org/wiki/Salaheddine_Bassir
886,P-51549,Bassogog,Christian,1995-10-18,0,0,0,0,1,1,2022,https://en.wikipedia.org/wiki/Christian_Bassogog
887,P-68512,Bassong,Sébastien,1986-07-09,0,0,1,0,0,1,2010,https://en.wikipedia.org/wiki/S%C3%A9bastien_Bassong
890,P-86163,Bastos,Michel,1983-08-02,0,0,1,0,0,1,2010,https://en.wikipedia.org/wiki/Michel_Bastos
891,P-21108,Baştürk,Yıldıray,1978-12-24,0,0,0,1,0,1,2002,https://en.wikipedia.org/wiki/Y%C4%B1ld%C4%B1ray_Ba%C5%9Ft%C3%BCrk
892,P-14841,Basualdo,José,1963-06-20,0,0,0,1,0,2,"1990, 1994",https://en.wikipedia.org/wiki/Jos%C3%A9_Basualdo
893,P-12680,Baszczyński,Marcin,1977-06-07,0,0,1,0,0,1,2006,https://en.wikipedia.org/wiki/Marcin_Baszczy%C5%84ski
896,P-19199,Bathenay,Dominique,1954-02-13,0,0,0,1,0,1,1978,https://en.wikipedia.org/wiki/Dominique_Bathenay
897,P-57952,Batista,José,1962-03-06,0,0,1,0,0,1,1986,https://en.wikipedia.org/wiki/Jos%C3%A9_Batista
898,P-99975,Batista,not applicable,1955-03-08,0,0,0,1,0,2,"1978, 1982",https://en.wikipedia.org/wiki/Jo%C3%A3o_Batista_da_Silva
899,P-22408,Batista,Sergio,1962-11-09,0,0,0,1,0,2,"1986, 1990",https://en.wikipedia.org/wiki/Sergio_Batista
900,P-84542,Batistuta,Gabriel,1969-02-01,0,0,0,0,1,3,"1994, 1998, 2002",https://en.wikipedia.org/wiki/Gabriel_Batistuta
901,P-51570,Bats,Joël,1957-01-04,0,1,0,0,0,1,1986,https://en.wikipedia.org/wiki/Jo%C3%ABl_Bats
902,P-13975,Batshuayi,Michy,1993-10-02,0,0,0,0,1,2,"2018, 2022",https://en.wikipedia.org/wiki/Michy_Batshuayi
904,P-12738,Battiston,Patrick,1957-03-12,0,0,1,0,0,3,"1978, 1982, 1986",https://en.wikipedia.org/wiki/Patrick_Battiston
905,P-92367,Batty,David,1968-12-02,0,0,0,1,0,1,1998,https://en.wikipedia.org/wiki/David_Batty
908,P-73157,Baumann,Frank,1975-10-29,0,0,1,0,0,1,2002,https://en.wikipedia.org/wiki/Frank_Baumann_(footballer)
909,P-82507,Baumeister,Ernst,1957-01-22,0,0,0,1,0,2,"1978, 1982",https://en.wikipedia.org/wiki/Ernst_Baumeister
912,P-44438,Bautista,Adolfo,1979-05-15,0,0,0,0,1,1,2010,https://en.wikipedia.org/wiki/Adolfo_Bautista
915,P-22242,Baya,Zoubeir,1971-05-15,0,0,0,1,0,2,"1998, 2002",https://en.wikipedia.org/wiki/Zoubeir_Baya
916,P-64457,Baylón,Julio,1947-12-10,0,0,0,1,0,1,1970,https://en.wikipedia.org/wiki/Julio_Bayl%C3%B3n
917,P-28084,Bayonne,Pierre,1949-06-11,0,0,1,0,0,1,1974,https://en.wikipedia.org/wiki/Pierre_Bayonne
920,P-18335,Beardsley,Peter,1961-01-18,0,0,0,0,1,2,"1986, 1990",https://en.wikipedia.org/wiki/Peter_Beardsley
921,P-91976,Beasley,DaMarcus,1982-05-24,0,0,1,1,0,4,"2002, 2006, 2010, 2014",https://en.wikipedia.org/wiki/DaMarcus_Beasley
925,P-69089,Beauchamp,Michael,1981-03-08,0,0,1,0,0,2,"2006, 2010",https://en.wikipedia.org/wiki/Michael_Beauchamp
927,P-74480,Beausejour,Jean,1984-06-01,0,0,0,1,1,2,"2010, 2014",https://en.wikipedia.org/wiki/Jean_Beausejour
928,P-68671,Bebeto,not applicable,1964-02-16,0,0,0,0,1,3,"1990, 1994, 1998",https://en.wikipedia.org/wiki/Bebeto
929,P-64512,Beckeles,Brayan,1985-11-28,0,0,1,0,0,1,2014,https://en.wikipedia.org/wiki/Brayan_Beckeles
930,P-72864,Beckenbauer,Franz,1945-09-11,0,0,1,1,0,3,"1966, 1970, 1974",https://en.wikipedia.org/wiki/Franz_Beckenbauer
931,P-45750,Beckerman,Kyle,1982-04-23,0,0,0,1,0,1,2014,https://en.wikipedia.org/wiki/Kyle_Beckerman
932,P-81049,Beckham,David,1975-05-02,0,0,0,1,0,3,"1998, 2002, 2006",https://en.wikipedia.org/wiki/David_Beckham
934,P-45005,Beckmann,Mikkel,1983-10-24,0,0,0,1,0,1,2010,https://en.wikipedia.org/wiki/Mikkel_Beckmann
935,P-97635,Bedimo,Henri,1984-06-04,0,0,1,0,0,1,2014,https://en.wikipedia.org/wiki/Henri_Bedimo
936,P-10172,Bednarek,Jan,1996-04-12,0,0,1,0,0,2,"2018, 2022",https://en.wikipedia.org/wiki/Jan_Bednarek
937,P-96029,Bedoui,Rami,1990-01-19,0,0,1,0,0,1,2018,https://en.wikipedia.org/wiki/Rami_Bedoui
938,P-09053,Bedoya,Alejandro,1987-04-29,0,0,0,1,0,1,2014,https://en.wikipedia.org/wiki/Alejandro_Bedoya
940,P-20874,Beer,Erich,1946-12-09,0,0,0,1,0,1,1978,https://en.wikipedia.org/wiki/Erich_Beer
943,P-23403,Begiristain,Txiki,1964-08-12,0,0,0,0,1,1,1994,https://en.wikipedia.org/wiki/Txiki_Begiristain
944,P-80138,Begović,Asmir,1987-06-20,0,1,0,0,0,1,2014,https://en.wikipedia.org/wiki/Asmir_Begovi%C4%87
945,P-51118,Behich,Aziz,1990-12-16,0,0,1,0,0,2,"2018, 2022",https://en.wikipedia.org/wiki/Aziz_Behich
946,P-54713,Behrami,Valon,1985-04-19,0,0,0,1,0,4,"2006, 2010, 2014, 2018",https://en.wikipedia.org/wiki/Valon_Behrami
949,P-60022,Bein,Uwe,1960-09-26,0,0,0,1,0,1,1990,https://en.wikipedia.org/wiki/Uwe_Bein
950,P-20998,Beiranvand,Alireza,1992-09-21,0,1,0,0,0,2,"2018, 2022",https://en.wikipedia.org/wiki/Alireza_Beiranvand
953,P-43734,Bek,Ivan,1909-10-29,0,0,0,0,1,1,1930,https://en.wikipedia.org/wiki/Ivan_Bek
955,P-10855,Belanov,Ihor,1960-09-25,0,0,0,1,0,1,1986,https://en.wikipedia.org/wiki/Ihor_Belanov
957,P-00957,Belhadj,Nadir,1982-06-18,0,0,1,0,0,1,2010,https://en.wikipedia.org/wiki/Nadir_Belhadj
958,P-64125,Belhanda,Younès,1990-02-25,0,0,0,1,0,1,2018,https://en.wikipedia.org/wiki/Youn%C3%A8s_Belhanda
960,P-11019,Belis,Ernesto,1909-02-01,0,0,1,0,0,1,1934,https://en.wikipedia.org/wiki/Ernesto_Belis
961,P-41251,Belkalem,Essaïd,1989-01-01,0,0,1,0,0,1,2014,https://en.wikipedia.org/wiki/Essa%C3%AFd_Belkalem
963,P-77223,Bell,Colin,1946-02-26,0,0,0,1,0,1,1970,https://en.wikipedia.org/wiki/Colin_Bell
964,P-17774,Bell,Joseph-Antoine,1954-10-08,0,1,0,0,0,3,"1982, 1990, 1994",https://en.wikipedia.org/wiki/Joseph-Antoine_Bell
968,P-93236,Belletti,Juliano,1976-06-20,0,0,1,0,0,1,2002,https://en.wikipedia.org/wiki/Juliano_Belletti
969,P-15674,Bellingham,Jude,2003-06-29,0,0,0,1,0,1,2022,https://en.wikipedia.org/wiki/Jude_Bellingham
971,P-92635,Bello,Menachem,1947-12-26,0,0,1,0,0,1,1970,https://en.wikipedia.org/wiki/Menachem_Bello
972,P-12716,Bellone,Bruno,1962-03-14,0,0,0,0,1,2,"1982, 1986",https://en.wikipedia.org/wiki/Bruno_Bellone
974,P-59774,Belloumi,Lakhdar,1958-12-29,0,0,0,1,0,2,"1982, 1986",https://en.wikipedia.org/wiki/Lakhdar_Belloumi
975,P-83005,Bellugi,Mauro,1950-02-07,0,0,1,0,0,2,"1974, 1978",https://en.wikipedia.org/wiki/Mauro_Bellugi
976,P-10223,Belmonte,Jaime,1934-10-08,0,0,1,0,0,1,1958,https://en.wikipedia.org/wiki/Jaime_Belmonte
977,P-43639,Belodedici,Miodrag,1964-05-20,0,0,1,0,0,1,1994,https://en.wikipedia.org/wiki/Miodrag_Belodedici
978,P-46497,Belözoğlu,Emre,1980-09-07,0,0,0,1,0,1,2002,https://en.wikipedia.org/wiki/Emre_Bel%C3%B6zo%C4%9Flu
980,P-49604,Ben Ahmed,Faysal,1973-03-07,0,0,0,1,0,1,1998,https://en.wikipedia.org/wiki/Faysal_Ben_Ahmed
981,P-21962,Ben Amor,Mohamed Amine,1992-05-03,0,0,0,1,0,1,2018,https://en.wikipedia.org/wiki/Mohamed_Amine_Ben_Amor
982,P-25130,Ben Aziza,Abderraouf,1953-09-23,0,0,0,0,1,1,1978,https://en.wikipedia.org/wiki/Abderraouf_Ben_Aziza
985,P-34408,Ben Kassou,Allal,1941-11-11,0,1,0,0,0,1,1970,https://en.wikipedia.org/wiki/Allal_Ben_Kassou
987,P-55710,Ben Mustapha,Farouk,1989-07-01,0,1,0,0,0,1,2018,https://en.wikipedia.org/wiki/Farouk_Ben_Mustapha
989,P-42575,Ben Romdhane,Mohamed Ali,1999-09-06,0,0,0,1,0,1,2022,https://en.wikipedia.org/wiki/Mohamed_Ali_Ben_Romdhane
990,P-54768,Ben Saada,Chaouki,1984-07-01,0,0,0,0,1,1,2006,https://en.wikipedia.org/wiki/Chaouki_Ben_Saada
992,P-45680,Ben Slimane,Anis,2001-03-16,0,0,0,0,1,1,2022,https://en.wikipedia.org/wiki/Anis_Ben_Slimane
993,P-88921,Ben Slimane,Mehdi,1974-01-01,0,0,0,0,1,1,1998,https://en.wikipedia.org/wiki/Mehdi_Ben_Slimane
995,P-90120,Ben Younes,Imed,1974-06-16,0,0,0,0,1,1,1998,https://en.wikipedia.org/wiki/Imed_Ben_Younes
996,P-94563,Ben Youssef,Fakhreddine,1991-06-23,0,0,0,0,1,1,2018,https://en.wikipedia.org/wiki/Fakhreddine_Ben_Youssef
997,P-62629,Ben Youssef,Syam,1989-03-31,0,0,1,0,0,1,2018,https://en.wikipedia.org/wiki/Syam_Ben_Youssef
998,P-99847,Benachour,Selim,1981-09-08,0,0,0,1,0,1,2002,https://en.wikipedia.org/wiki/Selim_Benachour
999,P-46325,Benaglio,Diego,1983-09-08,0,1,0,0,0,3,"2006, 2010, 2014",https://en.wikipedia.org/wiki/Diego_Benaglio
1000,P-03191,Benalouane,Yohan,1987-03-28,0,0,1,0,0,1,2018,https://en.wikipedia.org/wiki/Yohan_Benalouane
1001,P-24741,Benarrivo,Antonio,1968-08-21,0,0,1,0,0,1,1994,https://en.wikipedia.org/wiki/Antonio_Benarrivo
1002,P-53270,Benatia,Medhi,1987-04-17,0,0,1,0,0,1,2018,https://en.wikipedia.org/wiki/Medhi_Benatia
1005,P-47384,Bencsics,József,1933-08-06,0,0,0,0,1,1,1958,https://en.wikipedia.org/wiki/J%C3%B3zsef_Bencsics
1007,P-38862,Bendtner,Nicklas,1988-01-16,0,0,0,0,1,1,2010,https://en.wikipedia.org/wiki/Nicklas_Bendtner
1008,P-82516,Bene,Ferenc,1944-12-17,0,0,0,0,1,1,1966,https://en.wikipedia.org/wiki/Ferenc_Bene
1011,P-12030,Benetti,Romeo,1945-10-20,0,0,0,1,0,2,"1974, 1978",https://en.wikipedia.org/wiki/Romeo_Benetti
1012,P-52902,Bengoechea,Pablo,1965-06-27,0,0,0,1,0,1,1990,https://en.wikipedia.org/wiki/Pablo_Bengoechea
1013,P-67290,Bengtson,Jerry,1987-04-08,0,0,0,0,1,1,2014,https://en.wikipedia.org/wiki/Jerry_Bengtson
1015,P-63618,Benítez,Christian,1986-05-01,0,0,0,0,1,1,2006,https://en.wikipedia.org/wiki/Christian_Ben%C3%ADtez
1016,P-68929,Benítez,Édgar,1987-11-08,0,0,0,0,1,1,2010,https://en.wikipedia.org/wiki/%C3%89dgar_Ben%C3%ADtez
1018,P-40108,Benítez,Miguel Ángel,1970-05-19,0,0,0,0,1,1,1998,https://en.wikipedia.org/wiki/Miguel_%C3%81ngel_Ben%C3%ADtez
1024,P-20578,Benkhrif,Boujemaa,1947-11-30,0,0,1,0,0,1,1970,https://en.wikipedia.org/wiki/Boujemaa_Benkhrif
1025,P-82715,Benmabrouk,Halim,1960-06-25,0,0,0,1,0,1,1986,https://en.wikipedia.org/wiki/Halim_Benmabrouk
1026,P-09889,Bennette,Jewison,2004-06-15,0,0,0,1,0,1,2022,https://en.wikipedia.org/wiki/Jewison_Bennette
1027,P-00597,Benoun,Badr,1993-09-30,0,0,1,0,0,1,2022,https://en.wikipedia.org/wiki/Badr_Benoun
1028,P-68346,Bensaoula,Tedj,1954-12-01,0,0,0,0,1,2,"1982, 1986",https://en.wikipedia.org/wiki/Tedj_Bensaoula
1030,P-96340,Bentaleb,Nabil,1994-11-24,0,0,0,1,0,1,2014,https://en.wikipedia.org/wiki/Nabil_Bentaleb
1031,P-58791,Bentancur,Rodrigo,1997-06-25,0,0,0,1,0,2,"2018, 2022",https://en.wikipedia.org/wiki/Rodrigo_Bentancur
1033,P-98161,Bento,Manuel,1948-06-25,0,1,0,0,0,1,1986,https://en.wikipedia.org/wiki/Manuel_Bento
1034,P-91925,Bento,Paulo,1969-06-20,0,0,0,1,0,1,2002,https://en.wikipedia.org/wiki/Paulo_Bento
1036,P-20094,Benzekri,Driss,1970-12-31,0,1,0,0,0,1,1998,https://en.wikipedia.org/wiki/Driss_Benzekri_(footballer)
1037,P-35408,Benzema,Karim,1987-12-19,0,0,0,0,1,2,"2014, 2022",https://en.wikipedia.org/wiki/Karim_Benzema
1039,P-27315,Berdoll,Marc,1953-04-06,0,0,0,0,1,1,1978,https://en.wikipedia.org/wiki/Marc_Berdoll
1041,P-42160,Bereszyński,Bartosz,1992-07-12,0,0,1,0,0,2,"2018, 2022",https://en.wikipedia.org/wiki/Bartosz_Bereszy%C5%84ski
1042,P-31094,Berezutski,Vasili,1982-06-20,0,0,1,0,0,1,2014,https://en.wikipedia.org/wiki/Vasili_Berezutski
1043,P-25644,Berg,Henning,1969-09-01,0,0,1,0,0,2,"1994, 1998",https://en.wikipedia.org/wiki/Henning_Berg
1044,P-82967,Berg,Marcus,1986-08-17,0,0,0,0,1,1,2018,https://en.wikipedia.org/wiki/Marcus_Berg
1047,P-26352,Berger,Jan,1955-11-27,0,0,0,1,0,1,1982,"https://en.wikipedia.org/wiki/Jan_Berger_(footballer,_born_1955)"
1050,P-77330,Berggreen,Klaus,1958-02-03,0,0,0,1,0,1,1986,https://en.wikipedia.org/wiki/Klaus_Berggreen
1051,P-10326,Berghuis,Steven,1991-12-19,0,0,0,1,0,1,2022,https://en.wikipedia.org/wiki/Steven_Berghuis
1052,P-22409,Bergkamp,Dennis,1969-05-10,0,0,0,0,1,2,"1994, 1998",https://en.wikipedia.org/wiki/Dennis_Bergkamp
1056,P-29143,Bergomi,Giuseppe,1963-12-22,0,0,1,0,0,4,"1982, 1986, 1990, 1998",https://en.wikipedia.org/wiki/Giuseppe_Bergomi
1058,P-44799,Bergwijn,Steven,1997-10-08,0,0,0,0,1,1,2022,https://en.wikipedia.org/wiki/Steven_Bergwijn
1059,P-09888,Berhalter,Gregg,1973-08-01,0,0,1,0,0,2,"2002, 2006",https://en.wikipedia.org/wiki/Gregg_Berhalter
1063,P-71020,Bermúdez,Jorge,1971-06-18,0,0,1,0,0,1,1998,https://en.wikipedia.org/wiki/Jorge_Berm%C3%BAdez
1066,P-40627,Bernal,Marcelino,1962-05-27,0,0,0,1,0,2,"1994, 1998",https://en.wikipedia.org/wiki/Marcelino_Bernal
1068,P-01674,Bernard,Kurt,1977-08-08,0,0,0,0,1,1,2006,https://en.wikipedia.org/wiki/Kurt_Bernard
1069,P-50663,Bernard,not applicable,1992-09-08,0,0,0,0,1,1,2014,https://en.wikipedia.org/wiki/Bernard_(footballer)
1070,P-82662,Bernárdez,Víctor,1982-05-24,0,0,1,0,0,2,"2010, 2014",https://en.wikipedia.org/wiki/V%C3%ADctor_Bern%C3%A1rdez
1076,P-53824,Bertelsen,Jens Jørn,1952-02-15,0,0,0,1,0,1,1986,https://en.wikipedia.org/wiki/Jens_J%C3%B8rn_Bertelsen
1077,P-59388,Berthold,Thomas,1964-11-12,0,0,1,0,0,3,"1986, 1990, 1994",https://en.wikipedia.org/wiki/Thomas_Berthold
1078,P-67585,Berti,Nicola,1967-04-14,0,0,0,1,0,2,"1990, 1994",https://en.wikipedia.org/wiki/Nicola_Berti
1079,P-70099,Berti,Sergio,1969-09-17,0,0,0,1,0,1,1998,https://en.wikipedia.org/wiki/Sergio_Berti
1080,P-72033,Bertini,Mario,1944-01-07,0,0,0,1,0,1,1970,https://en.wikipedia.org/wiki/Mario_Bertini
1082,P-61157,Bertoni,Daniel,1955-03-14,0,0,0,0,1,2,"1978, 1982",https://en.wikipedia.org/wiki/Daniel_Bertoni
1084,P-85046,Bertos,Leo,1981-12-20,0,0,0,1,0,1,2010,https://en.wikipedia.org/wiki/Leo_Bertos
1085,P-32988,Bertrand-Demanes,Jean-Paul,1952-05-23,0,1,0,0,0,1,1978,https://en.wikipedia.org/wiki/Jean-Paul_Bertrand-Demanes
1086,P-76498,Beschastnykh,Vladimir,1974-04-01,0,0,0,0,1,2,"1994, 2002",https://en.wikipedia.org/wiki/Vladimir_Beschastnykh
1087,P-74144,Bešić,Muhamed,1992-09-10,0,0,1,0,0,1,2014,https://en.wikipedia.org/wiki/Muhamed_Be%C5%A1i%C4%87
1088,P-95009,Besler,Matt,1987-02-11,0,0,1,0,0,1,2014,https://en.wikipedia.org/wiki/Matt_Besler
1090,P-84123,Betancourt,Armando,1957-10-10,0,0,0,0,1,1,1982,https://en.wikipedia.org/wiki/Porfirio_Armando_Betancourt
1091,P-37140,Beto,not applicable,1976-05-03,0,0,1,0,0,1,2002,"https://en.wikipedia.org/wiki/Beto_(footballer,_born_May_1976)"
1092,P-27059,Beto,not applicable,1982-05-01,0,1,0,0,0,3,"2010, 2014, 2018","https://en.wikipedia.org/wiki/Beto_(footballer,_born_1982)"
1094,P-78666,Bett,Jim,1959-11-25,0,0,0,1,0,2,"1986, 1990",https://en.wikipedia.org/wiki/Jim_Bett
1095,P-57787,Bettega,Roberto,1950-12-27,0,0,0,0,1,1,1978,https://en.wikipedia.org/wiki/Roberto_Bettega
1097,P-35489,Beye,Habib,1977-10-19,0,0,1,0,0,1,2002,https://en.wikipedia.org/wiki/Habib_Beye
1098,P-64968,Bezsonov,Volodymyr,1958-03-05,0,0,1,1,0,3,"1982, 1986, 1990",https://en.wikipedia.org/wiki/Volodymyr_Bezsonov
1103,P-27495,Bibard,Michel,1958-11-30,0,0,1,0,0,1,1986,https://en.wikipedia.org/wiki/Michel_Bibard
1104,P-66286,Bičakčić,Ermin,1990-01-24,0,0,1,0,0,1,2014,https://en.wikipedia.org/wiki/Ermin_Bi%C4%8Dak%C4%8Di%C4%87
1105,P-51668,Bican,Josef,1913-09-25,0,0,0,0,1,1,1934,https://en.wikipedia.org/wiki/Josef_Bican
1106,P-50918,Bickel,Alfred,1918-05-02,0,0,0,0,1,2,"1938, 1950",https://en.wikipedia.org/wiki/Alfred_Bickel
1107,P-10499,Bickel,Thomas,1963-10-06,0,0,0,1,0,1,1994,https://en.wikipedia.org/wiki/Thomas_Bickel
1108,P-95371,Bičovský,Přemysl,1950-08-18,0,0,0,1,0,1,1982,https://en.wikipedia.org/wiki/P%C5%99emysl_Bi%C4%8Dovsk%C3%BD
1111,P-20237,Bielik,Július,1962-03-08,0,0,1,0,0,1,1990,https://en.wikipedia.org/wiki/J%C3%BAlius_Bielik
1112,P-14593,Bielik,Krystian,1998-01-04,0,0,0,1,0,1,2022,https://en.wikipedia.org/wiki/Krystian_Bielik
1113,P-84534,Bierhoff,Oliver,1968-05-01,0,0,0,0,1,2,"1998, 2002",https://en.wikipedia.org/wiki/Oliver_Bierhoff
1116,P-38647,Biglia,Lucas,1986-01-30,0,0,0,1,0,2,"2014, 2018",https://en.wikipedia.org/wiki/Lucas_Biglia
1118,P-33323,Bigorra,Vladimir,1954-08-09,0,0,1,0,0,1,1982,https://en.wikipedia.org/wiki/Vladimir_Bigorra
1121,P-08239,Bílek,Michal,1965-04-13,0,0,0,1,0,1,1990,https://en.wikipedia.org/wiki/Michal_B%C3%ADlek
1122,P-85355,Bilić,Slaven,1968-09-11,0,0,1,0,0,1,1998,https://en.wikipedia.org/wiki/Slaven_Bili%C4%87
1123,P-28958,Bindea,Silviu,1912-10-24,0,0,0,0,1,2,"1934, 1938",https://en.wikipedia.org/wiki/Silviu_Bindea
1128,P-70869,Biosca,Antonio,1948-12-08,0,0,1,0,0,1,1978,https://en.wikipedia.org/wiki/Antonio_Biosca
1129,P-05918,Birchall,Chris,1984-05-05,0,0,0,1,0,1,2006,https://en.wikipedia.org/wiki/Chris_Birchall
1132,P-20008,Birsa,Valter,1986-08-07,0,0,0,0,1,1,2010,https://en.wikipedia.org/wiki/Valter_Birsa
1141,P-90675,Bjarnason,Birkir,1988-05-27,0,0,0,1,0,1,2018,https://en.wikipedia.org/wiki/Birkir_Bjarnason
1143,P-39860,Björklund,Joachim,1971-03-15,0,0,1,0,0,1,1994,https://en.wikipedia.org/wiki/Joachim_Bj%C3%B6rklund
1145,P-52878,Bjørnebye,Stig Inge,1969-12-11,0,0,1,0,0,2,"1994, 1998",https://en.wikipedia.org/wiki/Stig_Inge_Bj%C3%B8rnebye
1147,P-36988,Blackley,John,1948-05-12,0,0,1,0,0,1,1974,https://en.wikipedia.org/wiki/John_Blackley
1150,P-74952,Blanc,Laurent,1965-11-19,0,0,1,0,0,1,1998,https://en.wikipedia.org/wiki/Laurent_Blanc
1153,P-88428,Blanco,Cuauhtémoc,1973-01-17,0,0,0,0,1,3,"1998, 2002, 2010",https://en.wikipedia.org/wiki/Cuauht%C3%A9moc_Blanco
1155,P-57494,Błaszczykowski,Jakub,1985-12-14,0,0,0,1,0,1,2018,https://en.wikipedia.org/wiki/Jakub_B%C5%82aszczykowski
1157,P-39861,Blind,Daley,1990-03-09,0,0,1,0,0,2,"2014, 2022",https://en.wikipedia.org/wiki/Daley_Blind
1159,P-44443,Bliss,Brian,1965-09-28,0,0,1,0,0,1,1990,https://en.wikipedia.org/wiki/Brian_Bliss
1161,P-03282,Blokhin,Oleh,1952-11-05,0,0,0,0,1,2,"1982, 1986",https://en.wikipedia.org/wiki/Oleh_Blokhin
1162,P-65081,Blomqvist,Jesper,1974-02-05,0,0,0,1,0,1,1994,https://en.wikipedia.org/wiki/Jesper_Blomqvist
1165,P-68375,Boa Morte,Luís,1977-08-04,0,0,0,0,1,1,2006,https://en.wikipedia.org/wiki/Lu%C3%ADs_Boa_Morte
1166,P-49882,Boateng,Derek,1983-05-02,0,0,0,1,0,2,"2006, 2010",https://en.wikipedia.org/wiki/Derek_Boateng
1167,P-04224,Boateng,Jérôme,1988-09-03,0,0,1,0,0,3,"2010, 2014, 2018",https://en.wikipedia.org/wiki/J%C3%A9r%C3%B4me_Boateng
1168,P-66316,Boateng,Kevin-Prince,1987-03-06,0,0,0,1,1,2,"2010, 2014",https://en.wikipedia.org/wiki/Kevin-Prince_Boateng
1169,P-81343,Boath,Allan,1958-02-14,0,0,0,1,0,1,1982,https://en.wikipedia.org/wiki/Allan_Boath
1171,P-69624,Boba,Lobilo,1950-04-10,0,0,1,0,0,1,1974,https://en.wikipedia.org/wiki/Lobilo_Boba
1172,P-26126,Bobadilla,Aldo,1976-04-20,0,1,0,0,0,2,"2006, 2010",https://en.wikipedia.org/wiki/Aldo_Bobadilla
1173,P-05779,Boban,Zvonimir,1968-10-08,0,0,0,1,0,1,1998,https://en.wikipedia.org/wiki/Zvonimir_Boban
1174,P-83431,Bobek,Stjepan,1923-12-03,0,0,0,1,1,2,"1950, 1954",https://en.wikipedia.org/wiki/Stjepan_Bobek
1175,P-12548,Bocanegra,Carlos,1979-05-25,0,0,1,0,0,2,"2006, 2010",https://en.wikipedia.org/wiki/Carlos_Bocanegra
1177,P-60363,Bochini,Ricardo,1954-01-25,0,0,0,1,0,1,1986,https://en.wikipedia.org/wiki/Ricardo_Bochini
1180,P-03026,Bode,Marco,1969-07-23,0,0,0,1,0,1,2002,https://en.wikipedia.org/wiki/Marco_Bode
1184,P-31941,Böðvarsson,Jón Daði,1992-05-25,0,0,0,0,1,1,2018,https://en.wikipedia.org/wiki/J%C3%B3n_Da%C3%B0i_B%C3%B6%C3%B0varsson
1186,P-33197,Boffin,Danny,1965-07-10,0,0,0,1,0,3,"1994, 1998, 2002",https://en.wikipedia.org/wiki/Danny_Boffin
1187,P-76156,Bogarde,Winston,1970-10-22,0,0,1,0,0,1,1998,https://en.wikipedia.org/wiki/Winston_Bogarde
1189,P-05337,Bøgelund,Kasper,1980-10-08,0,0,1,0,0,1,2002,https://en.wikipedia.org/wiki/Kasper_B%C3%B8gelund
1191,P-10738,Boghossian,Alain,1970-10-27,0,0,0,1,0,2,"1998, 2002",https://en.wikipedia.org/wiki/Alain_Boghossian
1192,P-29556,Bogićević,Vladislav,1950-11-07,0,0,0,1,0,1,1974,https://en.wikipedia.org/wiki/Vladislav_Bogi%C4%87evi%C4%87
1193,P-48639,Bognár,György,1961-11-05,0,0,0,1,0,1,1986,https://en.wikipedia.org/wiki/Gy%C3%B6rgy_Bogn%C3%A1r
1195,P-50065,Bohinen,Lars,1969-09-08,0,0,0,1,0,1,1994,https://en.wikipedia.org/wiki/Lars_Bohinen
1197,P-08544,Boka,Arthur,1983-04-02,0,0,1,0,0,3,"2006, 2010, 2014",https://en.wikipedia.org/wiki/Arthur_Boka
1198,P-50470,Bokšić,Alen,1970-01-21,0,0,0,0,1,2,"1990, 2002",https://en.wikipedia.org/wiki/Alen_Bok%C5%A1i%C4%87
1199,P-77800,Bolaño,Jorge,1977-04-28,0,0,0,1,0,1,1998,https://en.wikipedia.org/wiki/Jorge_Bola%C3%B1o
1200,P-57722,Bolaños,Christian,1984-05-17,0,0,0,1,0,3,"2006, 2014, 2018",https://en.wikipedia.org/wiki/Christian_Bola%C3%B1os
1202,P-06108,Bolatti,Mario,1985-02-17,0,0,0,1,0,1,2010,https://en.wikipedia.org/wiki/Mario_Bolatti
1204,P-23169,Bolly,Mathis,1990-11-14,0,0,0,0,1,1,2014,https://en.wikipedia.org/wiki/Mathis_Bolly
1213,P-22302,Bonet,Carlos,1977-10-02,0,0,1,1,0,3,"2002, 2006, 2010",https://en.wikipedia.org/wiki/Carlos_Bonet
1214,P-25979,Bonetti,Peter,1941-09-27,0,1,0,0,0,2,"1966, 1970",https://en.wikipedia.org/wiki/Peter_Bonetti
1215,P-63835,Bonev,Hristo,1947-02-03,0,0,0,0,1,2,"1970, 1974",https://en.wikipedia.org/wiki/Hristo_Bonev
1217,P-47081,Bong,Gaëtan,1988-04-25,0,0,1,0,0,1,2010,https://en.wikipedia.org/wiki/Ga%C3%ABtan_Bong
1218,P-41102,Bonhof,Rainer,1952-03-29,0,0,0,1,0,2,"1974, 1978",https://en.wikipedia.org/wiki/Rainer_Bonhof
1219,P-03652,Boniek,Zbigniew,1956-03-03,0,0,0,1,1,3,"1978, 1982, 1986",https://en.wikipedia.org/wiki/Zbigniew_Boniek
1220,P-92154,Boninsegna,Roberto,1943-11-13,0,0,0,0,1,2,"1970, 1974",https://en.wikipedia.org/wiki/Roberto_Boninsegna
1221,P-75209,Boniperti,Giampiero,1928-07-04,0,0,0,0,1,2,"1950, 1954",https://en.wikipedia.org/wiki/Giampiero_Boniperti
1224,P-67839,Bonner,Pat,1960-05-24,0,1,0,0,0,2,"1990, 1994",https://en.wikipedia.org/wiki/Pat_Bonner
1226,P-57248,Bonucci,Leonardo,1987-05-01,0,0,1,0,0,2,"2010, 2014",https://en.wikipedia.org/wiki/Leonardo_Bonucci
1227,P-31736,Bonvallet,Eduardo,1955-01-13,0,0,0,1,0,1,1982,https://en.wikipedia.org/wiki/Eduardo_Bonvallet
1228,P-84532,Bony,Wilfried,1988-12-10,0,0,0,0,1,1,2014,https://en.wikipedia.org/wiki/Wilfried_Bony
1232,P-51888,Booth,Scott,1971-12-16,0,0,0,0,1,1,1998,https://en.wikipedia.org/wiki/Scott_Booth
1239,P-59590,Borg,Hasse,1953-08-04,0,0,1,0,0,1,1978,https://en.wikipedia.org/wiki/Hasse_Borg
1240,P-90496,Borges,Carlos,1932-01-14,0,0,0,0,1,1,1954,https://en.wikipedia.org/wiki/Carlos_Borges
1241,P-11767,Borges,Celso,1988-05-27,0,0,0,1,0,3,"2014, 2018, 2022",https://en.wikipedia.org/wiki/Celso_Borges
1242,P-81643,Borgetti,Jared,1973-08-14,0,0,0,0,1,2,"2002, 2006",https://en.wikipedia.org/wiki/Jared_Borgetti
1243,P-45025,Borghi,Claudio,1964-09-28,0,0,0,1,0,1,1986,https://en.wikipedia.org/wiki/Claudio_Borghi_(football_manager)
1245,P-13809,Borhani,Arash,1983-09-14,0,0,0,0,1,1,2006,https://en.wikipedia.org/wiki/Arash_Borhani
1246,P-40793,Borimirov,Daniel,1970-01-15,0,0,0,1,0,2,"1994, 1998",https://en.wikipedia.org/wiki/Daniel_Borimirov
1247,P-77670,Borisov,Krasimir,1950-04-08,0,0,0,0,1,1,1974,https://en.wikipedia.org/wiki/Krasimir_Borisov
1248,P-92800,Borja,Carlos,1956-12-25,0,0,0,1,0,1,1994,https://en.wikipedia.org/wiki/Carlos_Fernando_Borja
1249,P-55734,Borja,Enrique,1945-12-30,0,0,0,0,1,2,"1966, 1970",https://en.wikipedia.org/wiki/Enrique_Borja
1250,P-51733,Borja,Félix,1983-04-02,0,0,0,0,1,1,2006,https://en.wikipedia.org/wiki/F%C3%A9lix_Borja
1251,P-59950,Borja,Miguel,1993-01-26,0,0,0,0,1,1,2018,https://en.wikipedia.org/wiki/Miguel_Borja
1253,P-46263,Borjan,Milan,1987-10-23,0,1,0,0,0,1,2022,https://en.wikipedia.org/wiki/Milan_Borjan
1255,P-10129,Borkelmans,Vital,1963-06-01,0,0,1,0,0,2,"1994, 1998",https://en.wikipedia.org/wiki/Vital_Borkelmans
1256,P-56817,Bornstein,Jonathan,1984-11-07,0,0,1,0,0,1,2010,https://en.wikipedia.org/wiki/Jonathan_Bornstein
1257,P-99207,Borodyuk,Aleksandr,1962-11-30,0,0,0,1,0,2,"1990, 1994",https://en.wikipedia.org/wiki/Aleksandr_Borodyuk
1260,P-10493,Borovsky,Sergei,1956-01-29,0,0,1,0,0,1,1982,https://en.wikipedia.org/wiki/Sergei_Borovsky
1261,P-08154,Borowski,Tim,1980-05-02,0,0,0,1,0,1,2006,https://en.wikipedia.org/wiki/Tim_Borowski
1262,P-32695,Boruc,Artur,1980-02-20,0,1,0,0,0,1,2006,https://en.wikipedia.org/wiki/Artur_Boruc
1263,P-37586,Bosacki,Bartosz,1975-12-20,0,0,1,0,0,1,2006,https://en.wikipedia.org/wiki/Bartosz_Bosacki
1266,P-55099,Boskamp,Johan,1948-10-21,0,0,0,1,0,1,1978,https://en.wikipedia.org/wiki/Johan_Boskamp
1269,P-15428,Bošnjak,Ivan,1979-02-06,0,0,0,0,1,1,2006,https://en.wikipedia.org/wiki/Ivan_Bo%C5%A1njak
1273,P-89543,Bossio,Miguel,1960-02-10,0,0,0,1,0,1,1986,https://en.wikipedia.org/wiki/Miguel_Bossio
1274,P-03719,Bossis,Maxime,1955-06-26,0,0,1,0,0,3,"1978, 1982, 1986",https://en.wikipedia.org/wiki/Maxime_Bossis
1279,P-89154,Bouazizi,Riadh,1973-04-08,0,0,0,1,0,3,"1998, 2002, 2006",https://en.wikipedia.org/wiki/Riadh_Bouazizi
1281,P-70903,Boudebouz,Ryad,1990-02-19,0,0,0,1,0,1,2010,https://en.wikipedia.org/wiki/Ryad_Boudebouz
1282,P-99850,Bouderbala,Aziz,1960-12-26,0,0,0,1,0,1,1986,https://en.wikipedia.org/wiki/Aziz_Bouderbala
1283,P-95754,Boudiaf,Karim,1990-09-16,0,0,0,1,0,1,2022,https://en.wikipedia.org/wiki/Karim_Boudiaf
1284,P-59033,Boufal,Sofiane,1993-09-17,0,0,0,1,0,1,2022,https://en.wikipedia.org/wiki/Sofiane_Boufal
1285,P-21116,Bougherra,Madjid,1982-10-07,0,0,1,0,0,2,"2010, 2014",https://en.wikipedia.org/wiki/Madjid_Bougherra
1287,P-60872,Bouhaddouz,Aziz,1987-03-30,0,0,0,0,1,1,2018,https://en.wikipedia.org/wiki/Aziz_Bouhaddouz
1288,P-25497,Boukadida,Mounir,1967-10-24,0,0,1,0,0,1,1998,https://en.wikipedia.org/wiki/Mounir_Boukadida
1289,P-41783,Boukar,Alioum,1972-01-03,0,1,0,0,0,2,"1998, 2002",https://en.wikipedia.org/wiki/Alioum_Boukar
1290,P-46895,Boulahrouz,Khalid,1981-12-28,0,0,1,0,0,2,"2006, 2010",https://en.wikipedia.org/wiki/Khalid_Boulahrouz
1292,P-52641,Boumnijel,Ali,1966-04-13,0,1,0,0,0,3,"1998, 2002, 2006",https://en.wikipedia.org/wiki/Ali_Boumnijel
1294,P-50688,Bounou,Yassine,1991-04-05,0,1,0,0,0,2,"2018, 2022",https://en.wikipedia.org/wiki/Yassine_Bounou
1296,P-99212,Bourebbou,Abdelmajid,1951-03-16,0,0,0,0,1,1,1982,https://en.wikipedia.org/wiki/Abdelmajid_Bourebbou
1298,P-46553,Boussoufa,Mbark,1984-08-15,0,0,0,1,0,1,2018,https://en.wikipedia.org/wiki/Mbark_Boussoufa
1299,P-15199,Boutaïb,Khalid,1987-04-24,0,0,0,0,1,1,2018,https://en.wikipedia.org/wiki/Khalid_Bouta%C3%AFb
1300,P-07753,Bouyahyaoui,Noureddine,1955-01-07,0,0,1,0,0,1,1986,https://en.wikipedia.org/wiki/Noureddine_Bouyahyaoui
1301,P-91608,Bouyboud,Abdelmajid,1966-10-24,0,0,0,0,1,1,1994,https://en.wikipedia.org/wiki/Abdelmajid_Bouyboud
1302,P-87702,Bouzaiene,Raouf,1970-08-16,0,0,1,0,0,1,2002,https://en.wikipedia.org/wiki/Raouf_Bouzaiene
1307,P-62984,Boy,Tomás,1951-06-28,0,0,0,1,0,1,1986,https://en.wikipedia.org/wiki/Tom%C3%A1s_Boy
1308,P-85472,Boyata,Dedryck,1990-11-28,0,0,1,0,0,1,2018,https://en.wikipedia.org/wiki/Dedryck_Boyata
1309,P-48864,Boyd,Tom,1965-11-24,0,0,1,0,0,1,1998,https://en.wikipedia.org/wiki/Tom_Boyd_(Scottish_footballer)
1310,P-97544,Boyd,Walter,1972-01-01,0,0,0,0,1,1,1998,https://en.wikipedia.org/wiki/Walter_Boyd_(footballer)
1311,P-06024,Boye,John,1987-04-23,0,0,1,0,0,1,2014,https://en.wikipedia.org/wiki/John_Boye
1313,P-52319,Bozanic,Oliver,1989-01-08,0,0,0,1,0,1,2014,https://en.wikipedia.org/wiki/Oliver_Bozanic
1315,P-70989,Bozsik,József,1925-11-28,0,0,1,1,0,2,"1954, 1958",https://en.wikipedia.org/wiki/J%C3%B3zsef_Bozsik
1316,P-63744,Braafheid,Edson,1983-04-08,0,0,1,0,0,1,2010,https://en.wikipedia.org/wiki/Edson_Braafheid
1318,P-86043,Bracci,François,1951-11-03,0,0,1,0,0,1,1978,https://en.wikipedia.org/wiki/Fran%C3%A7ois_Bracci
1320,P-57763,Bradarić,Filip,1992-01-11,0,0,0,1,0,1,2018,https://en.wikipedia.org/wiki/Filip_Bradari%C4%87
1321,P-97258,Bradley,Michael,1987-07-31,0,0,0,1,0,2,"2010, 2014",https://en.wikipedia.org/wiki/Michael_Bradley_(soccer)
1324,P-24983,Brahimi,Yacine,1990-02-08,0,0,0,1,0,1,2014,https://en.wikipedia.org/wiki/Yacine_Brahimi
1327,P-85579,Braithwaite,Martin,1991-06-05,0,0,0,0,1,2,"2018, 2022",https://en.wikipedia.org/wiki/Martin_Braithwaite
1329,P-90842,Branco,not applicable,1964-04-04,0,0,1,0,0,3,"1986, 1990, 1994",https://en.wikipedia.org/wiki/Branco_(footballer)
1334,P-50679,Brandt,Julian,1996-05-02,0,0,0,1,0,2,"2018, 2022",https://en.wikipedia.org/wiki/Julian_Brandt
1335,P-82670,Brandts,Ernie,1956-02-03,0,0,1,0,0,1,1978,https://en.wikipedia.org/wiki/Ernie_Brandts
1336,P-18468,Bransch,Bernd,1944-09-24,0,0,1,0,0,1,1974,https://en.wikipedia.org/wiki/Bernd_Bransch
1337,P-90792,Bratseth,Rune,1961-03-19,0,0,1,0,0,1,1994,https://en.wikipedia.org/wiki/Rune_Bratseth
1340,P-89601,Bravo,Claudio,1983-04-13,0,1,0,0,0,2,"2010, 2014",https://en.wikipedia.org/wiki/Claudio_Bravo
1341,P-34977,Bravo,Omar,1980-03-04,0,0,0,0,1,1,2006,https://en.wikipedia.org/wiki/Omar_Bravo
1344,P-27545,Brazil,Alan,1959-06-15,0,0,0,0,1,1,1982,https://en.wikipedia.org/wiki/Alan_Brazil
1345,P-33677,Brečko,Mišo,1984-05-01,0,0,1,0,0,1,2010,https://en.wikipedia.org/wiki/Mi%C5%A1o_Bre%C4%8Dko
1347,P-22209,Breen,Gary,1973-12-12,0,0,1,0,0,1,2002,https://en.wikipedia.org/wiki/Gary_Breen
1348,P-26437,Bregy,Georges,1958-01-17,0,0,0,1,0,1,1994,https://en.wikipedia.org/wiki/Georges_Bregy
1349,P-67713,Brehme,Andreas,1960-11-09,0,0,1,0,0,3,"1986, 1990, 1994",https://en.wikipedia.org/wiki/Andreas_Brehme
1350,P-49343,Breitenberger,Gerhard,1954-10-14,0,0,1,0,0,1,1978,"https://en.wikipedia.org/wiki/Gerhard_Breitenberger_(footballer,_born_1954)"
1351,P-48686,Breitner,Paul,1951-09-05,0,0,1,0,0,2,"1974, 1982",https://en.wikipedia.org/wiki/Paul_Breitner
1352,P-14060,Bremer,not applicable,1997-03-18,0,0,1,0,0,1,2022,https://en.wikipedia.org/wiki/Gleison_Bremer
1354,P-63058,Bremner,Billy,1942-12-09,0,0,0,1,0,1,1974,https://en.wikipedia.org/wiki/Billy_Bremner
1355,P-21246,Brenes,Randall,1983-08-13,0,0,0,0,1,1,2014,https://en.wikipedia.org/wiki/Randall_Brenes
1357,P-84486,Bresciano,Mark,1980-02-11,0,0,0,1,0,3,"2006, 2010, 2014",https://en.wikipedia.org/wiki/Mark_Bresciano
1362,P-15173,Bridge,Ian,1959-09-18,0,0,1,0,0,1,1986,https://en.wikipedia.org/wiki/Ian_Bridge
1363,P-91486,Bridge,Wayne,1980-08-05,0,0,1,0,0,2,"2002, 2006",https://en.wikipedia.org/wiki/Wayne_Bridge
1364,P-79689,Briegel,Hans-Peter,1955-10-11,0,0,1,0,0,2,"1982, 1986",https://en.wikipedia.org/wiki/Hans-Peter_Briegel
1368,P-79103,Brindisi,Miguel Ángel,1950-10-08,0,0,0,1,0,1,1974,https://en.wikipedia.org/wiki/Miguel_%C3%81ngel_Brindisi
1370,P-59934,Brito,not applicable,1939-08-09,0,0,1,0,0,2,"1966, 1970",https://en.wikipedia.org/wiki/H%C3%A9rcules_Brito_Ruas
1374,P-73933,Brizuela,Hugo,1969-02-08,0,0,0,0,1,1,1998,https://en.wikipedia.org/wiki/Hugo_Brizuela
1376,P-15547,Brnović,Branko,1967-08-08,0,0,0,1,0,1,1998,https://en.wikipedia.org/wiki/Branko_Brnovi%C4%87
1377,P-71107,Brnović,Dragoljub,1963-11-02,0,0,0,1,0,1,1990,https://en.wikipedia.org/wiki/Dragoljub_Brnovi%C4%87
1379,P-88758,Broadis,Ivor,1922-12-18,0,0,0,0,1,1,1954,https://en.wikipedia.org/wiki/Ivor_Broadis
1381,P-72611,Brockie,Jeremy,1987-10-07,0,0,0,1,0,1,2010,https://en.wikipedia.org/wiki/Jeremy_Brockie
1384,P-26281,Brolin,Tomas,1969-11-29,0,0,0,0,1,2,"1990, 1994",https://en.wikipedia.org/wiki/Tomas_Brolin
1387,P-11879,Bronn,Dylan,1995-06-19,0,0,1,0,0,2,"2018, 2022",https://en.wikipedia.org/wiki/Dylan_Bronn
1389,P-04882,Brooking,Trevor,1948-10-02,0,0,0,1,0,1,1982,https://en.wikipedia.org/wiki/Trevor_Brooking
1390,P-41262,Brooks,John,1993-01-28,0,0,1,0,0,1,2014,"https://en.wikipedia.org/wiki/John_Brooks_(soccer,_born_1993)"
1391,P-93848,Broos,Hugo,1952-04-10,0,0,1,0,0,1,1986,https://en.wikipedia.org/wiki/Hugo_Broos
1393,P-05529,Brotherston,Noel,1956-11-18,0,0,0,0,1,1,1982,https://en.wikipedia.org/wiki/Noel_Brotherston
1398,P-06424,Brown,Jim,1908-12-31,0,0,0,0,1,1,1930,https://en.wikipedia.org/wiki/Jim_Brown_(soccer)
1400,P-62815,Brown,José Luis,1956-11-10,0,0,1,0,0,1,1986,https://en.wikipedia.org/wiki/Jos%C3%A9_Luis_Brown
1406,P-67164,Brożek,Paweł,1983-04-21,0,0,0,0,1,1,2006,https://en.wikipedia.org/wiki/Pawe%C5%82_Bro%C5%BCek
1407,P-79215,Brozović,Marcelo,1992-11-16,0,0,0,1,0,3,"2014, 2018, 2022",https://en.wikipedia.org/wiki/Marcelo_Brozovi%C4%87
1409,P-12917,Brülls,Albert,1937-03-26,0,0,0,1,0,2,"1962, 1966",https://en.wikipedia.org/wiki/Albert_Br%C3%BClls
1414,P-07024,Brustad,Arne,1912-04-14,0,0,0,0,1,1,1938,https://en.wikipedia.org/wiki/Arne_Brustad
1415,P-14189,Bryce,Steven,1977-08-16,0,0,0,0,1,1,2002,https://en.wikipedia.org/wiki/Steven_Bryce
1418,P-93918,Bubnov,Aleksandr,1955-10-10,0,0,1,0,0,1,1986,https://en.wikipedia.org/wiki/Aleksandr_Bubnov
1421,P-98422,Buchan,Martin,1949-03-06,0,0,1,0,0,2,"1974, 1978",https://en.wikipedia.org/wiki/Martin_Buchan
1423,P-96259,Buchanan,Tajon,1999-02-08,0,0,0,0,1,1,2022,https://en.wikipedia.org/wiki/Tajon_Buchanan
1426,P-51921,Buchwald,Guido,1961-01-24,0,0,1,0,0,2,"1990, 1994",https://en.wikipedia.org/wiki/Guido_Buchwald
1427,P-37844,Buckley,Delron,1977-12-07,0,0,0,1,1,2,"1998, 2002",https://en.wikipedia.org/wiki/Delron_Buckley
1429,P-15091,Buddle,Edson,1981-05-21,0,0,0,0,1,1,2010,https://en.wikipedia.org/wiki/Edson_Buddle
1430,P-99461,Budimir,Ante,1991-07-22,0,0,0,0,1,1,2022,https://en.wikipedia.org/wiki/Ante_Budimir
1435,P-11392,Buffon,Gianluigi,1978-01-28,0,1,0,0,0,5,"1998, 2002, 2006, 2010, 2014",https://en.wikipedia.org/wiki/Gianluigi_Buffon
1440,P-72363,Bukari,Osman,1998-12-13,0,0,0,1,0,1,2022,https://en.wikipedia.org/wiki/Osman_Bukari
1441,P-54102,Bulajič,Spasoje,1975-11-24,0,0,1,0,0,1,2002,https://en.wikipedia.org/wiki/Spasoje_Bulaji%C4%8D
1442,P-72738,Bulgarelli,Giacomo,1940-10-24,0,0,0,1,1,2,"1962, 1966",https://en.wikipedia.org/wiki/Giacomo_Bulgarelli
1443,P-47694,Buljan,Ivan,1949-12-11,0,0,1,0,0,1,1974,https://en.wikipedia.org/wiki/Ivan_Buljan
1444,P-37148,Buljevic,Branko,1947-09-06,0,0,0,0,1,1,1974,https://en.wikipedia.org/wiki/Branko_Buljevic
1445,P-00081,Bull,Steve,1965-03-28,0,0,0,0,1,1,1990,https://en.wikipedia.org/wiki/Steve_Bull
1446,P-62128,Bulnes,Fernando,1946-10-21,0,0,1,0,0,1,1982,https://en.wikipedia.org/wiki/Fernando_Bulnes
1449,P-40684,Buncol,Andrzej,1959-09-21,0,0,0,1,0,2,"1982, 1986",https://en.wikipedia.org/wiki/Andrzej_Buncol
1451,P-04767,Bunjaku,Albert,1983-11-29,0,0,0,0,1,1,2010,https://en.wikipedia.org/wiki/Albert_Bunjaku
1455,P-13416,Burcsa,Győző,1954-03-13,0,0,0,1,0,1,1986,https://en.wikipedia.org/wiki/Gy%C5%91z%C5%91_Burcsa
1457,P-56532,Burdisso,Nicolás,1981-04-12,0,0,1,0,0,2,"2006, 2010",https://en.wikipedia.org/wiki/Nicol%C3%A1s_Burdisso
1461,P-42540,Burgnich,Tarcisio,1939-04-25,0,0,1,0,0,3,"1966, 1970, 1974",https://en.wikipedia.org/wiki/Tarcisio_Burgnich
1469,P-74264,Burley,Craig,1971-09-24,0,0,0,1,0,1,1998,https://en.wikipedia.org/wiki/Craig_Burley
1471,P-94977,Burns,Kenny,1953-09-23,0,0,1,0,0,1,1978,https://en.wikipedia.org/wiki/Kenny_Burns
1472,P-06020,Burns,Mike,1970-09-14,0,0,1,0,0,2,"1994, 1998",https://en.wikipedia.org/wiki/Mike_Burns_(soccer)
1473,P-95267,Burruchaga,Jorge,1962-10-09,0,0,0,1,1,2,"1986, 1990",https://en.wikipedia.org/wiki/Jorge_Burruchaga
1475,P-36985,Burton,Deon,1976-10-25,0,0,0,0,1,1,1998,https://en.wikipedia.org/wiki/Deon_Burton
1476,P-31907,Buruk,Okan,1973-10-19,0,0,0,1,0,1,2002,https://en.wikipedia.org/wiki/Okan_Buruk
1479,P-94731,Busk,Søren,1953-04-10,0,0,1,0,0,1,1986,https://en.wikipedia.org/wiki/S%C3%B8ren_Busk
1481,P-28010,Busquets,Sergio,1988-07-16,0,0,0,1,0,4,"2010, 2014, 2018, 2022",https://en.wikipedia.org/wiki/Sergio_Busquets
1485,P-49962,Butcher,Terry,1958-12-28,0,0,1,0,0,3,"1982, 1986, 1990",https://en.wikipedia.org/wiki/Terry_Butcher
1489,P-12940,Butragueño,Emilio,1963-07-22,0,0,0,0,1,2,"1986, 1990",https://en.wikipedia.org/wiki/Emilio_Butrague%C3%B1o
1490,P-05630,Butt,Hans-Jörg,1974-05-28,0,1,0,0,0,2,"2002, 2010",https://en.wikipedia.org/wiki/Hans-J%C3%B6rg_Butt
1491,P-03723,Butt,Nicky,1975-01-21,0,0,0,1,0,1,2002,https://en.wikipedia.org/wiki/Nicky_Butt
1496,P-55388,Byelik,Oleksiy,1981-02-15,0,0,0,0,1,1,2006,https://en.wikipedia.org/wiki/Oleksiy_Byelik
1500,P-02102,Byshovets,Anatoliy,1946-04-23,0,0,0,0,1,1,1970,https://en.wikipedia.org/wiki/Anatoliy_Byshovets
1501,P-50938,Byun,Byung-joo,1961-04-26,0,0,0,0,1,2,"1986, 1990",https://en.wikipedia.org/wiki/Byun_Byung-joo
1502,P-42459,Caballero,Carlos,1958-12-05,0,0,0,1,0,1,1982,https://en.wikipedia.org/wiki/Carlos_Orlando_Caballero
1503,P-76755,Caballero,Gabriel,1971-02-05,0,0,0,1,0,1,2002,https://en.wikipedia.org/wiki/Gabriel_Caballero
1505,P-17853,Caballero,Willy,1981-09-28,0,1,0,0,0,1,2018,https://en.wikipedia.org/wiki/Willy_Caballero
1506,P-11817,Cabanas,Ricardo,1979-01-17,0,0,0,1,0,1,2006,https://en.wikipedia.org/wiki/Ricardo_Cabanas
1507,P-29440,Cabañas,Roberto,1961-04-11,0,0,0,0,1,1,1986,https://en.wikipedia.org/wiki/Roberto_Caba%C3%B1as
1510,P-67867,Cabaye,Yohan,1986-01-14,0,0,0,1,0,1,2014,https://en.wikipedia.org/wiki/Yohan_Cabaye
1513,P-10096,Cabezas,Salvador,1947-02-28,0,0,0,0,1,1,1970,https://en.wikipedia.org/wiki/Salvador_Cabezas
1515,P-35342,Cabrera,Ángel,1939-10-09,0,0,0,0,1,1,1962,https://en.wikipedia.org/wiki/%C3%81ngel_Cabrera_(footballer)
1519,P-18562,Cabrera,Wilmar,1959-07-31,0,0,0,0,1,1,1986,https://en.wikipedia.org/wiki/Wilmar_Cabrera
1520,P-13552,Cabrera,Wílmer,1967-09-15,0,0,1,0,0,2,"1990, 1998",https://en.wikipedia.org/wiki/W%C3%ADlmer_Cabrera
1521,P-03775,Cabrini,Antonio,1957-10-08,0,0,1,0,0,3,"1978, 1982, 1986",https://en.wikipedia.org/wiki/Antonio_Cabrini
1522,P-10713,Cacau,not applicable,1981-03-27,0,0,0,0,1,1,2010,https://en.wikipedia.org/wiki/Cacau
1524,P-41616,Cáceres,Fernando,1969-02-07,0,0,1,0,0,1,1994,https://en.wikipedia.org/wiki/Fernando_C%C3%A1ceres
1526,P-50109,Cáceres,Julio César,1979-10-05,0,0,1,0,0,3,"2002, 2006, 2010",https://en.wikipedia.org/wiki/Julio_C%C3%A9sar_C%C3%A1ceres
1527,P-74058,Cáceres,Martín,1987-04-07,0,0,1,0,0,4,"2010, 2014, 2018, 2022",https://en.wikipedia.org/wiki/Mart%C3%ADn_C%C3%A1ceres
1528,P-21823,Cáceres,Víctor,1985-03-25,0,0,0,1,0,1,2010,https://en.wikipedia.org/wiki/V%C3%ADctor_C%C3%A1ceres
1533,P-91718,Cafu,not applicable,1970-06-07,0,0,1,0,0,4,"1994, 1998, 2002, 2006",https://en.wikipedia.org/wiki/Cafu
1534,P-56280,Cahill,Gary,1985-12-19,0,0,1,0,0,2,"2014, 2018",https://en.wikipedia.org/wiki/Gary_Cahill
1535,P-44926,Cahill,Tim,1979-12-06,0,0,0,1,1,4,"2006, 2010, 2014, 2018",https://en.wikipedia.org/wiki/Tim_Cahill
1537,P-79710,Caicedo,Felipe,1988-09-05,0,0,0,0,1,1,2014,https://en.wikipedia.org/wiki/Felipe_Caicedo
1538,P-82216,Caicedo,Moisés,2001-11-02,0,0,0,1,0,1,2022,https://en.wikipedia.org/wiki/Mois%C3%A9s_Caicedo
1539,P-23914,Čajkovski,Željko,1925-05-05,0,0,0,0,1,1,1950,https://en.wikipedia.org/wiki/%C5%BDeljko_%C4%8Cajkovski
1541,P-65181,Caju,not applicable,1949-06-16,0,0,0,1,0,2,"1970, 1974","https://en.wikipedia.org/wiki/Caju_(footballer,_born_1949)"
1544,P-14296,Calderé,Ramón,1959-01-16,0,0,0,1,0,1,1986,https://en.wikipedia.org/wiki/Ram%C3%B3n_Calder%C3%A9
1545,P-10969,Calderón,Gabriel,1960-02-07,0,0,0,0,1,2,"1982, 1990",https://en.wikipedia.org/wiki/Gabriel_Calder%C3%B3n
1546,P-66980,Calderón,Ignacio,1943-12-13,0,1,0,0,0,2,"1966, 1970",https://en.wikipedia.org/wiki/Ignacio_Calder%C3%B3n
1549,P-77029,Calderwood,Colin,1965-01-20,0,0,1,0,0,1,1998,https://en.wikipedia.org/wiki/Colin_Calderwood
1552,P-57922,Ćaleta-Car,Duje,1996-09-17,0,0,1,0,0,1,2018,https://en.wikipedia.org/wiki/Duje_%C4%86aleta-Car
1555,P-82723,Caligiuri,Paul,1964-03-09,0,0,1,1,0,2,"1990, 1994",https://en.wikipedia.org/wiki/Paul_Caligiuri
1561,P-71100,Calvo,Francisco,1992-07-08,0,0,1,0,0,2,"2018, 2022",https://en.wikipedia.org/wiki/Francisco_Calvo
1563,P-96996,Camacho,José Antonio,1955-06-08,0,0,1,0,0,2,"1982, 1986",https://en.wikipedia.org/wiki/Jos%C3%A9_Antonio_Camacho
1565,P-01462,Camara,Henri,1977-05-10,0,0,0,0,1,1,2002,https://en.wikipedia.org/wiki/Henri_Camara
1566,P-05029,Camara,Souleymane,1982-12-22,0,0,0,0,1,1,2002,https://en.wikipedia.org/wiki/Souleymane_Camara
1567,P-80697,Camarasa,Paco,1967-09-27,0,0,1,0,0,1,1994,https://en.wikipedia.org/wiki/Paco_Camarasa
1569,P-80996,Camavinga,Eduardo,2002-11-10,0,0,0,1,0,1,2022,https://en.wikipedia.org/wiki/Eduardo_Camavinga
1571,P-66229,Cambiasso,Esteban,1980-08-18,0,0,0,1,0,1,2006,https://en.wikipedia.org/wiki/Esteban_Cambiasso
1574,P-31173,Cameron,Geoff,1985-07-11,0,0,1,0,0,1,2014,https://en.wikipedia.org/wiki/Geoff_Cameron
1577,P-97666,Caminero,José Luis,1967-11-08,0,0,0,1,0,1,1994,https://en.wikipedia.org/wiki/Jos%C3%A9_Luis_Caminero
1578,P-22378,Camoranesi,Mauro,1976-10-04,0,0,0,1,0,2,"2006, 2010",https://en.wikipedia.org/wiki/Mauro_Camoranesi
1579,P-69606,Campagnaro,Hugo,1980-06-27,0,0,1,0,0,1,2014,https://en.wikipedia.org/wiki/Hugo_Campagnaro
1583,P-40633,Campbell,David,1965-06-02,0,0,0,1,0,1,1986,https://en.wikipedia.org/wiki/David_Campbell_(footballer)
1584,P-33066,Campbell,Ernie,1949-10-20,0,0,0,1,0,1,1974,https://en.wikipedia.org/wiki/Ernie_Campbell
1585,P-70812,Campbell,Joel,1992-06-26,0,0,0,0,1,3,"2014, 2018, 2022",https://en.wikipedia.org/wiki/Joel_Campbell
1588,P-97840,Campbell,Sol,1974-09-18,0,0,1,0,0,3,"1998, 2002, 2006",https://en.wikipedia.org/wiki/Sol_Campbell
1589,P-22620,Campo,Iván,1974-02-21,0,0,1,0,0,1,1998,https://en.wikipedia.org/wiki/Iv%C3%A1n_Campo
1591,P-30953,Campos,Eloy,1942-05-31,0,0,1,0,0,1,1970,https://en.wikipedia.org/wiki/Eloy_Campos
1593,P-50787,Campos,Jorge,1966-10-15,0,1,0,0,0,3,"1994, 1998, 2002",https://en.wikipedia.org/wiki/Jorge_Campos
1594,P-78557,Campos,Jorge Luis,1970-08-11,0,0,0,1,1,2,"1998, 2002",https://en.wikipedia.org/wiki/Jorge_Luis_Campos
1599,P-16736,Cancelo,João,1994-05-27,0,0,1,0,0,1,2022,https://en.wikipedia.org/wiki/Jo%C3%A3o_Cancelo
1600,P-22876,Candela,Vincent,1973-10-24,0,0,1,0,0,2,"1998, 2002",https://en.wikipedia.org/wiki/Vincent_Candela
1601,P-35850,Candreva,Antonio,1987-02-28,0,0,0,1,0,1,2014,https://en.wikipedia.org/wiki/Antonio_Candreva
1602,P-48643,Caneira,Marco,1979-02-09,0,0,1,0,0,2,"2002, 2006",https://en.wikipedia.org/wiki/Marco_Caneira
1603,P-53152,Cañete,Adolfino,1956-09-13,0,0,0,1,0,1,1986,https://en.wikipedia.org/wiki/Adolfino_Ca%C3%B1ete
1605,P-35873,Caniggia,Claudio,1967-01-09,0,0,0,0,1,3,"1990, 1994, 2002",https://en.wikipedia.org/wiki/Claudio_Caniggia
1606,P-82458,Caniza,Denis,1974-08-29,0,0,1,0,0,4,"1998, 2002, 2006, 2010",https://en.wikipedia.org/wiki/Denis_Caniza
1607,P-16059,Cañizares,Santiago,1969-12-18,0,1,0,0,0,3,"1994, 1998, 2006",https://en.wikipedia.org/wiki/Santiago_Ca%C3%B1izares
1608,P-88863,Cannavaro,Fabio,1973-09-13,0,0,1,0,0,4,"1998, 2002, 2006, 2010",https://en.wikipedia.org/wiki/Fabio_Cannavaro
1609,P-38692,Cano,Rubén,1951-02-05,0,0,0,0,1,1,1978,https://en.wikipedia.org/wiki/Rub%C3%A9n_Cano
1610,P-24667,Canobbio,Agustín,1998-10-01,0,0,0,1,0,1,2022,https://en.wikipedia.org/wiki/Agust%C3%ADn_Canobbio
1613,P-47753,Capdevila,Joan,1978-02-03,0,0,1,0,0,1,2010,https://en.wikipedia.org/wiki/Joan_Capdevila
1616,P-93703,Capello,Fabio,1946-06-18,0,0,0,1,0,1,1974,https://en.wikipedia.org/wiki/Fabio_Capello
1617,P-90487,Čapkovič,Ján,1948-01-11,0,0,0,0,1,1,1970,https://en.wikipedia.org/wiki/J%C3%A1n_%C4%8Capkovi%C4%8D
1622,P-07559,Capucho,not applicable,1972-02-21,0,0,0,1,0,1,2002,https://en.wikipedia.org/wiki/Capucho_(footballer)
1623,P-51460,Carapellese,Riccardo,1922-07-01,0,0,0,0,1,1,1950,https://en.wikipedia.org/wiki/Riccardo_Carapellese
1626,P-76077,Carbonero,Carlos,1990-07-25,0,0,0,1,0,1,2014,https://en.wikipedia.org/wiki/Carlos_Carbonero
1627,P-54137,Carcela,Mehdi,1989-07-01,0,0,0,1,0,1,2018,https://en.wikipedia.org/wiki/Mehdi_Carcela
1628,P-35067,Cardaccio,Alberto,1949-08-26,0,0,0,1,0,1,1974,https://en.wikipedia.org/wiki/Alberto_Cardaccio
1629,P-25743,Cárdenas,Javier,1952-12-08,0,0,0,1,0,1,1978,https://en.wikipedia.org/wiki/Javier_C%C3%A1rdenas_(footballer)
1630,P-53255,Cárdenas,Raúl,1928-10-30,0,0,1,1,0,3,"1954, 1958, 1962",https://en.wikipedia.org/wiki/Ra%C3%BAl_C%C3%A1rdenas
1631,P-28881,Cardeñosa,Julio,1949-10-27,0,0,0,1,0,1,1978,https://en.wikipedia.org/wiki/Julio_Carde%C3%B1osa
1632,P-98051,Cardozo,José,1971-03-19,0,0,0,0,1,2,"1998, 2002",https://en.wikipedia.org/wiki/Jos%C3%A9_Cardozo
1633,P-30381,Cardozo,Óscar,1983-05-20,0,0,0,0,1,1,2010,https://en.wikipedia.org/wiki/%C3%93scar_Cardozo
1634,P-90635,Careca,not applicable,1960-10-05,0,0,0,0,1,2,"1986, 1990",https://en.wikipedia.org/wiki/Careca
1635,P-49195,Cargill,Peter,1964-03-02,0,0,0,1,0,1,1998,https://en.wikipedia.org/wiki/Peter_Cargill
1636,P-91888,Carini,Fabián,1979-12-26,0,1,0,0,0,1,2002,https://en.wikipedia.org/wiki/Fabi%C3%A1n_Carini
1641,P-43781,Carlos,not applicable,1956-03-04,0,1,0,0,0,3,"1978, 1982, 1986",https://en.wikipedia.org/wiki/Carlos_Roberto_Gallo
1642,P-85176,Carlos,Roberto,1973-04-10,0,0,1,0,0,3,"1998, 2002, 2006",https://en.wikipedia.org/wiki/Roberto_Carlos
1647,P-41671,Carmona,Carlos,1987-02-21,0,0,0,1,0,2,"2010, 2014",https://en.wikipedia.org/wiki/Carlos_Carmona
1648,P-32594,Carmona,Salvador,1975-08-22,0,0,1,0,0,2,"1998, 2002",https://en.wikipedia.org/wiki/Salvador_Carmona
1649,P-14062,Carnell,Bradley,1977-01-21,0,0,1,0,0,1,2002,https://en.wikipedia.org/wiki/Bradley_Carnell
1650,P-49269,Carnevale,Andrea,1961-01-12,0,0,0,0,1,1,1990,https://en.wikipedia.org/wiki/Andrea_Carnevale
1651,P-53390,Carnevali,Daniel,1946-12-04,0,1,0,0,0,1,1974,https://en.wikipedia.org/wiki/Daniel_Carnevali
1652,P-03552,Carney,David,1983-11-30,0,0,1,0,0,1,2010,https://en.wikipedia.org/wiki/David_Carney
1656,P-07188,Carpegiani,not applicable,1949-02-07,0,0,0,1,0,1,1974,https://en.wikipedia.org/wiki/Paulo_C%C3%A9sar_Carpegiani
1658,P-50944,Carragher,Jamie,1978-01-28,0,0,1,0,0,2,"2006, 2010",https://en.wikipedia.org/wiki/Jamie_Carragher
1660,P-06338,Carrasco,Yannick,1993-09-04,0,0,0,1,1,2,"2018, 2022",https://en.wikipedia.org/wiki/Yannick_Carrasco
1661,P-37370,Carrascosa,Jorge,1948-08-15,0,0,1,0,0,1,1974,https://en.wikipedia.org/wiki/Jorge_Carrascosa
1664,P-94135,Carreño,Juan,1907-08-14,0,0,0,0,1,1,1930,https://en.wikipedia.org/wiki/Juan_Carre%C3%B1o
1666,P-50718,Carrick,Michael,1981-07-28,0,0,0,1,0,2,"2006, 2010",https://en.wikipedia.org/wiki/Michael_Carrick
1667,P-39610,Carrillo,André,1991-06-14,0,0,0,0,1,1,2018,https://en.wikipedia.org/wiki/Andr%C3%A9_Carrillo
1670,P-57284,Carsley,Lee,1974-02-28,0,0,0,1,0,1,2002,https://en.wikipedia.org/wiki/Lee_Carsley
1673,P-77391,Cartagena,Wilder,1994-09-23,0,0,0,1,0,1,2018,https://en.wikipedia.org/wiki/Wilder_Cartagena
1675,P-25925,Carter-Vickers,Cameron,1997-12-31,0,0,1,0,0,1,2022,https://en.wikipedia.org/wiki/Cameron_Carter-Vickers
1678,P-71071,Carvajal,Dani,1992-01-11,0,0,1,0,0,2,"2018, 2022",https://en.wikipedia.org/wiki/Dani_Carvajal
1681,P-37760,Carvalho,Ricardo,1978-05-18,0,0,1,0,0,2,"2006, 2010",https://en.wikipedia.org/wiki/Ricardo_Carvalho
1682,P-44689,Carvalho,William,1992-04-07,0,0,0,1,0,3,"2014, 2018, 2022",https://en.wikipedia.org/wiki/William_Carvalho
1686,P-19190,Casagrande,not applicable,1963-04-15,0,0,0,0,1,1,1986,https://en.wikipedia.org/wiki/Walter_Casagrande
1689,P-22131,Casarín,Horacio,1918-05-25,0,0,0,0,1,1,1950,https://en.wikipedia.org/wiki/Horacio_Casar%C3%ADn
1691,P-94106,Cascarino,Tony,1962-09-01,0,0,0,0,1,2,"1990, 1994",https://en.wikipedia.org/wiki/Tony_Cascarino
1692,P-02305,Casemiro,not applicable,1992-02-23,0,0,0,1,0,2,"2018, 2022",https://en.wikipedia.org/wiki/Casemiro
1694,P-17099,Cash,Matty,1997-08-07,0,0,1,0,0,1,2022,https://en.wikipedia.org/wiki/Matty_Cash
1695,P-61793,Casillas,Iker,1981-05-20,0,1,0,0,0,4,"2002, 2006, 2010, 2014",https://en.wikipedia.org/wiki/Iker_Casillas
1696,P-26730,Casiraghi,Pierluigi,1969-03-04,0,0,0,0,1,1,1994,https://en.wikipedia.org/wiki/Pierluigi_Casiraghi
1697,P-04221,Cassano,Antonio,1982-07-12,0,0,0,0,1,1,2014,https://en.wikipedia.org/wiki/Antonio_Cassano
1700,P-13942,Cassidy,Tommy,1950-11-18,0,0,0,1,0,1,1982,https://en.wikipedia.org/wiki/Tommy_Cassidy
1702,P-56069,Castagne,Timothy,1995-12-05,0,0,0,1,0,1,2022,https://en.wikipedia.org/wiki/Timothy_Castagne
1703,P-17626,Castaneda,Jean,1957-03-20,0,1,0,0,0,1,1982,https://en.wikipedia.org/wiki/Jean_Castaneda
1704,P-85132,Castañeda,Cristián,1968-09-18,0,0,1,0,0,1,1998,https://en.wikipedia.org/wiki/Cristi%C3%A1n_Casta%C3%B1eda
1708,P-59303,Castelletto,Jean-Charles,1995-01-26,0,0,1,0,0,1,2022,https://en.wikipedia.org/wiki/Jean-Charles_Castelletto
1712,P-98480,Castillo,Mario,1951-10-30,0,0,1,0,0,1,1982,https://en.wikipedia.org/wiki/Mario_Castillo
1713,P-90575,Castillo,Ramiro,1966-03-27,0,0,0,1,0,1,1994,https://en.wikipedia.org/wiki/Ramiro_Castillo
1714,P-96174,Castillo,Segundo,1982-05-15,0,0,0,1,0,1,2006,"https://en.wikipedia.org/wiki/Segundo_Castillo_(footballer,_born_1982)"
1716,P-73169,Castro,Carlos,1978-09-10,0,0,1,0,0,1,2002,"https://en.wikipedia.org/wiki/Carlos_Castro_(footballer,_born_1978)"
1717,P-87801,Castro,Guillermo,1940-06-25,0,0,1,0,0,1,1970,https://en.wikipedia.org/wiki/Guillermo_Castro_(Salvadoran_footballer)
1718,P-54697,Castro,Héctor,1904-11-29,0,0,0,0,1,1,1930,https://en.wikipedia.org/wiki/H%C3%A9ctor_Castro
1719,P-02461,Castro,Israel,1980-12-29,0,0,0,1,0,1,2010,https://en.wikipedia.org/wiki/Israel_Castro
1721,P-86098,Castro,José Antonio,1980-08-11,0,0,1,0,0,1,2006,https://en.wikipedia.org/wiki/Jos%C3%A9_Antonio_Castro
1726,P-57208,Caszely,Carlos,1950-07-05,0,0,0,0,1,2,"1974, 1982",https://en.wikipedia.org/wiki/Carlos_Caszely
1727,P-49485,Çatkıç,Ömer,1974-10-15,0,1,0,0,0,1,2002,https://en.wikipedia.org/wiki/%C3%96mer_%C3%87atk%C4%B1%C3%A7
1730,P-44349,Causio,Franco,1949-02-01,0,0,0,1,0,3,"1974, 1978, 1982",https://en.wikipedia.org/wiki/Franco_Causio
1731,P-60052,Cavallero,Pablo,1974-04-13,0,1,0,0,0,2,"1998, 2002",https://en.wikipedia.org/wiki/Pablo_Cavallero
1732,P-58061,Cavallini,Lucas,1992-12-28,0,0,0,0,1,1,2022,https://en.wikipedia.org/wiki/Lucas_Cavallini
1733,P-59138,Cavani,Edinson,1987-02-14,0,0,0,0,1,4,"2010, 2014, 2018, 2022",https://en.wikipedia.org/wiki/Edinson_Cavani
1735,P-18941,Cayasso,Juan,1961-06-24,0,0,0,1,0,1,1990,https://en.wikipedia.org/wiki/Juan_Cayasso
1737,P-98074,Cazorla,Santi,1984-12-13,0,0,0,1,0,1,2014,https://en.wikipedia.org/wiki/Santi_Cazorla
1738,P-18628,Cea,Pedro,1900-09-01,0,0,0,0,1,1,1930,https://en.wikipedia.org/wiki/Pedro_Cea
1740,P-51100,Čech,Marek,1983-01-26,0,0,1,0,0,1,2010,https://en.wikipedia.org/wiki/Marek_%C4%8Cech_(Slovak_footballer)
1741,P-53062,Čech,Petr,1982-05-20,0,1,0,0,0,1,2006,https://en.wikipedia.org/wiki/Petr_%C4%8Cech
1743,P-46272,Cédric,not applicable,1991-08-31,0,0,1,0,0,1,2018,https://en.wikipedia.org/wiki/C%C3%A9dric_Soares
1744,P-22187,Čeh,Aleš,1968-04-07,0,0,0,1,0,1,2002,https://en.wikipedia.org/wiki/Ale%C5%A1_%C4%8Ceh
1745,P-74981,Čeh,Nastja,1978-01-26,0,0,0,1,0,1,2002,https://en.wikipedia.org/wiki/Nastja_%C4%8Ceh
1746,P-08262,Celades,Albert,1975-09-29,0,0,0,1,0,1,1998,https://en.wikipedia.org/wiki/Albert_Celades
1747,P-01939,Ceni,Rogério,1973-01-22,0,1,0,0,0,2,"2002, 2006",https://en.wikipedia.org/wiki/Rog%C3%A9rio_Ceni
1749,P-68890,Centeno,Walter,1974-10-06,0,0,0,1,0,2,"2002, 2006",https://en.wikipedia.org/wiki/Walter_Centeno
1751,P-53189,Cera,Pierluigi,1941-02-25,0,0,1,0,0,1,1970,https://en.wikipedia.org/wiki/Pierluigi_Cera
1752,P-73371,Cerbah,Mehdi,1953-04-03,0,1,0,0,0,1,1982,https://en.wikipedia.org/wiki/Mehdi_Cerbah
1753,P-39774,Cerci,Alessio,1987-07-23,0,0,0,0,1,1,2014,https://en.wikipedia.org/wiki/Alessio_Cerci
1755,P-22554,Cerezo,Toninho,1955-04-21,0,0,0,1,0,2,"1978, 1982",https://en.wikipedia.org/wiki/Toninho_Cerezo
1757,P-99116,Cerny,Harald,1973-09-13,0,0,0,1,0,1,1998,https://en.wikipedia.org/wiki/Harald_Cerny
1760,P-68662,Cesar,Boštjan,1982-07-09,0,0,1,0,0,1,2010,https://en.wikipedia.org/wiki/Bo%C5%A1tjan_Cesar
1761,P-05820,César,Júlio,1963-03-08,0,0,1,0,0,1,1986,"https://en.wikipedia.org/wiki/J%C3%BAlio_C%C3%A9sar_(footballer,_born_1963)"
1762,P-11275,César,Júlio,1979-09-03,0,1,0,0,0,3,"2006, 2010, 2014","https://en.wikipedia.org/wiki/J%C3%BAlio_C%C3%A9sar_(football_goalkeeper,_born_1979)"
1767,P-25456,Ceulemans,Jan,1957-02-28,0,0,0,1,0,3,"1982, 1986, 1990",https://en.wikipedia.org/wiki/Jan_Ceulemans
1768,P-11930,Cevallos,José Francisco,1971-04-17,0,1,0,0,0,1,2002,https://en.wikipedia.org/wiki/Jos%C3%A9_Francisco_Cevallos
1769,P-13141,Cha,Bum-kun,1953-05-21,0,0,0,0,1,1,1986,https://en.wikipedia.org/wiki/Cha_Bum-kun
1770,P-39884,Cha,Du-ri,1980-07-25,0,0,1,0,1,2,"2002, 2010",https://en.wikipedia.org/wiki/Cha_Du-ri
1771,P-44308,Cha,Jong-hyok,1985-09-25,0,0,1,0,0,1,2010,https://en.wikipedia.org/wiki/Cha_Jong-hyok
1772,P-09569,Chaalali,Ghailene,1994-02-28,0,0,0,1,1,2,"2018, 2022",https://en.wikipedia.org/wiki/Ghailene_Chaalali
1774,P-57150,Chacón,Daniel,2001-04-11,0,0,0,1,0,1,2022,https://en.wikipedia.org/wiki/Daniel_Chac%C3%B3n_(footballer)
1776,P-69919,Chadli,Nacer,1989-08-02,0,0,0,1,0,2,"2014, 2018",https://en.wikipedia.org/wiki/Nacer_Chadli
1777,P-81415,Chagas,Marinho,1952-02-08,0,0,1,0,0,1,1974,https://en.wikipedia.org/wiki/Marinho_Chagas
1779,P-87409,Chair,Ilias,1997-10-30,0,0,0,1,0,1,2022,https://en.wikipedia.org/wiki/Ilias_Chair
1781,P-99914,Chalá,Cléber,1971-06-29,0,0,0,1,0,1,2002,https://en.wikipedia.org/wiki/Cl%C3%A9ber_Chal%C3%A1
1784,P-19550,Challe,Roberto,1946-11-24,0,0,0,1,0,1,1970,https://en.wikipedia.org/wiki/Roberto_Challe
1785,P-54028,Chaloupka,Pavel,1959-05-04,0,0,0,1,0,1,1982,https://en.wikipedia.org/wiki/Pavel_Chaloupka
1789,P-28816,Chamot,José,1969-05-17,0,0,1,0,0,3,"1994, 1998, 2002",https://en.wikipedia.org/wiki/Jos%C3%A9_Chamot
1793,P-88360,Chang-hoon,Kwon,1994-06-30,0,0,0,1,0,1,2022,https://en.wikipedia.org/wiki/Kwon_Chang-hoon
1794,P-90721,Chanov,Viktor,1959-07-21,0,1,0,0,0,3,"1982, 1986, 1990",https://en.wikipedia.org/wiki/Viktor_Chanov
1798,P-09278,Chaouch,Mohammed,1966-12-12,0,0,0,0,1,1,1994,https://en.wikipedia.org/wiki/Mohammed_Chaouch
1799,P-17205,Chaouchi,Faouzi,1984-12-05,0,1,0,0,0,1,2010,https://en.wikipedia.org/wiki/Faouzi_Chaouchi
1806,P-28977,Chapuisat,Stéphane,1969-06-28,0,0,0,0,1,1,1994,https://en.wikipedia.org/wiki/St%C3%A9phane_Chapuisat
1808,P-32124,Charisteas,Angelos,1980-02-09,0,0,0,0,1,1,2010,https://en.wikipedia.org/wiki/Angelos_Charisteas
1810,P-12687,Charles,John,1931-12-27,0,0,0,0,1,1,1958,https://en.wikipedia.org/wiki/John_Charles
1812,P-08601,Charlton,Bobby,1937-10-11,0,0,0,1,1,4,"1958, 1962, 1966, 1970",https://en.wikipedia.org/wiki/Bobby_Charlton
1813,P-43761,Charlton,Jack,1935-05-08,0,0,1,0,0,2,"1966, 1970",https://en.wikipedia.org/wiki/Jack_Charlton
1816,P-13444,Chavarría,Germán,1958-03-19,0,0,0,1,0,1,1990,https://en.wikipedia.org/wiki/Germ%C3%A1n_Chavarr%C3%ADa
1817,P-78926,Chaves,José Carlos,1958-09-03,0,0,0,1,0,1,1990,https://en.wikipedia.org/wiki/Jos%C3%A9_Carlos_Chaves
1820,P-70776,Chávez,Juan Carlos,1967-01-18,0,0,0,1,0,1,1994,https://en.wikipedia.org/wiki/Juan_Carlos_Ch%C3%A1vez
1821,P-49806,Chávez,Luis,1996-01-15,0,0,0,1,0,1,2022,https://en.wikipedia.org/wiki/Luis_Ch%C3%A1vez_(footballer)
1822,P-36601,Chávez,Marvin,1983-11-03,0,0,0,1,0,1,2014,https://en.wikipedia.org/wiki/Marvin_Ch%C3%A1vez
1823,P-53363,Chávez,Osman,1984-07-29,0,0,1,0,0,2,"2010, 2014",https://en.wikipedia.org/wiki/Osman_Ch%C3%A1vez
1824,P-16804,Chazarreta,Enrique,1947-07-29,0,0,0,1,0,1,1974,https://en.wikipedia.org/wiki/Enrique_Chazarreta
1828,P-05216,Cheddira,Walid,1998-01-22,0,0,0,0,1,1,2022,https://en.wikipedia.org/wiki/Walid_Cheddira
1829,P-86625,Chedjou,Aurélien,1985-06-20,0,0,1,0,0,2,"2010, 2014",https://en.wikipedia.org/wiki/Aur%C3%A9lien_Chedjou
1830,P-63068,Chedli,Adel,1976-09-16,0,0,0,1,0,1,2006,https://en.wikipedia.org/wiki/Adel_Chedli
1837,P-31693,Chendo,not applicable,1961-10-12,0,0,1,0,0,2,"1986, 1990",https://en.wikipedia.org/wiki/Chendo
1838,P-82210,Cherchesov,Stanislav,1963-09-02,0,1,0,0,0,2,"1994, 2002",https://en.wikipedia.org/wiki/Stanislav_Cherchesov
1840,P-77238,Cherundolo,Steve,1979-02-19,0,0,1,0,0,3,"2002, 2006, 2010",https://en.wikipedia.org/wiki/Steve_Cherundolo
1841,P-43675,Cheryshev,Denis,1990-12-26,0,0,0,1,0,1,2018,https://en.wikipedia.org/wiki/Denis_Cheryshev
1842,P-98747,Cheshmi,Rouzbeh,1993-07-24,0,0,1,0,0,2,"2018, 2022",https://en.wikipedia.org/wiki/Rouzbeh_Cheshmi
1845,P-76158,Chiba,Saïd,1970-09-18,0,0,0,1,0,1,1998,https://en.wikipedia.org/wiki/Sa%C3%AFd_Chiba
1846,P-53581,Chicão,not applicable,1949-01-30,0,0,0,1,0,1,1978,https://en.wikipedia.org/wiki/Francisco_Jezu%C3%ADno_Avanzi
1847,P-22428,Chico,not applicable,1922-01-07,0,0,0,0,1,1,1950,https://en.wikipedia.org/wiki/Francisco_Aramburu
1850,P-92874,Chiellini,Giorgio,1984-08-14,0,0,1,0,0,2,"2010, 2014",https://en.wikipedia.org/wiki/Giorgio_Chiellini
1851,P-35079,Chiesa,Enrico,1970-12-29,0,0,0,0,1,1,1998,https://en.wikipedia.org/wiki/Enrico_Chiesa
1852,P-28789,Chihi,Sirajeddine,1970-04-16,0,0,0,1,0,1,1998,https://en.wikipedia.org/wiki/Sirajeddine_Chihi
1853,P-27618,Chikhaoui,Yassine,1986-09-02,0,0,0,0,1,1,2006,https://en.wikipedia.org/wiki/Yassine_Chikhaoui
1855,P-36426,Chilavert,José Luis,1965-07-27,0,1,0,0,0,2,"1998, 2002",https://en.wikipedia.org/wiki/Jos%C3%A9_Luis_Chilavert
1862,P-74017,Chinaglia,Giorgio,1947-01-24,0,0,0,0,1,1,1974,https://en.wikipedia.org/wiki/Giorgio_Chinaglia
1866,P-60008,Chipperfield,Scott,1975-12-30,0,0,1,1,0,2,"2006, 2010",https://en.wikipedia.org/wiki/Scott_Chipperfield
1867,P-78077,Chippo,Youssef,1973-05-10,0,0,0,1,0,1,1998,https://en.wikipedia.org/wiki/Youssef_Chippo
1870,P-38721,Chislenko,Igor,1939-01-04,0,0,0,1,0,2,"1962, 1966",https://en.wikipedia.org/wiki/Igor_Chislenko
1871,P-66593,Chivadze,Aleksandr,1955-04-08,0,0,1,0,0,2,"1982, 1986",https://en.wikipedia.org/wiki/Aleksandr_Chivadze
1875,P-20248,Cho,Jae-jin,1981-07-09,0,0,0,0,1,1,2006,https://en.wikipedia.org/wiki/Cho_Jae-jin
1876,P-52179,Cho,Jin-ho,1973-08-02,0,0,0,1,0,1,1994,https://en.wikipedia.org/wiki/Cho_Jin-ho_(footballer)
1877,P-45849,Cho,Kwang-rae,1954-03-19,0,0,0,1,0,1,1986,https://en.wikipedia.org/wiki/Cho_Kwang-rae
1878,P-74032,Cho,Min-kook,1963-07-05,0,0,1,0,0,2,"1986, 1990",https://en.wikipedia.org/wiki/Cho_Min-kook
1881,P-16580,Cho,Yong-hyung,1983-11-03,0,0,0,1,0,1,2010,https://en.wikipedia.org/wiki/Cho_Yong-hyung
1882,P-46375,Cho,Young-jeung,1954-08-18,0,0,1,0,0,1,1986,https://en.wikipedia.org/wiki/Cho_Young-jeung
1883,P-92121,Choe,Kum-chol,1987-02-09,0,0,0,0,1,1,2010,https://en.wikipedia.org/wiki/Choe_Kum-chol
1888,P-20285,Choi,In-young,1962-03-05,0,1,0,0,0,2,"1990, 1994",https://en.wikipedia.org/wiki/Choi_In-young
1889,P-07865,Choi,Jin-cheul,1971-03-26,0,0,1,0,0,2,"2002, 2006",https://en.wikipedia.org/wiki/Choi_Jin-cheul
1890,P-35322,Choi,Kang-hee,1959-04-12,0,0,1,0,0,1,1990,https://en.wikipedia.org/wiki/Choi_Kang-hee_(footballer)
1892,P-51349,Choi,Soon-ho,1962-01-10,0,0,0,0,1,2,"1986, 1990",https://en.wikipedia.org/wiki/Choi_Soon-ho
1893,P-17666,Choi,Sung-yong,1975-12-25,0,0,0,1,0,2,"1998, 2002",https://en.wikipedia.org/wiki/Choi_Sung-yong
1894,P-37114,Choi,Tae-uk,1981-03-13,0,0,0,0,1,1,2002,https://en.wikipedia.org/wiki/Choi_Tae-uk
1895,P-72495,Choi,Yong-soo,1973-09-10,0,0,0,0,1,2,"1998, 2002",https://en.wikipedia.org/wiki/Choi_Yong-soo
1896,P-51868,Choi,Young-il,1966-04-25,0,0,1,0,0,2,"1994, 1998",https://en.wikipedia.org/wiki/Choi_Young-il
1903,P-48736,Chouchane,Ferid,1973-04-19,0,0,1,0,0,1,1998,https://en.wikipedia.org/wiki/Ferid_Chouchane
1904,P-15207,Choukri,Moustapha,1945-01-01,0,0,0,1,0,1,1970,https://en.wikipedia.org/wiki/Moustapha_Choukri
1905,P-06117,Choupo-Moting,Eric Maxim,1989-03-23,0,0,0,0,1,3,"2010, 2014, 2022",https://en.wikipedia.org/wiki/Eric_Maxim_Choupo-Moting
1906,P-52500,Chovanec,Jozef,1960-03-07,0,0,0,1,0,1,1990,https://en.wikipedia.org/wiki/Jozef_Chovanec
1909,P-18923,Christensen,Andreas,1996-04-10,0,0,1,0,0,2,"2018, 2022",https://en.wikipedia.org/wiki/Andreas_Christensen
1917,P-26059,Christie,Jeremy,1983-05-22,0,0,0,1,0,1,2010,https://en.wikipedia.org/wiki/Jeremy_Christie
1918,P-68693,Christodoulopoulos,Lazaros,1986-12-19,0,0,0,1,0,1,2014,https://en.wikipedia.org/wiki/Lazaros_Christodoulopoulos
1919,P-03331,Christopher,Justice,1981-12-24,0,0,0,1,0,1,2002,https://en.wikipedia.org/wiki/Justice_Christopher
1925,P-76522,Chumpitaz,Héctor,1944-04-12,0,0,1,0,0,2,"1970, 1978",https://en.wikipedia.org/wiki/H%C3%A9ctor_Chumpitaz
1926,P-43076,Chung,Hae-won,1959-07-01,0,0,0,0,1,1,1990,https://en.wikipedia.org/wiki/Chung_Hae-won
1927,P-93017,Chung,Jong-son,1966-03-20,0,0,0,1,0,1,1994,https://en.wikipedia.org/wiki/Chung_Jong-son
1928,P-65387,Chung,Jong-soo,1961-03-27,0,0,1,0,0,2,"1986, 1990",https://en.wikipedia.org/wiki/Chung_Jong-soo
1932,P-68971,Chung,Yong-hwan,1960-02-10,0,0,1,0,0,2,"1986, 1990",https://en.wikipedia.org/wiki/Chung_Yong-hwan
1934,P-47627,Cicinho,not applicable,1980-06-24,0,0,1,0,0,1,2006,https://en.wikipedia.org/wiki/Cicinho
1936,P-93539,Cieslarczyk,Hans,1937-05-03,0,0,0,0,1,1,1958,https://en.wikipedia.org/wiki/Hans_Cieslarczyk
1937,P-75628,Cifuentes,José,1999-03-12,0,0,0,1,0,1,2022,https://en.wikipedia.org/wiki/Jos%C3%A9_Cifuentes
1939,P-68395,Cillessen,Jasper,1989-04-22,0,1,0,0,0,1,2014,https://en.wikipedia.org/wiki/Jasper_Cillessen
1942,P-00649,Cimirotič,Sebastjan,1974-09-14,0,0,0,0,1,1,2002,https://en.wikipedia.org/wiki/Sebastjan_Cimiroti%C4%8D
1943,P-16780,Ciobotariu,Liviu,1971-03-26,0,0,1,0,0,1,1998,https://en.wikipedia.org/wiki/Liviu_Ciobotariu
1945,P-91411,Ciołek,Włodzimierz,1956-03-24,0,0,0,0,1,1,1982,https://en.wikipedia.org/wiki/W%C5%82odzimierz_Cio%C5%82ek
1946,P-40820,Cionek,Thiago,1986-04-21,0,0,1,0,0,1,2018,https://en.wikipedia.org/wiki/Thiago_Cionek
1950,P-67584,Cisneros,Rigoberto,1953-08-15,0,0,1,0,0,1,1978,https://en.wikipedia.org/wiki/Rigoberto_Cisneros
1951,P-61416,Ciss,Pathé,1994-03-16,0,0,0,1,0,1,2022,https://en.wikipedia.org/wiki/Path%C3%A9_Ciss
1952,P-95302,Cissé,Aliou,1976-03-24,0,0,1,0,0,1,2002,https://en.wikipedia.org/wiki/Aliou_Ciss%C3%A9
1953,P-53533,Cissé,Djibril,1981-08-12,0,0,0,0,1,2,"2002, 2010",https://en.wikipedia.org/wiki/Djibril_Ciss%C3%A9
1955,P-90626,Cissé,Pape Abou,1995-09-14,0,0,1,0,0,1,2022,https://en.wikipedia.org/wiki/Pape_Abou_Ciss%C3%A9
1957,P-47038,Claesen,Nico,1962-10-07,0,0,0,0,1,2,"1986, 1990",https://en.wikipedia.org/wiki/Nico_Claesen
1959,P-78477,Claesson,Viktor,1992-01-02,0,0,0,1,0,1,2018,https://en.wikipedia.org/wiki/Viktor_Claesson
1964,P-64198,Clark,Ricardo,1983-03-10,0,0,0,1,0,1,2010,https://en.wikipedia.org/wiki/Ricardo_Clark
1965,P-52978,Clarke,Allan,1946-07-31,0,0,0,0,1,1,1970,https://en.wikipedia.org/wiki/Allan_Clarke_(footballer)
1966,P-74529,Clarke,Colin,1962-10-30,0,0,0,0,1,1,1986,"https://en.wikipedia.org/wiki/Colin_Clarke_(footballer,_born_1962)"
1968,P-30748,Claros,Jorge,1986-01-08,0,0,0,1,0,1,2014,https://en.wikipedia.org/wiki/Jorge_Claros
1969,P-27533,Clasie,Jordy,1991-06-27,0,0,0,1,0,1,2014,https://en.wikipedia.org/wiki/Jordy_Clasie
1970,P-61630,Clausen,Néstor,1962-09-29,0,0,1,0,0,1,1986,https://en.wikipedia.org/wiki/N%C3%A9stor_Clausen
1972,P-34393,Clavijo,Fernando,1956-01-23,0,0,1,0,0,1,1994,https://en.wikipedia.org/wiki/Fernando_Clavijo
1974,P-44011,Clayton,José,1974-03-21,0,0,1,1,0,2,"1998, 2002",https://en.wikipedia.org/wiki/Jos%C3%A9_Clayton
1980,P-15154,Clement,Philippe,1974-03-22,0,0,0,1,0,1,1998,https://en.wikipedia.org/wiki/Philippe_Clement
1982,P-77249,Clichy,Gaël,1985-07-26,0,0,1,0,0,1,2010,https://en.wikipedia.org/wiki/Ga%C3%ABl_Clichy
1983,P-05723,Clijsters,Leo,1956-11-06,0,0,1,0,0,2,"1986, 1990",https://en.wikipedia.org/wiki/Leo_Clijsters
1984,P-14923,Clodoaldo,not applicable,1949-09-26,0,0,0,1,0,1,1970,https://en.wikipedia.org/wiki/Clodoaldo
1986,P-07479,Ćmikiewicz,Lesław,1948-08-25,0,0,0,1,0,1,1974,https://en.wikipedia.org/wiki/Les%C5%82aw_%C4%86mikiewicz
1988,P-20051,Coates,Sebastián,1990-10-07,0,0,1,0,0,3,"2014, 2018, 2022",https://en.wikipedia.org/wiki/Sebasti%C3%A1n_Coates
1990,P-15450,Coco,Francesco,1977-01-08,0,0,1,0,0,1,2002,https://en.wikipedia.org/wiki/Francesco_Coco
1991,P-42224,Cocu,Phillip,1970-10-29,0,0,0,1,0,2,"1998, 2006",https://en.wikipedia.org/wiki/Phillip_Cocu
1994,P-94036,Coeck,Ludo,1955-09-25,0,0,0,1,0,1,1982,https://en.wikipedia.org/wiki/Ludo_Coeck
1995,P-92000,Coentrão,Fábio,1988-03-11,0,0,1,0,0,2,"2010, 2014",https://en.wikipedia.org/wiki/F%C3%A1bio_Coentr%C3%A3o
1998,P-76066,Colaussi,Gino,1914-03-04,0,0,0,0,1,1,1938,https://en.wikipedia.org/wiki/Gino_Colaussi
1999,P-90473,Colding,Søren,1972-09-02,0,0,1,0,0,1,1998,https://en.wikipedia.org/wiki/S%C3%B8ren_Colding
2000,P-16557,Cole,Ashley,1980-12-20,0,0,1,0,0,3,"2002, 2006, 2010",https://en.wikipedia.org/wiki/Ashley_Cole
2001,P-88108,Cole,Duncan,1958-07-12,0,0,0,1,0,1,1982,https://en.wikipedia.org/wiki/Duncan_Cole
2002,P-37933,Cole,Joe,1981-11-08,0,0,0,1,0,3,"2002, 2006, 2010",https://en.wikipedia.org/wiki/Joe_Cole
2005,P-00781,Colindres,Daniel,1985-01-10,0,0,0,1,0,1,2018,https://en.wikipedia.org/wiki/Daniel_Colindres
2006,P-32950,Coll,Marcos,1935-08-23,0,0,0,1,0,1,1962,https://en.wikipedia.org/wiki/Marcos_Coll
2008,P-75309,Collins,Bobby,1931-02-16,0,0,0,0,1,1,1958,https://en.wikipedia.org/wiki/Bobby_Collins_(footballer)
2009,P-39646,Collins,John,1968-01-31,0,0,0,1,0,2,"1990, 1998","https://en.wikipedia.org/wiki/John_Collins_(footballer,_born_1968)"
2010,P-30672,Collovati,Fulvio,1957-05-09,0,0,1,0,0,2,"1982, 1986",https://en.wikipedia.org/wiki/Fulvio_Collovati
2011,P-78133,Coloccini,Fabricio,1982-01-22,0,0,1,0,0,1,2006,https://en.wikipedia.org/wiki/Fabricio_Coloccini
2017,P-07137,Colwill,Rubin,2002-04-27,0,0,0,1,0,1,2022,https://en.wikipedia.org/wiki/Rubin_Colwill
2018,P-37924,Coly,Ferdinand,1973-09-10,0,0,1,0,0,1,2002,https://en.wikipedia.org/wiki/Ferdinand_Coly
2019,P-06614,Coman,Kingsley,1996-06-13,0,0,0,0,1,1,2022,https://en.wikipedia.org/wiki/Kingsley_Coman
2023,P-56868,Cömert,Eray,1998-02-04,0,0,1,0,0,1,2022,https://en.wikipedia.org/wiki/Eray_C%C3%B6mert
2026,P-88800,Conceição,Sérgio,1974-11-15,0,0,0,1,0,1,2002,https://en.wikipedia.org/wiki/S%C3%A9rgio_Concei%C3%A7%C3%A3o
2027,P-62978,Conejo,Luis Gabelo,1960-01-01,0,1,0,0,0,1,1990,https://en.wikipedia.org/wiki/Luis_Gabelo_Conejo
2028,P-77348,Conen,Edmund,1914-11-10,0,0,0,0,1,1,1934,https://en.wikipedia.org/wiki/Edmund_Conen
2030,P-20792,Connolly,David,1977-06-06,0,0,0,0,1,1,2002,https://en.wikipedia.org/wiki/David_Connolly
2031,P-83190,Conrad,Jimmy,1977-02-12,0,0,1,0,0,1,2006,https://en.wikipedia.org/wiki/Jimmy_Conrad
2033,P-96535,Conte,Antonio,1969-07-31,0,0,0,1,0,1,1994,https://en.wikipedia.org/wiki/Antonio_Conte
2034,P-66365,Conti,Bruno,1955-03-13,0,0,0,1,1,2,"1982, 1986",https://en.wikipedia.org/wiki/Bruno_Conti
2036,P-02556,Contreras,Anthony,2000-01-29,0,0,0,0,1,1,2022,https://en.wikipedia.org/wiki/Anthony_Contreras
2038,P-29404,Contreras,Pablo,1978-09-11,0,0,1,0,0,1,2010,https://en.wikipedia.org/wiki/Pablo_Contreras
2040,P-42535,Convey,Bobby,1983-05-27,0,0,0,1,0,1,2006,https://en.wikipedia.org/wiki/Bobby_Convey
2042,P-06696,Cooper,Armando,1987-11-26,0,0,0,1,0,1,2018,https://en.wikipedia.org/wiki/Armando_Cooper
2043,P-89287,Cooper,Davie,1956-02-25,0,0,0,0,1,1,1986,https://en.wikipedia.org/wiki/Davie_Cooper
2045,P-40921,Cooper,Terry,1944-07-12,0,0,1,0,0,1,1970,"https://en.wikipedia.org/wiki/Terry_Cooper_(footballer,_born_1944)"
2048,P-40179,Coppell,Steve,1955-07-09,0,0,0,1,0,1,1982,https://en.wikipedia.org/wiki/Steve_Coppell
2049,P-26664,Coppens,Henri,1930-04-29,0,0,0,0,1,1,1954,https://en.wikipedia.org/wiki/Henri_Coppens
2051,P-71952,Corbatta,Oreste,1936-03-11,0,0,0,0,1,1,1958,https://en.wikipedia.org/wiki/Omar_Oreste_Corbatta
2052,P-61660,Corbo,Rubén,1952-01-20,0,0,0,0,1,1,1974,https://en.wikipedia.org/wiki/Rub%C3%A9n_Corbo
2057,P-24621,Córdoba,Óscar,1970-02-03,0,1,0,0,0,2,"1994, 1998",https://en.wikipedia.org/wiki/%C3%93scar_C%C3%B3rdoba
2059,P-08916,Ćorluka,Vedran,1986-02-05,0,0,1,0,0,2,"2014, 2018",https://en.wikipedia.org/wiki/Vedran_%C4%86orluka
2061,P-76038,Cornejo,Fernando,1969-01-28,0,0,0,1,0,1,1998,https://en.wikipedia.org/wiki/Fernando_Cornejo
2062,P-29053,Cornelius,Andreas,1993-03-16,0,0,0,0,1,2,"2018, 2022",https://en.wikipedia.org/wiki/Andreas_Cornelius
2065,P-96694,Corona,Jesús Manuel,1993-01-06,0,0,0,1,0,1,2018,https://en.wikipedia.org/wiki/Jes%C3%BAs_Manuel_Corona
2069,P-92353,Correa,Ángel,1995-03-09,0,0,0,0,1,1,2022,https://en.wikipedia.org/wiki/%C3%81ngel_Correa
2070,P-85271,Correa,Gabriel,1968-01-13,0,0,0,1,0,1,1990,https://en.wikipedia.org/wiki/Gabriel_Correa
2078,P-82186,Cortés,Julio César,1941-03-29,0,0,0,1,0,3,"1962, 1966, 1970",https://en.wikipedia.org/wiki/Julio_C%C3%A9sar_Cort%C3%A9s
2082,P-54377,Cortés,Santiago,1945-01-19,0,0,1,0,0,1,1970,https://en.wikipedia.org/wiki/Santiago_Cort%C3%A9s_(footballer)
2086,P-02231,Costa,Diego,1988-10-07,0,0,0,0,1,2,"2014, 2018",https://en.wikipedia.org/wiki/Diego_Costa
2087,P-54827,Costa,Diogo,1999-09-19,0,1,0,0,0,1,2022,https://en.wikipedia.org/wiki/Diogo_Costa
2088,P-17082,Costa,Douglas,1990-09-14,0,0,0,0,1,1,2018,https://en.wikipedia.org/wiki/Douglas_Costa
2089,P-73722,Costa,Jorge,1971-10-14,0,0,1,0,0,1,2002,https://en.wikipedia.org/wiki/Jorge_Costa_(footballer)
2091,P-55321,Costa,Ricardo,1981-05-16,0,0,1,0,0,3,"2006, 2010, 2014","https://en.wikipedia.org/wiki/Ricardo_Costa_(footballer,_born_1981)"
2092,P-62808,Costa,Rui,1972-03-29,0,0,0,1,0,1,2002,https://en.wikipedia.org/wiki/Rui_Costa
2093,P-36036,Costacurta,Alessandro,1966-04-24,0,0,1,0,0,2,"1994, 1998",https://en.wikipedia.org/wiki/Alessandro_Costacurta
2095,P-80908,Costinha,not applicable,1974-12-01,0,0,0,1,0,1,2006,https://en.wikipedia.org/wiki/Costinha
2096,P-71750,Costly,Anthony,1954-12-13,0,0,1,0,0,1,1982,https://en.wikipedia.org/wiki/Anthony_Costly
2097,P-38682,Costly,Carlo,1982-07-18,0,0,0,0,1,1,2014,https://en.wikipedia.org/wiki/Carlo_Costly
2106,P-13150,Couriol,Alain,1958-10-24,0,0,0,0,1,1,1982,https://en.wikipedia.org/wiki/Alain_Couriol
2108,P-09658,Courtois,Thibaut,1992-05-11,0,1,0,0,0,3,"2014, 2018, 2022",https://en.wikipedia.org/wiki/Thibaut_Courtois
2110,P-37171,Coutinho,Philippe,1992-06-12,0,0,0,1,0,1,2018,https://en.wikipedia.org/wiki/Philippe_Coutinho
2111,P-23927,Couto,Fernando,1969-08-02,0,0,1,0,0,1,2002,https://en.wikipedia.org/wiki/Fernando_Couto
2119,P-90357,Coyne,Tommy,1962-11-14,0,0,0,0,1,1,1994,https://en.wikipedia.org/wiki/Tommy_Coyne
2121,P-43055,Craioveanu,Gheorghe,1968-02-14,0,0,0,0,1,1,1998,https://en.wikipedia.org/wiki/Gheorghe_Craioveanu
2123,P-12959,Crasson,Bertrand,1971-10-05,0,0,1,0,0,1,1998,https://en.wikipedia.org/wiki/Bertrand_Crasson
2126,P-86320,Cremaschi,Atilio,1923-03-08,0,0,0,0,1,1,1950,https://en.wikipedia.org/wiki/Atilio_Cremaschi
2127,P-19888,Crespo,Hernán,1975-07-05,0,0,0,0,1,3,"1998, 2002, 2006",https://en.wikipedia.org/wiki/Hern%C3%A1n_Crespo
2128,P-53388,Cresswell,Kenny,1958-06-04,0,0,0,1,0,1,1982,https://en.wikipedia.org/wiki/Kenny_Cresswell
2132,P-54694,Criscito,Domenico,1986-12-30,0,0,1,0,0,1,2010,https://en.wikipedia.org/wiki/Domenico_Criscito
2133,P-26034,Cristaldo,Luis,1969-08-31,0,0,1,0,0,1,1994,https://en.wikipedia.org/wiki/Luis_Cristaldo
2138,P-20172,Cronqvist,Claes,1944-10-15,0,0,0,1,0,2,"1970, 1974",https://en.wikipedia.org/wiki/Claes_Cronqvist
2139,P-77532,Crouch,Peter,1981-01-30,0,0,0,0,1,2,"2006, 2010",https://en.wikipedia.org/wiki/Peter_Crouch
2141,P-79032,Croy,Jürgen,1946-10-19,0,1,0,0,0,1,1974,https://en.wikipedia.org/wiki/J%C3%BCrgen_Croy
2143,P-50564,Cruyff,Johan,1947-04-25,0,0,0,1,0,1,1974,https://en.wikipedia.org/wiki/Johan_Cruyff
2146,P-56743,Cruz,Felix,1961-04-04,0,0,1,0,0,1,1986,https://en.wikipedia.org/wiki/Felix_Cruz
2148,P-83744,Cruz,Francisco Javier,1966-05-24,0,0,0,0,1,1,1986,https://en.wikipedia.org/wiki/Francisco_Javier_Cruz
2150,P-29948,Cruz,Juan,1959-06-24,0,0,0,1,0,1,1982,https://en.wikipedia.org/wiki/Juan_Cruz_Murillo
2151,P-38198,Cruz,Julio,1974-10-10,0,0,0,0,1,1,2006,https://en.wikipedia.org/wiki/Julio_Ricardo_Cruz
2152,P-92883,Cruz,Luis,1925-04-28,0,0,0,1,0,1,1954,https://en.wikipedia.org/wiki/Luis_Cruz_(Uruguayan_footballer)
2153,P-91620,Cruz,Luis,1949-06-12,0,0,1,0,0,1,1982,https://en.wikipedia.org/wiki/Jos%C3%A9_Luis_Cruz
2156,P-96893,Cruzado,Luis,1941-07-06,0,0,0,1,0,1,1970,https://en.wikipedia.org/wiki/Luis_Cruzado
2157,P-17566,Csapó,Károly,1952-02-23,0,0,0,1,0,2,"1978, 1982",https://en.wikipedia.org/wiki/K%C3%A1roly_Csap%C3%B3
2159,P-69257,Csongrádi,Ferenc,1956-03-29,0,0,0,1,0,1,1982,https://en.wikipedia.org/wiki/Ferenc_Csongr%C3%A1di
2164,P-83216,Cuadrado,Juan,1988-05-26,0,0,0,1,0,2,"2014, 2018",https://en.wikipedia.org/wiki/Juan_Cuadrado
2165,P-71361,Cubero,José Miguel,1987-02-14,0,0,0,1,0,1,2014,https://en.wikipedia.org/wiki/Jos%C3%A9_Miguel_Cubero
2166,P-81929,Cubilla,Luis,1940-03-28,0,0,0,1,1,3,"1962, 1970, 1974",https://en.wikipedia.org/wiki/Luis_Cubilla
2168,P-96979,Cubillas,Teófilo,1949-03-08,0,0,0,1,1,3,"1970, 1978, 1982",https://en.wikipedia.org/wiki/Te%C3%B3filo_Cubillas
2170,P-05902,Cuccureddu,Antonello,1949-10-04,0,0,1,0,0,1,1978,https://en.wikipedia.org/wiki/Antonello_Cuccureddu
2171,P-22755,Cuciuffo,José Luis,1961-02-01,0,0,1,0,0,1,1986,https://en.wikipedia.org/wiki/Jos%C3%A9_Luis_Cuciuffo
2173,P-69029,Cuéllar,Leonardo,1952-01-14,0,0,0,1,0,1,1978,https://en.wikipedia.org/wiki/Leonardo_Cu%C3%A9llar
2176,P-23639,Cueto,César,1952-06-16,0,0,0,1,0,2,"1978, 1982",https://en.wikipedia.org/wiki/C%C3%A9sar_Cueto
2177,P-04154,Cueva,Christian,1991-11-23,0,0,0,1,0,1,2018,https://en.wikipedia.org/wiki/Christian_Cueva
2178,P-88899,Cuevas,Nelson,1980-01-10,0,0,0,0,1,2,"2002, 2006",https://en.wikipedia.org/wiki/Nelson_Cuevas
2179,P-16541,Cufré,Leandro,1978-05-09,0,0,1,0,0,1,2006,https://en.wikipedia.org/wiki/Leandro_Cufr%C3%A9
2181,P-21864,Culina,Jason,1980-08-05,0,0,0,1,0,2,"2006, 2010",https://en.wikipedia.org/wiki/Jason_Culina
2182,P-44313,Cullmann,Bernhard,1949-11-01,0,0,0,1,0,2,"1974, 1978",https://en.wikipedia.org/wiki/Bernhard_Cullmann
2183,P-53385,Cummings,Harold,1992-03-01,0,0,1,0,0,1,2018,https://en.wikipedia.org/wiki/Harold_Cummings
2184,P-67089,Cummings,Jason,1995-08-01,0,0,0,0,1,1,2022,https://en.wikipedia.org/wiki/Jason_Cummings
2185,P-57630,Cunningham,Kenny,1971-06-28,0,0,1,0,0,1,2002,https://en.wikipedia.org/wiki/Kenny_Cunningham
2188,P-39161,Curran,Colin,1947-08-21,0,0,1,0,0,1,1974,https://en.wikipedia.org/wiki/Colin_Curran
2189,P-36975,Cush,Wilbur,1928-06-10,0,0,0,0,1,1,1958,https://en.wikipedia.org/wiki/Wilbur_Cush
2190,P-77440,Custers,Theo,1950-08-10,0,1,0,0,0,1,1982,https://en.wikipedia.org/wiki/Theo_Custers
2194,P-88070,Czerniatynski,Alexandre,1960-07-28,0,0,0,0,1,2,"1982, 1994",https://en.wikipedia.org/wiki/Alexandre_Czerniatynski
2195,P-93334,Czibor,Zoltán,1929-08-08,0,0,0,0,1,1,1954,https://en.wikipedia.org/wiki/Zolt%C3%A1n_Czibor
2199,P-99089,da Costa,Manuel,1986-05-06,0,0,1,0,0,1,2018,"https://en.wikipedia.org/wiki/Manuel_da_Costa_(footballer,_born_1986)"
2200,P-41064,da Guia,Ademir,1942-04-03,0,0,0,1,0,1,1974,https://en.wikipedia.org/wiki/Ademir_da_Guia
2202,P-94995,da Silva,Jorge,1961-12-11,0,0,0,0,1,1,1986,https://en.wikipedia.org/wiki/Jorge_Orosm%C3%A1n_da_Silva
2203,P-30891,da Silva,Paulo,1980-02-01,0,0,1,0,0,2,"2006, 2010",https://en.wikipedia.org/wiki/Paulo_da_Silva
2204,P-55616,Dabanovič,Mladen,1971-09-13,0,1,0,0,0,1,2002,https://en.wikipedia.org/wiki/Mladen_Dabanovi%C4%8D
2206,P-38371,Daei,Ali,1969-03-21,0,0,0,0,1,2,"1998, 2006",https://en.wikipedia.org/wiki/Ali_Daei
2208,P-27229,Daf,Omar,1977-02-12,0,0,1,0,0,1,2002,https://en.wikipedia.org/wiki/Omar_Daf
2210,P-75422,Dahleb,Mustapha,1952-02-08,0,0,0,1,0,1,1982,https://en.wikipedia.org/wiki/Mustapha_Dahleb
2211,P-63429,Dahlin,Martin,1968-04-16,0,0,0,0,1,1,1994,https://en.wikipedia.org/wiki/Martin_Dahlin
2214,P-32803,Dahmen,Aymen,1997-01-28,0,1,0,0,0,1,2022,https://en.wikipedia.org/wiki/Aymen_Dahmen
2217,P-60841,Dailly,Christian,1973-10-23,0,0,1,0,0,1,1998,https://en.wikipedia.org/wiki/Christian_Dailly
2219,P-52793,Dajka,László,1959-04-29,0,0,0,0,1,1,1986,https://en.wikipedia.org/wiki/L%C3%A1szl%C3%B3_Dajka
2221,P-83674,Dalger,Christian,1949-12-19,0,0,0,0,1,1,1978,https://en.wikipedia.org/wiki/Christian_Dalger
2222,P-68584,Dalglish,Kenny,1951-03-04,0,0,0,0,1,3,"1974, 1978, 1982",https://en.wikipedia.org/wiki/Kenny_Dalglish
2226,P-41603,Dalot,Diogo,1999-03-18,0,0,1,0,0,1,2022,https://en.wikipedia.org/wiki/Diogo_Dalot
2227,P-44386,Dalsgaard,Henrik,1989-07-27,0,0,1,0,0,1,2018,https://en.wikipedia.org/wiki/Henrik_Dalsgaard
2230,P-37242,Damas,Vítor,1947-10-08,0,1,0,0,0,1,1986,https://en.wikipedia.org/wiki/V%C3%ADtor_Damas
2232,P-57782,Damsgaard,Mikkel,2000-07-03,0,0,0,1,0,1,2022,https://en.wikipedia.org/wiki/Mikkel_Damsgaard
2233,P-76170,Danaeifard,Iraj,1951-03-19,0,0,0,1,0,1,1978,https://en.wikipedia.org/wiki/Iraj_Danaeifard
2235,P-40352,Dani,not applicable,1951-06-28,0,0,0,0,1,1,1978,https://en.wikipedia.org/wiki/Daniel_Ruiz
2239,P-40137,Danilo,not applicable,1991-07-15,0,0,1,0,0,2,"2018, 2022","https://en.wikipedia.org/wiki/Danilo_(footballer,_born_July_1991)"
2243,P-95172,Danny,not applicable,1983-08-07,0,0,0,1,0,1,2010,https://en.wikipedia.org/wiki/Danny_(footballer)
2245,P-93619,Dante,not applicable,1983-10-18,0,0,1,0,0,1,2014,https://en.wikipedia.org/wiki/Dante_(footballer)
2246,P-08730,Daoudi,Rachid,1966-02-21,0,0,0,1,0,1,1994,https://en.wikipedia.org/wiki/Rachid_Daoudi
2247,P-05530,Daraselia,Vitaly,1957-10-09,0,0,0,1,0,1,1982,https://en.wikipedia.org/wiki/Vitaly_Daraselia
2248,P-52013,Dari,Achraf,1999-05-06,0,0,1,0,0,1,2022,https://en.wikipedia.org/wiki/Achraf_Dari
2252,P-99163,Darmian,Matteo,1989-12-02,0,0,1,0,0,1,2014,https://en.wikipedia.org/wiki/Matteo_Darmian
2255,P-32342,Dasayev,Rinat,1957-06-13,0,1,0,0,0,3,"1982, 1986, 1990",https://en.wikipedia.org/wiki/Rinat_Dasayev
2257,P-24689,Dauda,Fatau,1985-04-06,0,1,0,0,0,1,2014,https://en.wikipedia.org/wiki/Fatau_Dauda
2258,P-31566,Davala,Ümit,1973-07-30,0,0,0,1,0,1,2002,https://en.wikipedia.org/wiki/%C3%9Cmit_Davala
2260,P-48340,David,Jonathan,2000-01-14,0,0,0,0,1,1,2022,https://en.wikipedia.org/wiki/Jonathan_David
2263,P-92893,Davidov,Ivan,1943-10-05,0,0,0,1,0,2,"1966, 1970",https://en.wikipedia.org/wiki/Ivan_Davidov
2264,P-45916,Davids,Edgar,1973-03-13,0,0,0,1,0,1,1998,https://en.wikipedia.org/wiki/Edgar_Davids
2266,P-05392,Davidson,Jason,1991-06-29,0,0,1,0,0,1,2014,https://en.wikipedia.org/wiki/Jason_Davidson
2270,P-46358,Davies,Alphonso,2000-11-02,0,0,0,0,1,1,2022,https://en.wikipedia.org/wiki/Alphonso_Davies
2271,P-41198,Davies,Ben,1993-04-24,0,0,1,0,0,1,2022,"https://en.wikipedia.org/wiki/Ben_Davies_(footballer,_born_1993)"
2273,P-83344,Davino,Duilio,1976-03-21,0,0,1,0,0,1,1998,https://en.wikipedia.org/wiki/Duilio_Davino
2274,P-41052,Davis,Brad,1981-11-08,0,0,0,1,0,1,2014,https://en.wikipedia.org/wiki/Brad_Davis_(soccer)
2275,P-44505,Davis,Erick,1991-03-31,0,0,1,0,0,1,2018,https://en.wikipedia.org/wiki/Eric_Davis_(Panamanian_footballer)
2279,P-61134,Dawes,Chris,1974-05-31,0,0,0,1,0,1,1998,https://en.wikipedia.org/wiki/Chris_Dawes_(Jamaican_footballer)
2282,P-35719,De Agostini,Luigi,1961-04-07,0,0,1,0,0,1,1990,https://en.wikipedia.org/wiki/Luigi_De_Agostini
2283,P-62594,De Arrascaeta,Giorgian,1994-06-01,0,0,0,1,1,2,"2018, 2022",https://en.wikipedia.org/wiki/Giorgian_De_Arrascaeta
2284,P-23692,de Ávila,Antony,1962-12-21,0,0,0,0,1,2,"1994, 1998",https://en.wikipedia.org/wiki/Antony_de_%C3%81vila
2286,P-94736,De Boeck,Glen,1971-08-22,0,0,1,0,0,2,"1998, 2002",https://en.wikipedia.org/wiki/Glen_De_Boeck
2287,P-32212,de Boer,Frank,1970-05-15,0,0,1,0,0,2,"1994, 1998",https://en.wikipedia.org/wiki/Frank_de_Boer
2289,P-92804,de Boer,Ronald,1970-05-15,0,0,0,1,0,2,"1994, 1998",https://en.wikipedia.org/wiki/Ronald_de_Boer
2290,P-39420,De Bourgoing,Héctor,1934-07-23,0,0,1,0,0,1,1966,https://en.wikipedia.org/wiki/H%C3%A9ctor_De_Bourgoing
2292,P-48955,De Bruyne,Kevin,1991-06-28,0,0,0,1,0,3,"2014, 2018, 2022",https://en.wikipedia.org/wiki/Kevin_De_Bruyne
2293,P-13377,de Cler,Tim,1978-11-08,0,0,1,0,0,1,2006,https://en.wikipedia.org/wiki/Tim_de_Cler
2296,P-09363,de Dios Ramírez Perales,Juan,1969-03-08,0,0,1,0,0,1,1994,https://en.wikipedia.org/wiki/Juan_de_Dios_Ram%C3%ADrez_Perales
2297,P-52217,de Gea,David,1990-11-07,0,1,0,0,0,2,"2014, 2018",https://en.wikipedia.org/wiki/David_de_Gea
2298,P-15829,de Goey,Ed,1966-12-20,0,1,0,0,0,2,"1994, 1998",https://en.wikipedia.org/wiki/Ed_de_Goey
2299,P-93667,de Guzmán,Jonathan,1987-09-13,0,0,0,1,0,1,2014,https://en.wikipedia.org/wiki/Jonathan_de_Guzm%C3%A1n
2302,P-17688,de Jong,Frenkie,1997-05-12,0,0,0,1,0,1,2022,https://en.wikipedia.org/wiki/Frenkie_de_Jong
2303,P-64551,de Jong,Luuk,1990-08-27,0,0,0,0,1,1,2022,https://en.wikipedia.org/wiki/Luuk_de_Jong
2304,P-53668,de Jong,Nigel,1984-11-30,0,0,0,1,0,2,"2010, 2014",https://en.wikipedia.org/wiki/Nigel_de_Jong
2305,P-43188,de Jong,Theo,1947-08-11,0,0,0,1,0,1,1974,https://en.wikipedia.org/wiki/Theo_de_Jong
2306,P-61810,De Ketelaere,Charles,2001-03-10,0,0,0,0,1,1,2022,https://en.wikipedia.org/wiki/Charles_De_Ketelaere
2307,P-26973,de la Cruz,Antonio,1947-05-07,0,0,1,0,0,1,1978,https://en.wikipedia.org/wiki/Antonio_de_la_Cruz
2308,P-86878,de la Cruz,Nicolás,1997-06-01,0,0,0,1,0,1,2022,https://en.wikipedia.org/wiki/Nicol%C3%A1s_de_la_Cruz
2309,P-92146,de la Cruz,Ulises,1974-02-08,0,0,1,0,0,2,"2002, 2006",https://en.wikipedia.org/wiki/Ulises_de_la_Cruz
2310,P-08713,de la Torre,Antonio,1951-09-21,0,0,0,1,0,1,1978,https://en.wikipedia.org/wiki/Antonio_de_la_Torre_Villalpando
2312,P-38349,de la Torre,Orlando,1943-11-21,0,0,1,0,0,1,1970,https://en.wikipedia.org/wiki/Orlando_de_la_Torre
2314,P-58404,de León,Hugo,1958-02-27,0,0,1,0,0,1,1990,https://en.wikipedia.org/wiki/Hugo_de_Le%C3%B3n
2315,P-73572,de Ligt,Matthijs,1999-08-12,0,0,1,0,0,1,2022,https://en.wikipedia.org/wiki/Matthijs_de_Ligt
2316,P-10537,de los Cobos,Carlos,1958-12-10,0,0,0,1,0,1,1986,https://en.wikipedia.org/wiki/Carlos_de_los_Cobos
2317,P-97963,de los Santos,Gonzalo,1976-07-19,0,0,0,1,0,1,2002,https://en.wikipedia.org/wiki/Gonzalo_de_los_Santos
2320,P-32608,De Napoli,Fernando,1964-03-15,0,0,0,1,0,2,"1986, 1990",https://en.wikipedia.org/wiki/Fernando_De_Napoli
2321,P-37314,De Paul,Rodrigo,1994-05-24,0,0,0,1,0,1,2022,https://en.wikipedia.org/wiki/Rodrigo_De_Paul
2322,P-24963,de Pedro,Javier,1973-08-04,0,0,0,1,0,1,2002,https://en.wikipedia.org/wiki/Javier_de_Pedro
2323,P-55965,de Roon,Marten,1991-03-29,0,0,0,1,0,1,2022,https://en.wikipedia.org/wiki/Marten_de_Roon
2324,P-65802,De Rossi,Daniele,1983-07-24,0,0,0,1,0,3,"2006, 2010, 2014",https://en.wikipedia.org/wiki/Daniele_De_Rossi
2327,P-79995,De Schrijver,Maurits,1951-06-26,0,0,1,0,0,1,1982,https://en.wikipedia.org/wiki/Maurits_De_Schrijver
2328,P-67615,De Sciglio,Mattia,1992-10-20,0,0,1,0,0,1,2014,https://en.wikipedia.org/wiki/Mattia_De_Sciglio
2330,P-77530,De Sisti,Giancarlo,1943-03-13,0,0,0,1,0,1,1970,https://en.wikipedia.org/wiki/Giancarlo_De_Sisti
2332,P-48592,De Vlieger,Geert,1971-10-16,0,1,0,0,0,1,2002,https://en.wikipedia.org/wiki/Geert_De_Vlieger
2333,P-70280,de Vrij,Stefan,1992-02-05,0,0,1,0,0,2,"2014, 2022",https://en.wikipedia.org/wiki/Stefan_de_Vrij
2334,P-72937,De Wilde,Filip,1964-07-05,0,1,0,0,0,3,"1990, 1994, 1998",https://en.wikipedia.org/wiki/Filip_De_Wilde
2338,P-39297,De Wolf,Michel,1958-01-19,0,0,1,0,0,3,"1986, 1990, 1994",https://en.wikipedia.org/wiki/Michel_De_Wolf
2339,P-93449,de Zeeuw,Demy,1983-05-26,0,0,0,1,0,1,2010,https://en.wikipedia.org/wiki/Demy_de_Zeeuw
2343,P-43350,Debuchy,Mathieu,1985-07-28,0,0,1,0,0,1,2014,https://en.wikipedia.org/wiki/Mathieu_Debuchy
2344,P-96343,Deco,not applicable,1977-08-27,0,0,0,1,0,2,"2006, 2010",https://en.wikipedia.org/wiki/Deco
2346,P-21784,Dedić,Zlatko,1984-05-10,0,0,0,0,1,1,2010,https://en.wikipedia.org/wiki/Zlatko_Dedi%C4%87
2347,P-18539,Deering,Chad,1970-09-02,0,0,0,1,0,1,1998,https://en.wikipedia.org/wiki/Chad_Deering
2348,P-17071,Deflandre,Éric,1973-08-02,0,0,1,0,0,2,"1998, 2002",https://en.wikipedia.org/wiki/Eric_Deflandre
2349,P-42890,Defoe,Jermain,1982-10-07,0,0,0,0,1,1,2010,https://en.wikipedia.org/wiki/Jermain_Defoe
2351,P-03735,Defour,Steven,1988-04-15,0,0,0,1,0,1,2014,https://en.wikipedia.org/wiki/Steven_Defour
2353,P-10789,Degen,Philipp,1983-02-15,0,0,1,0,0,1,2006,https://en.wikipedia.org/wiki/Philipp_Degen
2354,P-59727,Degenek,Miloš,1994-04-28,0,0,1,0,0,2,"2018, 2022",https://en.wikipedia.org/wiki/Milo%C5%A1_Degenek
2355,P-32042,Degeorgi,Josef,1960-01-19,0,0,1,0,0,1,1982,https://en.wikipedia.org/wiki/Josef_Degeorgi
2356,P-28230,Degryse,Marc,1965-09-04,0,0,0,0,1,2,"1990, 1994",https://en.wikipedia.org/wiki/Marc_Degryse
2359,P-84406,Dejagah,Ashkan,1986-07-05,0,0,0,1,0,2,"2014, 2018",https://en.wikipedia.org/wiki/Ashkan_Dejagah
2361,P-32063,del Águila,Alfredo,1935-01-03,0,0,0,0,1,1,1962,https://en.wikipedia.org/wiki/Alfredo_del_Aguila
2364,P-97610,del Olmo,Joaquín,1969-04-20,0,0,0,1,0,1,1994,https://en.wikipedia.org/wiki/Joaqu%C3%ADn_del_Olmo
2365,P-83836,Del Piero,Alessandro,1974-11-09,0,0,0,0,1,3,"1998, 2002, 2006",https://en.wikipedia.org/wiki/Alessandro_Del_Piero
2367,P-57615,Delaney,Thomas,1991-09-03,0,0,0,1,0,2,"2018, 2022",https://en.wikipedia.org/wiki/Thomas_Delaney
2372,P-19156,Delgado,Agustín,1974-12-23,0,0,0,0,1,2,"2002, 2006",https://en.wikipedia.org/wiki/Agust%C3%ADn_Delgado
2376,P-75104,Delgado,not applicable,1979-11-01,0,0,1,0,0,1,2006,https://en.wikipedia.org/wiki/Lu%C3%ADs_Delgado
2377,P-20267,Delgado,Rogelio,1959-10-12,0,0,1,0,0,1,1986,https://en.wikipedia.org/wiki/Rogelio_Delgado
2382,P-16053,Delph,Fabian,1989-11-21,0,0,1,0,0,1,2018,https://en.wikipedia.org/wiki/Fabian_Delph
2385,P-12533,Dembélé,Mousa,1987-07-16,0,0,0,1,0,2,"2014, 2018",https://en.wikipedia.org/wiki/Mousa_Demb%C3%A9l%C3%A9_(Belgian_footballer)
2386,P-97778,Dembélé,Ousmane,1997-05-15,0,0,0,0,1,2,"2018, 2022",https://en.wikipedia.org/wiki/Ousmane_Demb%C3%A9l%C3%A9
2387,P-02403,Dembrovschi,Emerich,1945-10-06,0,0,0,1,0,1,1970,https://en.wikipedia.org/wiki/Emerich_Dembrovschi
2388,P-75763,Demel,Guy,1981-06-13,0,0,1,0,0,2,"2006, 2010",https://en.wikipedia.org/wiki/Guy_Demel
2389,P-78640,DeMerit,Jay,1979-12-04,0,0,1,0,0,1,2010,https://en.wikipedia.org/wiki/Jay_DeMerit
2390,P-39810,Demichelis,Martín,1980-12-20,0,0,1,0,0,2,"2010, 2014",https://en.wikipedia.org/wiki/Mart%C3%ADn_Demichelis
2391,P-95299,Demol,Stéphane,1966-03-11,0,0,1,0,0,2,"1986, 1990",https://en.wikipedia.org/wiki/St%C3%A9phane_Demol
2392,P-18672,Dempsey,Clint,1983-03-09,0,0,0,1,1,3,"2006, 2010, 2014",https://en.wikipedia.org/wiki/Clint_Dempsey
2393,P-18580,Demyanenko,Anatoliy,1959-02-19,0,0,1,0,0,3,"1982, 1986, 1990",https://en.wikipedia.org/wiki/Anatoliy_Demyanenko
2395,P-73834,Dendoncker,Leander,1995-04-15,0,0,1,0,0,2,"2018, 2022",https://en.wikipedia.org/wiki/Leander_Dendoncker
2397,P-04554,Denev,Georgi,1950-04-18,0,0,0,1,0,1,1974,https://en.wikipedia.org/wiki/Georgi_Denev
2400,P-79146,Denílson,not applicable,1977-08-24,0,0,0,1,1,2,"1998, 2002",https://en.wikipedia.org/wiki/Den%C3%ADlson_de_Oliveira_Ara%C3%BAjo
2402,P-76640,Denisov,Igor,1984-05-17,0,0,0,1,0,1,2014,https://en.wikipedia.org/wiki/Igor_Denisov
2404,P-27540,Depay,Memphis,1994-02-13,0,0,0,0,1,2,"2014, 2022",https://en.wikipedia.org/wiki/Memphis_Depay
2407,P-84535,Derdiyok,Eren,1988-06-12,0,0,0,0,1,1,2010,https://en.wikipedia.org/wiki/Eren_Derdiyok
2409,P-06520,Dermendzhiev,Dinko,1941-06-02,0,0,0,1,1,3,"1962, 1966, 1970",https://en.wikipedia.org/wiki/Dinko_Dermendzhiev
2410,P-79380,Desailly,Marcel,1968-09-07,0,0,1,0,0,2,"1998, 2002",https://en.wikipedia.org/wiki/Marcel_Desailly
2411,P-61954,Deschamps,Didier,1968-10-15,0,0,0,1,0,1,1998,https://en.wikipedia.org/wiki/Didier_Deschamps
2412,P-83389,Désir,Jean-Claude,1946-08-08,0,0,0,1,0,1,1974,https://en.wikipedia.org/wiki/Jean-Claude_D%C3%A9sir
2413,P-13042,Desmet,Philippe,1958-11-29,0,0,0,1,0,1,1986,https://en.wikipedia.org/wiki/Philippe_Desmet
2415,P-89452,Dest,Sergiño,2000-11-03,0,0,1,0,0,1,2022,https://en.wikipedia.org/wiki/Sergi%C3%B1o_Dest
2416,P-91295,Deşu,Adalbert,1909-03-24,0,0,0,0,1,1,1930,https://en.wikipedia.org/wiki/Adalbert_De%C5%9Fu
2417,P-88653,Détári,Lajos,1963-04-24,0,0,0,1,0,1,1986,https://en.wikipedia.org/wiki/Lajos_D%C3%A9t%C3%A1ri
2424,P-89771,Devrindt,Johan,1944-04-14,0,0,0,0,1,1,1970,https://en.wikipedia.org/wiki/Johan_Devrindt
2425,P-23879,Dewalque,Nicolas,1945-09-20,0,0,1,0,0,1,1970,https://en.wikipedia.org/wiki/Nicolas_Dewalque
2427,P-29548,Deyna,Kazimierz,1947-10-23,0,0,0,1,0,2,"1974, 1978",https://en.wikipedia.org/wiki/Kazimierz_Deyna
2428,P-53936,Dezotti,Gustavo,1964-02-14,0,0,0,0,1,1,1990,https://en.wikipedia.org/wiki/Gustavo_Dezotti
2431,P-12467,Dhiab,Tarak,1954-07-15,0,0,0,1,0,1,1978,https://en.wikipedia.org/wiki/Tarak_Dhiab
2433,P-51388,Dhorasoo,Vikash,1973-10-10,0,0,0,1,0,1,2006,https://en.wikipedia.org/wiki/Vikash_Dhorasoo
2434,P-32712,Dhouib,Mokhtar,1952-03-23,0,0,1,0,0,1,1978,https://en.wikipedia.org/wiki/Mokhtar_Dhouib
2435,P-42659,Di Biagio,Luigi,1971-06-03,0,0,0,1,0,2,"1998, 2002",https://en.wikipedia.org/wiki/Luigi_Di_Biagio
2436,P-69913,Di Gennaro,Antonio,1958-10-05,0,0,0,1,0,1,1986,https://en.wikipedia.org/wiki/Antonio_Di_Gennaro
2437,P-59777,Di Livio,Angelo,1966-07-26,0,0,0,1,0,2,"1998, 2002",https://en.wikipedia.org/wiki/Angelo_Di_Livio
2439,P-42113,Di María,Ángel,1988-02-14,0,0,0,1,1,4,"2010, 2014, 2018, 2022",https://en.wikipedia.org/wiki/%C3%81ngel_Di_Mar%C3%ADa
2440,P-07951,Di Matteo,Roberto,1970-05-29,0,0,0,1,0,1,1998,https://en.wikipedia.org/wiki/Roberto_Di_Matteo
2441,P-75306,Di Natale,Antonio,1977-10-13,0,0,0,0,1,1,2010,https://en.wikipedia.org/wiki/Antonio_Di_Natale
2443,P-33622,Dia,Boulaye,1996-11-16,0,0,0,0,1,1,2022,https://en.wikipedia.org/wiki/Boulaye_Dia
2444,P-82555,Diaby,Abou,1986-05-11,0,0,0,1,0,1,2010,https://en.wikipedia.org/wiki/Abou_Diaby
2450,P-77769,Diallo,Abdou,1996-05-04,0,0,1,0,0,1,2022,https://en.wikipedia.org/wiki/Abdou_Diallo
2453,P-88661,Diamantino,not applicable,1959-08-03,0,0,0,1,0,1,1986,https://en.wikipedia.org/wiki/Diamantino_Miranda
2455,P-35019,Diao,Salif,1977-02-10,0,0,0,1,0,1,2002,https://en.wikipedia.org/wiki/Salif_Diao
2456,P-58415,Diarra,Alou,1981-07-15,0,0,0,1,0,2,"2006, 2010",https://en.wikipedia.org/wiki/Alou_Diarra
2457,P-10712,Dias,Rúben,1997-05-14,0,0,1,0,0,2,"2018, 2022",https://en.wikipedia.org/wiki/R%C3%BAben_Dias
2458,P-09292,Diatta,Krépin,1999-02-25,0,0,0,1,0,1,2022,https://en.wikipedia.org/wiki/Kr%C3%A9pin_Diatta
2459,P-16046,Diatta,Lamine,1975-07-02,0,0,1,0,0,1,2002,https://en.wikipedia.org/wiki/Lamine_Diatta
2465,P-69852,Díaz,Hernán,1965-02-26,0,0,1,0,0,1,1994,https://en.wikipedia.org/wiki/Hern%C3%A1n_D%C3%ADaz
2466,P-05631,Díaz,Isidoro,1938-03-14,0,0,0,1,1,3,"1962, 1966, 1970",https://en.wikipedia.org/wiki/Isidoro_D%C3%ADaz
2467,P-09945,Díaz,Ismael,1997-05-12,0,0,0,0,1,1,2018,"https://en.wikipedia.org/wiki/Ismael_D%C3%ADaz_(footballer,_born_1997)"
2468,P-81779,Díaz,Júnior,1983-09-12,0,0,1,0,0,1,2014,https://en.wikipedia.org/wiki/J%C3%BAnior_D%C3%ADaz
2469,P-74494,Díaz,Marcelo,1986-12-30,0,0,0,1,0,1,2014,https://en.wikipedia.org/wiki/Marcelo_D%C3%ADaz
2470,P-58071,Díaz,Miguel Ángel,1957-01-27,0,0,1,0,0,1,1982,https://en.wikipedia.org/wiki/Miguel_%C3%81ngel_D%C3%ADaz
2473,P-78111,Díaz,Ramón,1959-08-29,0,0,0,0,1,1,1982,https://en.wikipedia.org/wiki/Ram%C3%B3n_D%C3%ADaz
2474,P-93346,Díaz,Rubén Toribio,1952-04-17,0,0,1,0,0,2,"1978, 1982",https://en.wikipedia.org/wiki/Rub%C3%A9n_Toribio_D%C3%ADaz
2478,P-49092,Dickinson,Jimmy,1925-04-25,0,0,0,1,0,2,"1950, 1954",https://en.wikipedia.org/wiki/Jimmy_Dickinson
2480,P-02795,Dida,not applicable,1973-10-07,0,1,0,0,0,3,"1998, 2002, 2006","https://en.wikipedia.org/wiki/Dida_(footballer,_born_1973)"
2482,P-76740,Didi,not applicable,1928-10-08,0,0,0,1,0,3,"1954, 1958, 1962",https://en.wikipedia.org/wiki/Valdir_Pereira
2484,P-54100,Dié,Serey,1984-11-07,0,0,0,1,0,1,2014,https://en.wikipedia.org/wiki/Serey_Di%C3%A9
2485,P-27280,Diédhiou,Famara,1992-12-15,0,0,0,0,1,1,2022,https://en.wikipedia.org/wiki/Famara_Di%C3%A9dhiou
2487,P-88928,Dieng,Bamba,2000-03-23,0,0,0,0,1,1,2022,https://en.wikipedia.org/wiki/Bamba_Dieng
2490,P-31219,Dier,Eric,1994-01-15,0,0,1,1,0,2,"2018, 2022",https://en.wikipedia.org/wiki/Eric_Dier
2492,P-55894,Dietz,Bernard,1948-03-22,0,0,1,0,0,1,1978,https://en.wikipedia.org/wiki/Bernard_Dietz
2494,P-67129,Digne,Lucas,1993-07-20,0,0,1,0,0,1,2014,https://en.wikipedia.org/wiki/Lucas_Digne
2497,P-92279,Dikgacoi,Kagisho,1984-11-24,0,0,0,1,0,1,2010,https://en.wikipedia.org/wiki/Kagisho_Dikgacoi
2498,P-11986,Dimitriadis,Vasilis,1966-02-01,0,0,0,0,1,1,1994,https://en.wikipedia.org/wiki/Vasilis_Dimitriadis
2499,P-25752,Dimitrov,Georgi,1959-01-14,0,0,1,0,0,1,1986,"https://en.wikipedia.org/wiki/Georgi_Dimitrov_(footballer,_born_1959)"
2500,P-19802,Dimitrov,Ivan,1935-05-14,0,0,1,0,0,2,"1962, 1970",https://en.wikipedia.org/wiki/Ivan_Dimitrov_(footballer)
2504,P-86942,Dinamite,Roberto,1954-04-13,0,0,0,0,1,2,"1978, 1982",https://en.wikipedia.org/wiki/Roberto_Dinamite
2506,P-93241,Dindane,Aruna,1980-11-26,0,0,0,0,1,2,"2006, 2010",https://en.wikipedia.org/wiki/Aruna_Dindane
2508,P-44661,Dinmohammadi,Sirous,1970-07-02,0,0,0,1,0,1,1998,https://en.wikipedia.org/wiki/Sirous_Dinmohammadi
2509,P-98936,Dinu,Cornel,1948-08-02,0,0,0,1,0,1,1970,https://en.wikipedia.org/wiki/Cornel_Dinu
2510,P-29429,Diogo,Víctor,1958-04-09,0,0,1,0,0,1,1986,https://en.wikipedia.org/wiki/V%C3%ADctor_Diogo
2511,P-07076,Diomandé,Ismaël,1992-08-28,0,0,0,1,0,1,2014,https://en.wikipedia.org/wiki/Isma%C3%ABl_Diomand%C3%A9
2512,P-54985,Diomède,Bernard,1974-01-23,0,0,0,1,0,1,1998,https://en.wikipedia.org/wiki/Bernard_Diom%C3%A8de
2513,P-82212,Diop,Papa Bouba,1978-01-28,0,0,0,1,0,1,2002,https://en.wikipedia.org/wiki/Papa_Bouba_Diop
2515,P-84943,Diouf,El Hadji,1981-01-15,0,0,0,0,1,1,2002,https://en.wikipedia.org/wiki/El_Hadji_Diouf
2516,P-29136,Diouf,Mame Biram,1987-12-16,0,0,0,0,1,1,2018,https://en.wikipedia.org/wiki/Mame_Biram_Diouf
2517,P-98153,Dirar,Nabil,1986-02-25,0,0,1,0,0,1,2018,https://en.wikipedia.org/wiki/Nabil_Dirar
2518,P-89519,Dirceu,not applicable,1952-06-15,0,0,0,1,1,3,"1974, 1978, 1982",https://en.wikipedia.org/wiki/Dirceu
2521,P-91324,Disasi,Axel,1998-03-11,0,0,1,0,0,1,2022,https://en.wikipedia.org/wiki/Axel_Disasi
2524,P-71520,Disztl,Péter,1960-03-30,0,1,0,0,0,1,1986,https://en.wikipedia.org/wiki/P%C3%A9ter_Disztl
2526,P-08967,Dixon,Kerry,1961-07-24,0,0,0,0,1,1,1986,https://en.wikipedia.org/wiki/Kerry_Dixon
2528,P-59147,Djabou,Abdelmoumene,1987-01-31,0,0,0,1,0,1,2014,https://en.wikipedia.org/wiki/Abdelmoumene_Djabou
2529,P-75959,Djakpa,Constant,1986-10-17,0,0,1,0,0,1,2014,https://en.wikipedia.org/wiki/Constant_Djakpa
2530,P-10693,Djebbour,Rafik,1984-03-08,0,0,0,0,1,1,2010,https://en.wikipedia.org/wiki/Rafik_Djebbour
2532,P-75443,Djeugoué,Cédric,1992-08-28,0,0,1,0,0,1,2014,https://en.wikipedia.org/wiki/C%C3%A9dric_Djeugou%C3%A9
2533,P-59808,Djiku,Alexander,1994-08-09,0,0,1,0,0,1,2022,https://en.wikipedia.org/wiki/Alexander_Djiku
2535,P-36769,Djonkep,Bonaventure,1961-08-20,0,0,0,0,1,1,1990,https://en.wikipedia.org/wiki/Bonaventure_Djonkep
2537,P-80680,Djorkaeff,Youri,1968-03-09,0,0,0,1,0,2,"1998, 2002",https://en.wikipedia.org/wiki/Youri_Djorkaeff
2538,P-25758,Djourou,Johan,1987-01-18,0,0,1,0,0,3,"2006, 2014, 2018",https://en.wikipedia.org/wiki/Johan_Djourou
2541,P-58907,Dōan,Ritsu,1998-06-16,0,0,0,1,0,1,2022,https://en.wikipedia.org/wiki/Ritsu_D%C5%8Dan
2542,P-55855,Dobay,Ștefan,1909-09-26,0,0,0,0,1,2,"1934, 1938",https://en.wikipedia.org/wiki/%C8%98tefan_Dobay
2543,P-49133,Dobiaš,Karol,1947-12-18,0,0,1,0,0,1,1970,https://en.wikipedia.org/wiki/Karol_Dobia%C5%A1
2544,P-06854,Doboș,Anton,1965-10-13,0,0,1,0,0,1,1998,https://en.wikipedia.org/wiki/Anton_Dobo%C8%99
2546,P-77250,Dobrovolski,Igor,1967-08-27,0,0,0,0,1,1,1990,https://en.wikipedia.org/wiki/Igor_Dobrovolski
2550,P-74479,Dockx,Jean,1941-05-24,0,0,0,1,0,1,1970,https://en.wikipedia.org/wiki/Jean_Dockx
2551,P-98380,Dods,Glenn,1957-07-07,0,0,1,0,0,1,1982,https://en.wikipedia.org/wiki/Glenn_Dods
2556,P-29578,Doku,Jérémy,2002-05-27,0,0,0,0,1,1,2022,https://en.wikipedia.org/wiki/J%C3%A9r%C3%A9my_Doku
2557,P-33784,Dolan,Paul,1966-04-16,0,1,0,0,0,1,1986,https://en.wikipedia.org/wiki/Paul_Dolan_(soccer)
2558,P-72592,Dolberg,Kasper,1997-10-06,0,0,0,0,1,2,"2018, 2022",https://en.wikipedia.org/wiki/Kasper_Dolberg
2560,P-40453,Dolmy,Abdelmajid,1953-04-19,0,0,0,1,0,1,1986,https://en.wikipedia.org/wiki/Abdelmajid_Dolmy
2562,P-58729,Domarski,Jan,1946-10-28,0,0,0,0,1,1,1974,https://en.wikipedia.org/wiki/Jan_Domarski
2563,P-67671,Domenghini,Angelo,1941-08-25,0,0,0,0,1,1,1970,https://en.wikipedia.org/wiki/Angelo_Domenghini
2565,P-03454,Domínguez,Alejandro,1961-02-09,0,0,0,1,0,1,1986,https://en.wikipedia.org/wiki/Alejandro_Dom%C3%ADnguez_(Mexican_footballer)
2566,P-94877,Domínguez,Alexander,1987-06-05,0,1,0,0,0,2,"2014, 2022",https://en.wikipedia.org/wiki/Alexander_Dom%C3%ADnguez
2567,P-77465,Domínguez,Alfonso,1965-09-24,0,0,1,0,0,1,1990,https://en.wikipedia.org/wiki/Alfonso_Dom%C3%ADnguez
2572,P-20335,Domoraud,Cyril,1971-07-22,0,0,1,0,0,1,2006,https://en.wikipedia.org/wiki/Cyril_Domoraud
2573,P-14033,Donachie,Willie,1951-10-05,0,0,1,0,0,2,"1974, 1978",https://en.wikipedia.org/wiki/Willie_Donachie
2574,P-38434,Donadoni,Roberto,1963-09-09,0,0,0,1,0,2,"1990, 1994",https://en.wikipedia.org/wiki/Roberto_Donadoni
2575,P-40771,Donaghy,Mal,1957-09-13,0,0,1,0,0,2,"1982, 1986",https://en.wikipedia.org/wiki/Mal_Donaghy
2577,P-75829,Donelli,Aldo,1907-07-22,0,0,0,0,1,1,1934,https://en.wikipedia.org/wiki/Aldo_Donelli
2578,P-68818,Doni,Cristiano,1973-04-01,0,0,0,1,0,1,2002,https://en.wikipedia.org/wiki/Cristiano_Doni
2583,P-05728,Donovan,Landon,1982-03-04,0,0,0,1,1,3,"2002, 2006, 2010",https://en.wikipedia.org/wiki/Landon_Donovan
2584,P-08863,Dooley,Thomas,1961-12-05,0,0,0,1,0,2,"1994, 1998",https://en.wikipedia.org/wiki/Thomas_Dooley
2586,P-38674,Dorado,Pablo,1908-06-22,0,0,0,0,1,1,1930,https://en.wikipedia.org/wiki/Pablo_Dorado
2588,P-64659,Đorđević,Nenad,1979-08-07,0,0,1,0,0,1,2006,https://en.wikipedia.org/wiki/Nenad_%C4%90or%C4%91evi%C4%87
2589,P-33481,Đorđević,Predrag,1972-08-04,0,0,0,1,0,1,2006,https://en.wikipedia.org/wiki/Predrag_%C4%90or%C4%91evi%C4%87
2590,P-10265,Dorigo,Tony,1965-12-31,0,0,1,0,0,1,1990,https://en.wikipedia.org/wiki/Tony_Dorigo
2591,P-64142,Doriva,not applicable,1972-05-28,0,0,0,1,0,1,1998,https://en.wikipedia.org/wiki/Doriva
2592,P-80898,Đorović,Goran,1971-11-11,0,0,1,0,0,1,1998,https://en.wikipedia.org/wiki/Goran_%C4%90orovi%C4%87
2594,P-77047,dos Santos,Giovani,1989-05-11,0,0,0,1,1,3,"2010, 2014, 2018",https://en.wikipedia.org/wiki/Giovani_dos_Santos
2595,P-09951,dos Santos,Jonathan,1990-04-26,0,0,0,1,0,1,2018,https://en.wikipedia.org/wiki/Jonathan_dos_Santos
2596,P-35595,dos Santos,Julio,1983-05-07,0,0,0,1,0,1,2006,https://en.wikipedia.org/wiki/Julio_dos_Santos
2598,P-12652,Dossevi,Thomas,1979-03-06,0,0,0,1,0,1,2006,https://en.wikipedia.org/wiki/Thomas_Dossevi
2602,P-08451,Douis,Yvon,1935-05-16,0,0,0,0,1,1,1958,https://en.wikipedia.org/wiki/Yvon_Douis
2603,P-63253,Doumbia,Seydou,1987-12-31,0,0,0,0,1,1,2010,https://en.wikipedia.org/wiki/Seydou_Doumbia
2604,P-86227,Downing,Stewart,1984-07-22,0,0,0,1,0,1,2006,https://en.wikipedia.org/wiki/Stewart_Downing
2605,P-53572,Doyle,John,1966-03-16,0,0,1,0,0,1,1990,"https://en.wikipedia.org/wiki/John_Doyle_(soccer,_born_1966)"
2606,P-49094,Dräger,Mohamed,1996-06-25,0,0,1,0,0,1,2022,https://en.wikipedia.org/wiki/Mohamed_Dr%C3%A4ger
2608,P-50226,Dragutinović,Ivica,1975-11-13,0,0,1,0,0,1,2006,https://en.wikipedia.org/wiki/Ivica_Dragutinovi%C4%87
2609,P-51458,Draman,Haminu,1986-04-01,0,0,0,1,0,1,2006,https://en.wikipedia.org/wiki/Haminu_Draman
2610,P-21524,Draxler,Julian,1993-09-20,0,0,0,1,0,2,"2014, 2018",https://en.wikipedia.org/wiki/Julian_Draxler
2611,P-29426,Dremmler,Wolfgang,1954-07-12,0,0,0,1,0,1,1982,https://en.wikipedia.org/wiki/Wolfgang_Dremmler
2612,P-33690,Drid,Nacerdine,1957-01-22,0,1,0,0,0,1,1986,https://en.wikipedia.org/wiki/Nacerdine_Drid
2614,P-07453,Drmić,Josip,1992-08-08,0,0,0,0,1,2,"2014, 2018",https://en.wikipedia.org/wiki/Josip_Drmi%C4%87
2615,P-99466,Drogba,Didier,1978-03-11,0,0,0,0,1,3,"2006, 2010, 2014",https://en.wikipedia.org/wiki/Didier_Drogba
2617,P-80046,Dropsy,Dominique,1951-12-09,0,1,0,0,0,1,1978,https://en.wikipedia.org/wiki/Dominique_Dropsy
2619,P-30605,Drummond,Domingo,1957-04-14,0,0,1,0,0,1,1982,https://en.wikipedia.org/wiki/Domingo_Drummond
2620,P-56632,Drummond,Jervis,1976-09-08,0,0,1,0,0,2,"2002, 2006",https://en.wikipedia.org/wiki/Jervis_Drummond
2621,P-60686,Du,Wei,1982-02-09,0,0,1,0,0,1,2002,https://en.wikipedia.org/wiki/Du_Wei_(footballer)
2623,P-32834,Duarte,Jaime,1955-02-27,0,0,1,0,0,2,"1978, 1982",https://en.wikipedia.org/wiki/Jaime_Duarte
2625,P-97912,Duarte,Óscar,1989-06-03,0,0,1,0,0,3,"2014, 2018, 2022","https://en.wikipedia.org/wiki/%C3%93scar_Duarte_(footballer,_born_1989)"
2627,P-26922,Dubó,Rodolfo,1953-09-11,0,0,0,1,0,1,1982,https://en.wikipedia.org/wiki/Rodolfo_Dub%C3%B3
2629,P-62195,Ducke,Peter,1941-10-14,0,0,0,0,1,1,1974,https://en.wikipedia.org/wiki/Peter_Ducke
2630,P-71319,Ducosté,Serge,1944-02-04,0,0,1,0,0,1,1974,https://en.wikipedia.org/wiki/Serge_Ducost%C3%A9
2631,P-08069,Duda,not applicable,1980-06-27,0,0,0,1,0,1,2010,"https://en.wikipedia.org/wiki/Duda_(footballer,_born_1980)"
2633,P-59886,Dudek,Jerzy,1973-03-23,0,1,0,0,0,1,2002,https://en.wikipedia.org/wiki/Jerzy_Dudek
2634,P-79645,Dudić,Milan,1979-11-01,0,0,1,0,0,1,2006,https://en.wikipedia.org/wiki/Milan_Dudi%C4%87
2635,P-02210,Dudka,Dariusz,1983-12-09,0,0,0,1,0,1,2006,https://en.wikipedia.org/wiki/Dariusz_Dudka
2636,P-18106,Duff,Damien,1979-03-02,0,0,0,1,0,1,2002,https://en.wikipedia.org/wiki/Damien_Duff
2637,P-74065,Dugarry,Christophe,1972-03-24,0,0,0,0,1,2,"1998, 2002",https://en.wikipedia.org/wiki/Christophe_Dugarry
2639,P-91029,Duke,Mitchell,1991-01-18,0,0,0,0,1,1,2022,https://en.wikipedia.org/wiki/Mitchell_Duke
2641,P-65453,Dulca,Cristian,1972-09-25,0,0,1,0,0,1,1998,https://en.wikipedia.org/wiki/Cristian_Dulca
2643,P-08415,Duljaj,Igor,1979-10-29,0,0,0,1,0,1,2006,https://en.wikipedia.org/wiki/Igor_Duljaj
2644,P-97615,Dumfries,Denzel,1996-04-18,0,0,1,0,0,1,2022,https://en.wikipedia.org/wiki/Denzel_Dumfries
2645,P-51434,Dumitrache,Florea,1948-05-22,0,0,0,0,1,1,1970,https://en.wikipedia.org/wiki/Florea_Dumitrache
2646,P-54322,Dumitrescu,Ilie,1969-01-06,0,0,0,0,1,3,"1990, 1994, 1998",https://en.wikipedia.org/wiki/Ilie_Dumitrescu
2647,P-26224,Dumitru,Ion,1950-01-02,0,0,1,0,0,1,1970,https://en.wikipedia.org/wiki/Ion_Dumitru
2651,P-32466,Dunga,not applicable,1963-10-31,0,0,0,1,0,3,"1990, 1994, 1998",https://en.wikipedia.org/wiki/Dunga
2652,P-83366,Dunker,Gösta,1905-09-16,0,0,0,0,1,1,1934,https://en.wikipedia.org/wiki/G%C3%B6sta_Dunker
2661,P-88680,Ďurica,Ján,1981-12-10,0,0,1,0,0,1,2010,https://en.wikipedia.org/wiki/J%C3%A1n_%C4%8Eurica
2663,P-79754,Đuričić,Filip,1992-01-30,0,0,0,0,1,1,2022,https://en.wikipedia.org/wiki/Filip_%C4%90uri%C4%8Di%C4%87
2664,P-39265,Durie,Gordon,1965-12-06,0,0,0,0,1,2,"1990, 1998",https://en.wikipedia.org/wiki/Gordon_Durie
2667,P-73907,Durmaz,Jimmy,1989-03-22,0,0,0,1,0,1,2018,https://en.wikipedia.org/wiki/Jimmy_Durmaz
2670,P-65506,Dvořák,Milan,1934-11-19,0,0,0,0,1,1,1958,https://en.wikipedia.org/wiki/Milan_Dvo%C5%99%C3%A1k
2673,P-28151,Dybala,Paulo,1993-11-15,0,0,0,0,1,2,"2018, 2022",https://en.wikipedia.org/wiki/Paulo_Dybala
2674,P-34406,Dyer,Kieron,1978-12-29,0,0,0,1,0,1,2002,https://en.wikipedia.org/wiki/Kieron_Dyer
2676,P-69896,Dzagoev,Alan,1990-06-17,0,0,0,1,0,2,"2014, 2018",https://en.wikipedia.org/wiki/Alan_Dzagoev
2677,P-88088,Džajić,Dragan,1946-05-30,0,0,0,0,1,1,1974,https://en.wikipedia.org/wiki/Dragan_D%C5%BEaji%C4%87
2678,P-31839,Džeko,Edin,1986-03-17,0,0,0,0,1,1,2014,https://en.wikipedia.org/wiki/Edin_D%C5%BEeko
2679,P-35818,Džemaili,Blerim,1986-04-12,0,0,0,1,0,3,"2006, 2014, 2018",https://en.wikipedia.org/wiki/Blerim_D%C5%BEemaili
2680,P-17582,Dziekanowski,Dariusz,1962-09-30,0,0,0,0,1,1,1986,https://en.wikipedia.org/wiki/Dariusz_Dziekanowski
2682,P-17208,Dziuba,Marek,1955-12-19,0,0,1,0,0,1,1982,https://en.wikipedia.org/wiki/Marek_Dziuba
2683,P-70748,Dzodzuashvili,Revaz,1945-04-15,0,0,1,0,0,1,1970,https://en.wikipedia.org/wiki/Revaz_Dzodzuashvili
2684,P-37840,Dzyuba,Artem,1988-08-22,0,0,0,0,1,1,2018,https://en.wikipedia.org/wiki/Artem_Dzyuba
2685,P-16421,Earle,Robbie,1965-01-27,0,0,0,1,0,1,1998,https://en.wikipedia.org/wiki/Robbie_Earle
2693,P-02759,Ebosse,Enzo,1999-03-11,0,0,1,0,0,1,2022,https://en.wikipedia.org/wiki/Enzo_Ebosse
2694,P-92316,Eboué,Emmanuel,1983-06-04,0,0,1,0,0,2,"2006, 2010",https://en.wikipedia.org/wiki/Emmanuel_Ebou%C3%A9
2695,P-60139,Ebrahimi,Omid,1987-09-16,0,0,0,1,0,1,2018,https://en.wikipedia.org/wiki/Omid_Ebrahimi
2696,P-12630,Ebuehi,Tyronne,1995-12-16,0,0,1,0,0,1,2018,https://en.wikipedia.org/wiki/Tyronne_Ebuehi
2697,P-31884,Ebwellé,Bertin,1962-09-11,0,0,1,0,0,1,1990,https://en.wikipedia.org/wiki/Bertin_Ebwell%C3%A9
2702,P-45065,Echiéjilé,Elderson,1988-01-20,0,0,1,0,0,2,"2010, 2018",https://en.wikipedia.org/wiki/Elderson_Echi%C3%A9jil%C3%A9
2705,P-36201,Eder,Norbert,1955-11-07,0,0,1,0,0,1,1986,https://en.wikipedia.org/wiki/Norbert_Eder
2706,P-20926,Eder,not applicable,1987-12-22,0,0,0,0,1,1,2014,https://en.wikipedia.org/wiki/Eder_(Portuguese_footballer)
2707,P-39132,Éder,not applicable,1957-05-25,0,0,0,0,1,1,1982,https://en.wikipedia.org/wiki/%C3%89der_Aleixo_de_Assis
2708,P-89248,Ederson,not applicable,1993-08-17,0,1,0,0,0,2,"2018, 2022","https://en.wikipedia.org/wiki/Ederson_(footballer,_born_1993)"
2709,P-71619,Edevaldo,not applicable,1958-01-28,0,0,1,0,0,1,1982,https://en.wikipedia.org/wiki/Edevaldo_de_Freitas
2710,P-26695,Edílson,not applicable,1971-09-17,0,0,0,0,1,1,2002,https://en.wikipedia.org/wiki/Ed%C3%ADlson
2711,P-12950,Edinho,not applicable,1955-06-05,0,0,1,0,0,3,"1978, 1982, 1986","https://en.wikipedia.org/wiki/Edinho_(footballer,_born_1955)"
2714,P-35312,Edman,Erik,1978-11-11,0,0,1,0,0,2,"2002, 2006",https://en.wikipedia.org/wiki/Erik_Edman
2715,P-09270,Edmílson,not applicable,1976-07-10,0,0,1,0,0,1,2002,https://en.wikipedia.org/wiki/Edm%C3%ADlson
2716,P-24526,Edmundo,not applicable,1971-04-02,0,0,0,0,1,1,1998,https://en.wikipedia.org/wiki/Edmundo_(footballer)
2719,P-33125,Édson,not applicable,1959-07-03,0,0,1,0,0,1,1986,https://en.wikipedia.org/wiki/%C3%89dson_Boaro
2720,P-39318,Edström,Ralf,1952-10-07,0,0,0,0,1,2,"1974, 1978",https://en.wikipedia.org/wiki/Ralf_Edstr%C3%B6m
2721,P-48341,Edu,Maurice,1986-04-18,0,0,0,1,0,1,2010,https://en.wikipedia.org/wiki/Maurice_Edu
2722,P-49805,Edu,not applicable,1949-08-06,0,0,0,0,1,3,"1966, 1970, 1974",https://en.wikipedia.org/wiki/Jonas_Eduardo_Am%C3%A9rico
2723,P-37990,Eduardo,not applicable,1982-09-19,0,1,0,0,0,2,"2010, 2014",https://en.wikipedia.org/wiki/Eduardo_Carvalho
2724,P-15665,Eduardo,not applicable,1983-02-25,0,0,0,0,1,1,2014,https://en.wikipedia.org/wiki/Eduardo_da_Silva
2725,P-52850,Edwards,Carlos,1978-10-24,0,0,0,1,0,1,2006,https://en.wikipedia.org/wiki/Carlos_Edwards
2728,P-61872,Effenberg,Stefan,1968-08-02,0,0,0,1,0,1,1994,https://en.wikipedia.org/wiki/Stefan_Effenberg
2730,P-59890,Eggen,Dan,1970-01-13,0,0,1,0,0,2,"1994, 1998",https://en.wikipedia.org/wiki/Dan_Eggen
2732,P-31548,Eggimann,Mario,1981-01-24,0,0,1,0,0,1,2010,https://en.wikipedia.org/wiki/Mario_Eggimann
2736,P-39450,Eguavoen,Augustine,1965-08-19,0,0,1,0,0,2,"1994, 1998",https://en.wikipedia.org/wiki/Augustine_Eguavoen
2737,P-50741,Eguren,Sebastián,1981-01-08,0,0,0,1,0,1,2010,https://en.wikipedia.org/wiki/Sebasti%C3%A1n_Eguren
2747,P-71589,Ejderstedt,Inge,1946-12-24,0,0,0,1,1,2,"1970, 1974",https://en.wikipedia.org/wiki/Inge_Ejderstedt
2750,P-20019,Ekdal,Albin,1989-07-28,0,0,0,1,0,1,2018,https://en.wikipedia.org/wiki/Albin_Ekdal
2752,P-41084,Ekéké,Eugène,1960-05-30,0,0,0,0,1,1,1990,https://en.wikipedia.org/wiki/Eug%C3%A8ne_Ek%C3%A9k%C3%A9
2759,P-60456,Ekström,Johnny,1965-03-05,0,0,0,0,1,1,1990,https://en.wikipedia.org/wiki/Johnny_Ekstr%C3%B6m
2760,P-62364,El Ahmadi,Karim,1985-01-27,0,0,0,1,0,1,2018,https://en.wikipedia.org/wiki/Karim_El_Ahmadi
2761,P-95808,El Biyaz,Mustafa,1960-12-12,0,0,1,0,0,1,1986,https://en.wikipedia.org/wiki/Mustafa_El_Biyaz
2763,P-37859,El Filali,Mohammed,1945-07-09,0,0,0,0,1,1,1970,https://en.wikipedia.org/wiki/Mohammed_El_Filali
2764,P-32448,El Hadary,Essam,1973-01-15,0,1,0,0,0,1,2018,https://en.wikipedia.org/wiki/Essam_El_Hadary
2766,P-37917,El Haddaoui,Mustafa,1961-07-28,0,0,0,1,0,2,"1986, 1994",https://en.wikipedia.org/wiki/Mustafa_El_Haddaoui
2767,P-93051,El Hadi,Larbi,1961-05-27,0,1,0,0,0,1,1986,https://en.wikipedia.org/wiki/Larbi_El_Hadi
2768,P-19991,El Hadrioui,Abdelkrim,1972-03-06,0,0,1,0,0,2,"1994, 1998",https://en.wikipedia.org/wiki/Abdelkrim_El_Hadrioui
2769,P-46107,El Kaabi,Ayoub,1993-06-25,0,0,0,0,1,1,2018,https://en.wikipedia.org/wiki/Ayoub_El_Kaabi
2770,P-82124,El Khalej,Tahar,1968-06-16,0,0,1,1,0,2,"1994, 1998",https://en.wikipedia.org/wiki/Tahar_El_Khalej
2771,P-80656,El Khannous,Bilal,2004-05-10,0,0,0,1,0,1,2022,https://en.wikipedia.org/wiki/Bilal_El_Khannous
2772,P-98667,El Khiati,Abdelkader,1945-01-01,0,0,1,0,0,1,1970,https://en.wikipedia.org/wiki/Abdelkader_El_Khiati
2774,P-23480,El Ouaer,Chokri,1966-08-15,0,1,0,0,0,1,1998,https://en.wikipedia.org/wiki/Chokri_El_Ouaer
2775,P-74320,El Said,Abdallah,1985-07-13,0,0,0,1,0,1,2018,https://en.wikipedia.org/wiki/Abdallah_El_Said
2776,P-86080,El Shenawy,Mohamed,1988-12-18,0,1,0,0,0,1,2018,https://en.wikipedia.org/wiki/Mohamed_El_Shenawy
2777,P-14026,El Yamiq,Jawad,1992-02-29,0,0,1,0,0,1,2022,https://en.wikipedia.org/wiki/Jawad_El_Yamiq
2782,P-41648,El-Kass,Ahmed,1965-07-08,0,0,0,0,1,1,1990,https://en.wikipedia.org/wiki/Ahmed_El-Kass
2789,P-78264,Elano,not applicable,1981-06-14,0,0,0,1,0,1,2010,https://en.wikipedia.org/wiki/Elano
2792,P-12995,Elia,Eljero,1987-02-13,0,0,0,0,1,1,2010,https://en.wikipedia.org/wiki/Eljero_Elia
2794,P-80057,Elkhattabi,Ali,1977-01-17,0,0,0,1,0,1,1998,https://en.wikipedia.org/wiki/Ali_Elkhattabi
2795,P-36502,Elkjær,Preben,1957-09-11,0,0,0,0,1,1,1986,https://en.wikipedia.org/wiki/Preben_Elkj%C3%A6r
2798,P-53863,Elliott,Simon,1974-06-10,0,0,0,1,0,1,2010,https://en.wikipedia.org/wiki/Simon_Elliott
2800,P-79017,Elmander,Johan,1981-05-27,0,0,0,0,1,1,2006,https://en.wikipedia.org/wiki/Johan_Elmander
2802,P-60871,Elneny,Mohamed,1992-07-11,0,0,0,1,0,1,2018,https://en.wikipedia.org/wiki/Mohamed_Elneny
2803,P-74307,Eloy,not applicable,1964-07-10,0,0,0,0,1,1,1986,https://en.wikipedia.org/wiki/Eloy_(footballer)
2804,P-15562,Elrick,Adrian,1949-09-29,0,0,1,0,0,1,1982,https://en.wikipedia.org/wiki/Adrian_Elrick
2809,P-19193,Elvedi,Nico,1996-09-30,0,0,1,0,0,2,"2018, 2022",https://en.wikipedia.org/wiki/Nico_Elvedi
2811,P-50408,Elzo,not applicable,1961-01-22,0,0,0,1,0,1,1986,https://en.wikipedia.org/wiki/Elzo_Coelho
2812,P-96890,Emaná,Achille,1982-06-05,0,0,0,1,0,1,2010,https://en.wikipedia.org/wiki/Achille_Eman%C3%A1
2813,P-43560,Embé,David,1973-11-13,0,0,0,0,1,1,1994,https://en.wikipedia.org/wiki/David_Emb%C3%A9
2814,P-19075,Embolo,Breel,1997-02-14,0,0,0,0,1,2,"2018, 2022",https://en.wikipedia.org/wiki/Breel_Embolo
2816,P-74911,Emenalo,Michael,1965-07-14,0,0,1,0,0,1,1994,https://en.wikipedia.org/wiki/Michael_Emenalo
2817,P-95567,Emenike,Emmanuel,1987-05-10,0,0,0,0,1,1,2014,https://en.wikipedia.org/wiki/Emmanuel_Emenike
2818,P-52008,Emerson,not applicable,1976-04-04,0,0,0,1,0,2,"1998, 2006","https://en.wikipedia.org/wiki/Emerson_(footballer,_born_1976)"
2819,P-83566,Emerton,Brett,1979-02-22,0,0,1,1,0,2,"2006, 2010",https://en.wikipedia.org/wiki/Brett_Emerton
2820,P-32446,Emmerich,Lothar,1941-11-29,0,0,0,0,1,1,1966,https://en.wikipedia.org/wiki/Lothar_Emmerich
2821,P-35636,Emmers,Marc,1966-02-25,0,0,0,1,0,2,"1990, 1994",https://en.wikipedia.org/wiki/Marc_Emmers
2823,P-42517,En-Nesyri,Youssef,1997-06-01,0,0,0,0,1,2,"2018, 2022",https://en.wikipedia.org/wiki/Youssef_En-Nesyri
2826,P-52469,Enciso,Julio César,1974-08-05,0,0,0,1,0,1,1998,"https://en.wikipedia.org/wiki/Julio_C%C3%A9sar_Enciso_(footballer,_born_1974)"
2829,P-53282,Endo,Wataru,1993-02-09,0,0,1,1,0,2,"2018, 2022",https://en.wikipedia.org/wiki/Wataru_Endo
2830,P-61292,Endō,Yasuhito,1980-01-28,0,0,0,1,0,3,"2006, 2010, 2014",https://en.wikipedia.org/wiki/Yasuhito_End%C5%8D
2831,P-41303,Enevoldsen,Thomas,1987-07-27,0,0,0,1,0,1,2010,https://en.wikipedia.org/wiki/Thomas_Enevoldsen
2838,P-02017,Engqvist,Leif,1962-07-30,0,0,0,1,0,1,1990,https://en.wikipedia.org/wiki/Leif_Engqvist
2839,P-48455,Enoh,Eyong,1986-03-23,0,0,0,1,0,2,"2010, 2014",https://en.wikipedia.org/wiki/Eyong_Enoh
2841,P-70033,Enrique,Héctor,1962-04-26,0,0,0,1,0,1,1986,https://en.wikipedia.org/wiki/H%C3%A9ctor_Enrique
2842,P-38878,Enrique,Luis,1970-05-08,0,0,0,1,0,3,"1994, 1998, 2002",https://en.wikipedia.org/wiki/Luis_Enrique
2844,P-39249,Enyeama,Vincent,1982-08-29,0,1,0,0,0,3,"2002, 2010, 2014",https://en.wikipedia.org/wiki/Vincent_Enyeama
2847,P-70357,Epassy,Devis,1993-02-02,0,1,0,0,0,1,2022,https://en.wikipedia.org/wiki/Devis_Epassy
2850,P-52676,Erazo,Frickson,1988-05-05,0,0,1,0,0,1,2014,https://en.wikipedia.org/wiki/Frickson_Erazo
2853,P-37782,Erdem,Arif,1972-01-02,0,0,0,0,1,1,2002,https://en.wikipedia.org/wiki/Arif_Erdem
2855,P-41907,Ergić,Ivan,1981-01-21,0,0,0,1,0,1,2006,https://en.wikipedia.org/wiki/Ivan_Ergi%C4%87
2858,P-50104,Eriksen,Christian,1992-02-14,0,0,0,1,0,3,"2010, 2018, 2022",https://en.wikipedia.org/wiki/Christian_Eriksen
2859,P-92292,Eriksen,John,1957-11-20,0,0,0,0,1,1,1986,https://en.wikipedia.org/wiki/John_Eriksen
2864,P-61735,Eriksson,Leif,1942-03-20,0,0,0,1,0,1,1970,https://en.wikipedia.org/wiki/Leif_Eriksson_(footballer)
2866,P-52124,Erlandsson,Ingemar,1957-11-16,0,0,1,0,0,1,1978,https://en.wikipedia.org/wiki/Ingemar_Erlandsson
2868,P-39634,Erlingmark,Magnus,1968-07-08,0,0,1,0,0,1,1994,https://en.wikipedia.org/wiki/Magnus_Erlingmark
2870,P-04447,Ertan,Mustafa,1926-04-21,0,0,1,0,0,1,1954,https://en.wikipedia.org/wiki/Mustafa_Ertan
2875,P-70177,Escobar,Andrés,1967-03-13,0,0,1,0,0,2,"1990, 1994",https://en.wikipedia.org/wiki/Andr%C3%A9s_Escobar
2878,P-91455,Escobar,Fidel,1995-01-09,0,0,1,0,0,1,2018,https://en.wikipedia.org/wiki/Fidel_Escobar
2881,P-61698,Eskandarian,Andranik,1951-12-31,0,0,1,0,0,1,1978,https://en.wikipedia.org/wiki/Andranik_Eskandarian
2882,P-19791,España,Miguel,1961-04-04,0,0,0,1,0,1,1986,https://en.wikipedia.org/wiki/Miguel_Espa%C3%B1a
2883,P-99710,Espárrago,Víctor,1944-10-06,0,0,0,1,0,3,"1966, 1970, 1974",https://en.wikipedia.org/wiki/V%C3%ADctor_Esp%C3%A1rrago
2886,P-06468,Espinoza,Giovanny,1977-04-12,0,0,1,0,0,2,"2002, 2006",https://en.wikipedia.org/wiki/Giovanny_Espinoza
2889,P-53060,Espinoza,Roger,1986-10-25,0,0,0,1,1,2,"2010, 2014",https://en.wikipedia.org/wiki/Roger_Espinoza
2890,P-31347,Essediri,Karim,1979-07-29,0,0,1,0,0,1,2006,https://en.wikipedia.org/wiki/Karim_Essediri
2891,P-12805,Essien,Michael,1982-12-03,0,0,0,1,0,2,"2006, 2014",https://en.wikipedia.org/wiki/Michael_Essien
2894,P-14852,Estay,Fabián,1968-10-05,0,0,0,1,0,1,1998,https://en.wikipedia.org/wiki/Fabi%C3%A1n_Estay
2896,P-06745,Esterházy,Márton,1956-04-09,0,0,0,0,1,1,1986,https://en.wikipedia.org/wiki/M%C3%A1rton_Esterh%C3%A1zy
2897,P-78085,Estili,Hamid,1967-04-01,0,0,0,1,0,1,1998,https://en.wikipedia.org/wiki/Hamid_Estili
2899,P-53398,Estrada,Carlos,1961-11-01,0,0,0,0,1,1,1990,https://en.wikipedia.org/wiki/Carlos_Estrada
2900,P-08305,Estrada,Marco,1983-05-28,0,0,0,1,0,1,2010,https://en.wikipedia.org/wiki/Marco_Estrada_(footballer)
2901,P-44851,Estrada,Michael,1996-04-07,0,0,0,0,1,1,2022,https://en.wikipedia.org/wiki/Michael_Estrada
2902,P-52697,Estupiñán,Pervis,1998-01-21,0,0,1,0,0,1,2022,https://en.wikipedia.org/wiki/Pervis_Estupi%C3%B1%C3%A1n
2903,P-22812,Etcheverry,Marco,1970-09-26,0,0,0,1,0,1,1994,https://en.wikipedia.org/wiki/Marco_Etcheverry
2905,P-62455,Etebo,Peter,1995-11-09,0,0,0,1,0,1,2018,https://en.wikipedia.org/wiki/Peter_Etebo
2906,P-11236,Etepe,Kakoko,1950-11-22,0,0,0,0,1,1,1974,https://en.wikipedia.org/wiki/Kakoko_Etepe
2907,P-61703,Eto'o,Samuel,1981-03-10,0,0,0,0,1,4,"1998, 2002, 2010, 2014",https://en.wikipedia.org/wiki/Samuel_Eto%27o
2908,P-98948,Ettori,Jean-Luc,1955-07-29,0,1,0,0,0,1,1982,https://en.wikipedia.org/wiki/Jean-Luc_Ettori
2909,P-96711,Etuhu,Dickson,1982-06-08,0,0,0,1,0,1,2010,https://en.wikipedia.org/wiki/Dickson_Etuhu
2910,P-93745,Etxeberria,Joseba,1977-09-05,0,0,0,1,0,1,1998,https://en.wikipedia.org/wiki/Joseba_Etxeberria
2911,P-74747,Eusébio,not applicable,1942-01-25,0,0,0,0,1,1,1966,https://en.wikipedia.org/wiki/Eus%C3%A9bio
2912,P-28794,Eustáquio,Stephen,1996-12-21,0,0,0,1,0,1,2022,https://en.wikipedia.org/wiki/Stephen_Eust%C3%A1quio
2913,P-38178,Evani,Alberigo,1963-01-01,0,0,0,1,0,1,1994,https://en.wikipedia.org/wiki/Alberigo_Evani
2914,P-53126,Evans,Allan,1956-10-12,0,0,1,0,0,1,1982,https://en.wikipedia.org/wiki/Allan_Evans_(footballer)
2919,P-23897,Evaristo,Mario,1908-12-10,0,0,0,0,1,1,1930,https://en.wikipedia.org/wiki/Mario_Evaristo
2920,P-27277,Everaldo,not applicable,1944-09-11,0,0,1,0,0,1,1970,"https://en.wikipedia.org/wiki/Everaldo_(footballer,_born_1944)"
2921,P-72916,Evra,Patrice,1981-05-15,0,0,1,0,0,2,"2010, 2014",https://en.wikipedia.org/wiki/Patrice_Evra
2928,P-95374,Ezatolahi,Saeid,1996-10-01,0,0,0,1,0,2,"2018, 2022",https://en.wikipedia.org/wiki/Saeid_Ezatolahi
2931,P-26103,Ezeugo,Emeka,1965-12-16,0,0,1,0,0,1,1994,https://en.wikipedia.org/wiki/Emeka_Ezeugo
2932,P-21052,Ezzalzouli,Abde,2001-12-17,0,0,0,0,1,1,2022,https://en.wikipedia.org/wiki/Abde_Ezzalzouli
2933,P-64003,Fabbri,Néstor,1968-04-29,0,0,1,0,0,1,1990,https://en.wikipedia.org/wiki/N%C3%A9stor_Fabbri
2934,P-36687,Fabián,Marco,1989-07-21,0,0,0,1,1,2,"2014, 2018",https://en.wikipedia.org/wiki/Marco_Fabi%C3%A1n
2936,P-98528,Fabiano,Luís,1980-11-08,0,0,0,0,1,1,2010,https://en.wikipedia.org/wiki/Lu%C3%ADs_Fabiano
2937,P-57476,Fabiański,Łukasz,1985-04-18,0,1,0,0,0,2,"2006, 2018",https://en.wikipedia.org/wiki/%C5%81ukasz_Fabia%C5%84ski
2938,P-77071,Fabinho,not applicable,1993-10-23,0,0,0,1,0,1,2022,"https://en.wikipedia.org/wiki/Fabinho_(footballer,_born_1993)"
2939,P-81297,Fàbregas,Cesc,1987-05-04,0,0,0,1,0,3,"2006, 2010, 2014",https://en.wikipedia.org/wiki/Cesc_F%C3%A0bregas
2940,P-68170,Facchetti,Giacinto,1942-07-18,0,0,1,0,0,3,"1966, 1970, 1974",https://en.wikipedia.org/wiki/Giacinto_Facchetti
2941,P-14074,Facundo,Héctor,1937-11-02,0,0,0,0,1,1,1962,https://en.wikipedia.org/wiki/H%C3%A9ctor_Facundo
2942,P-62977,Fadiga,Khalilou,1974-12-30,0,0,0,1,0,1,2002,https://en.wikipedia.org/wiki/Khalilou_Fadiga
2943,P-75161,Fadili,Jalili,1940-01-01,0,0,1,0,0,1,1970,https://en.wikipedia.org/wiki/Jalili_Fadili
2947,P-97493,Fagner,not applicable,1989-06-11,0,0,1,0,0,1,2018,https://en.wikipedia.org/wiki/Fagner_Conserva_Lemos
2948,P-47601,Fagoaga,Ramón,1952-01-12,0,0,1,0,0,1,1982,https://en.wikipedia.org/wiki/Ram%C3%B3n_Fagoaga
2951,P-47677,Fai,Collins,1992-08-13,0,0,1,0,0,1,2022,https://en.wikipedia.org/wiki/Collins_Fai
2953,P-75417,Fajardo,Luis,1963-08-18,0,0,0,1,0,1,1990,https://en.wikipedia.org/wiki/Luis_Fajardo_Posada
2954,P-46039,Fajr,Fayçal,1988-08-01,0,0,0,1,0,1,2018,https://en.wikipedia.org/wiki/Fay%C3%A7al_Fajr
2955,P-74655,Falcao,Radamel,1986-02-10,0,0,0,0,1,1,2018,https://en.wikipedia.org/wiki/Radamel_Falcao
2956,P-35736,Falcão,not applicable,1953-10-16,0,0,0,1,0,2,"1982, 1986",https://en.wikipedia.org/wiki/Paulo_Roberto_Falc%C3%A3o
2961,P-20963,Fallon,Rory,1982-03-20,0,0,0,0,1,1,2010,https://en.wikipedia.org/wiki/Rory_Fallon
2964,P-24535,Fan,Zhiyi,1969-11-06,0,0,1,0,0,1,2002,https://en.wikipedia.org/wiki/Fan_Zhiyi
2966,P-14915,Faraki,Hossein,1956-04-19,0,0,0,0,1,1,1978,https://en.wikipedia.org/wiki/Hossein_Faraki
2967,P-89897,Faras,Ahmed,1946-12-07,0,0,0,0,1,1,1970,https://en.wikipedia.org/wiki/Ahmed_Faras
2968,P-70132,Farfán,Jefferson,1984-10-26,0,0,0,0,1,1,2018,https://en.wikipedia.org/wiki/Jefferson_Farf%C3%A1n
2971,P-46424,Farías,Rogelio,1949-08-13,0,0,0,1,0,1,1974,https://en.wikipedia.org/wiki/Rogelio_Far%C3%ADas
2972,P-77051,Fariba,Behtash,1955-02-11,0,0,0,0,1,1,1978,https://en.wikipedia.org/wiki/Behtash_Fariba
2973,P-74113,Farkas,János,1942-03-27,0,0,0,0,1,2,"1962, 1966",https://en.wikipedia.org/wiki/J%C3%A1nos_Farkas
2976,P-71875,Fassnacht,Christian,1993-11-11,0,0,0,1,0,1,2022,https://en.wikipedia.org/wiki/Christian_Fassnacht
2977,P-44093,Fathy,Ahmed,1984-11-10,0,0,1,0,0,1,2018,https://en.wikipedia.org/wiki/Ahmed_Fathy
2978,P-33854,Fati,Ansu,2002-10-31,0,0,0,0,1,1,2022,https://en.wikipedia.org/wiki/Ansu_Fati
2980,P-80623,Fatton,Jacques,1925-12-19,0,0,0,0,1,2,"1950, 1954",https://en.wikipedia.org/wiki/Jacques_Fatton
2985,P-28239,Fawzi,Abdulrahman,1909-08-11,0,0,0,0,1,1,1934,https://en.wikipedia.org/wiki/Abdulrahman_Fawzi
2986,P-42976,Faye,Amdy,1977-03-12,0,0,0,1,0,1,2002,https://en.wikipedia.org/wiki/Amdy_Faye
2987,P-08275,Fayzulin,Viktor,1986-04-22,0,0,0,1,0,1,2014,https://en.wikipedia.org/wiki/Viktor_Fayzulin
2988,P-99185,Fazekas,László,1947-10-15,0,0,0,0,1,2,"1978, 1982",https://en.wikipedia.org/wiki/L%C3%A1szl%C3%B3_Fazekas
2989,P-00981,Fazio,Federico,1987-03-17,0,0,1,0,0,1,2018,https://en.wikipedia.org/wiki/Federico_Fazio
2993,P-12165,Feghouli,Sofiane,1989-12-26,0,0,0,1,0,1,2014,https://en.wikipedia.org/wiki/Sofiane_Feghouli
2994,P-77565,Feiersinger,Wolfgang,1965-01-30,0,0,1,0,0,1,1998,https://en.wikipedia.org/wiki/Wolfgang_Feiersinger
2995,P-95869,Feigenbaum,Yehoshua,1947-12-05,0,0,0,0,1,1,1970,https://en.wikipedia.org/wiki/Yehoshua_Feigenbaum
2996,P-09461,Feilhaber,Benny,1985-01-19,0,0,0,1,0,1,2010,https://en.wikipedia.org/wiki/Benny_Feilhaber
2998,P-20754,Fekir,Nabil,1993-07-18,0,0,0,0,1,1,2018,https://en.wikipedia.org/wiki/Nabil_Fekir
3000,P-17931,Félix,João,1999-11-10,0,0,0,0,1,1,2022,https://en.wikipedia.org/wiki/Jo%C3%A3o_F%C3%A9lix
3001,P-39749,Félix,not applicable,1937-12-24,0,1,0,0,0,1,1970,https://en.wikipedia.org/wiki/F%C3%A9lix_Mi%C3%A9lli_Venerando
3002,P-63363,Fellaini,Marouane,1987-11-22,0,0,0,1,0,2,"2014, 2018",https://en.wikipedia.org/wiki/Marouane_Fellaini
3003,P-87821,Fenwick,Terry,1959-11-17,0,0,1,0,0,1,1986,https://en.wikipedia.org/wiki/Terry_Fenwick
3005,P-20877,Fer,Leroy,1990-01-05,0,0,0,1,0,1,2014,https://en.wikipedia.org/wiki/Leroy_Fer
3007,P-01249,Ferdinand,Rio,1978-11-07,0,0,1,0,0,3,"1998, 2002, 2006",https://en.wikipedia.org/wiki/Rio_Ferdinand
3008,P-48327,Fergani,Ali,1952-09-21,0,0,0,1,0,1,1982,https://en.wikipedia.org/wiki/Ali_Fergani
3010,P-39584,Fernandes,Bruno,1994-09-08,0,0,0,1,0,2,"2018, 2022",https://en.wikipedia.org/wiki/Bruno_Fernandes
3012,P-29932,Fernandes,Edimilson,1996-04-15,0,0,1,0,0,1,2022,https://en.wikipedia.org/wiki/Edimilson_Fernandes
3013,P-77553,Fernandes,Gélson,1986-09-02,0,0,0,1,0,3,"2010, 2014, 2018",https://en.wikipedia.org/wiki/Gelson_Fernandes
3014,P-99900,Fernandes,Manuel,1986-02-05,0,0,0,1,0,1,2018,"https://en.wikipedia.org/wiki/Manuel_Fernandes_(footballer,_born_1986)"
3015,P-17872,Fernandes,Mário,1990-09-19,0,0,1,0,0,1,2018,https://en.wikipedia.org/wiki/M%C3%A1rio_Fernandes_(footballer)
3016,P-99965,Fernández,Álvaro,1985-10-11,0,0,0,1,0,1,2010,https://en.wikipedia.org/wiki/%C3%81lvaro_Fern%C3%A1ndez_(Uruguayan_footballer)
3020,P-10739,Fernández,Enzo,2001-01-17,0,0,0,1,0,1,2022,https://en.wikipedia.org/wiki/Enzo_Fern%C3%A1ndez
3021,P-72244,Fernández,Federico,1989-02-21,0,0,1,0,0,1,2014,https://en.wikipedia.org/wiki/Federico_Fern%C3%A1ndez_(footballer)
3025,P-20506,Fernández,José,1939-02-14,0,0,1,0,0,1,1970,"https://en.wikipedia.org/wiki/Jos%C3%A9_Fern%C3%A1ndez_(footballer,_born_1939)"
3027,P-00643,Fernández,Luis,1959-10-02,0,0,0,1,0,1,1986,https://en.wikipedia.org/wiki/Luis_Fern%C3%A1ndez
3028,P-96009,Fernández,Matías,1986-05-15,0,0,0,1,0,1,2010,https://en.wikipedia.org/wiki/Mat%C3%ADas_Fern%C3%A1ndez
3030,P-47269,Fernández,Roberto,1954-07-09,0,1,0,0,0,1,1986,"https://en.wikipedia.org/wiki/Roberto_Fern%C3%A1ndez_(footballer,_born_1954)"
3031,P-88751,Fernández,Sebastián,1985-05-23,0,0,0,0,1,1,2010,https://en.wikipedia.org/wiki/Sebasti%C3%A1n_Fern%C3%A1ndez
3032,P-77302,Fernández,Tomás,not available,0,0,0,0,1,1,1938,"https://en.wikipedia.org/wiki/Tom%C3%A1s_Fern%C3%A1ndez_(footballer,_born_1915)"
3033,P-41758,Fernandinho,not applicable,1985-05-04,0,0,0,1,0,2,"2014, 2018","https://en.wikipedia.org/wiki/Fernandinho_(footballer,_born_May_1985)"
3035,P-84197,Fernando,not applicable,1965-09-11,0,0,0,1,0,1,1990,"https://en.wikipedia.org/wiki/Fernando_G%C3%B3mez_(footballer,_born_1965)"
3039,P-67143,Ferrara,Ciro,1967-02-11,0,0,1,0,0,1,1990,https://en.wikipedia.org/wiki/Ciro_Ferrara
3041,P-39512,Ferrari,Giovanni,1907-12-06,0,0,0,0,1,2,"1934, 1938",https://en.wikipedia.org/wiki/Giovanni_Ferrari
3044,P-58640,Ferraris,Pietro,1912-02-15,0,0,0,0,1,1,1938,https://en.wikipedia.org/wiki/Pietro_Ferraris
3045,P-16678,Ferreira,Buenaventura,1960-07-04,0,0,0,1,0,1,1986,https://en.wikipedia.org/wiki/Buenaventura_Ferreira
3046,P-34132,Ferreira,Jesús,2000-12-24,0,0,0,0,1,1,2022,https://en.wikipedia.org/wiki/Jes%C3%BAs_Ferreira
3048,P-16378,Ferreira,Paulo,1979-01-18,0,0,1,0,0,2,"2006, 2010",https://en.wikipedia.org/wiki/Paulo_Ferreira
3051,P-59647,Ferrer,Albert,1970-06-06,0,0,1,0,0,2,"1994, 1998",https://en.wikipedia.org/wiki/Albert_Ferrer
3053,P-80821,Ferreri,Jean-Marc,1962-12-26,0,0,0,1,0,1,1986,https://en.wikipedia.org/wiki/Jean-Marc_Ferreri
3054,P-47366,Ferri,Riccardo,1963-08-20,0,0,1,0,0,1,1990,https://en.wikipedia.org/wiki/Riccardo_Ferri
3059,P-64903,Fetfatzidis,Giannis,1990-12-21,0,0,0,1,0,1,2014,https://en.wikipedia.org/wiki/Giannis_Fetfatzidis
3062,P-45404,Feureisl,Jiří,1931-10-03,0,0,0,0,1,1,1958,https://en.wikipedia.org/wiki/Ji%C5%99%C3%AD_Feureisl
3066,P-53399,Fiala,Jan,1956-05-19,0,0,1,0,0,1,1982,https://en.wikipedia.org/wiki/Jan_Fiala
3068,P-63982,Fichtel,Klaus,1944-11-19,0,0,1,0,0,1,1970,https://en.wikipedia.org/wiki/Klaus_Fichtel
3075,P-57496,Figo,Luís,1972-11-04,0,0,0,1,0,2,"2002, 2006",https://en.wikipedia.org/wiki/Lu%C3%ADs_Figo
3077,P-14307,Figueiredo,Paulo,1972-11-28,0,0,0,1,0,1,2006,https://en.wikipedia.org/wiki/Paulo_Figueiredo
3078,P-95834,Figueroa,Elías,1946-10-25,0,0,1,0,0,3,"1966, 1974, 1982",https://en.wikipedia.org/wiki/El%C3%ADas_Figueroa
3079,P-31125,Figueroa,Maynor,1983-05-02,0,0,1,0,0,2,"2010, 2014",https://en.wikipedia.org/wiki/Maynor_Figueroa
3080,P-55438,Figueroa,Roberto,1959-12-15,0,0,0,0,1,1,1982,https://en.wikipedia.org/wiki/Jos%C3%A9_Roberto_Figueroa
3084,P-48638,Filipescu,Iulian,1974-03-29,0,0,0,1,0,1,1998,https://en.wikipedia.org/wiki/Iulian_Filipescu
3086,P-25276,Fillol,Ubaldo,1950-07-21,0,1,0,0,0,3,"1974, 1978, 1982",https://en.wikipedia.org/wiki/Ubaldo_Fillol
3087,P-36179,Findley,Robbie,1985-08-04,0,0,0,0,1,1,2010,https://en.wikipedia.org/wiki/Robbie_Findley
3088,P-56778,Finnan,Steve,1976-04-24,0,0,1,0,0,1,2002,https://en.wikipedia.org/wiki/Steve_Finnan
3089,P-70085,Finnbogason,Alfreð,1989-02-01,0,0,0,0,1,1,2018,https://en.wikipedia.org/wiki/Alfre%C3%B0_Finnbogason
3090,P-86813,Finney,Tom,1922-04-05,0,0,0,0,1,3,"1950, 1954, 1958",https://en.wikipedia.org/wiki/Tom_Finney
3094,P-37877,Firmino,Roberto,1991-10-02,0,0,0,0,1,1,2018,https://en.wikipedia.org/wiki/Roberto_Firmino
3096,P-52461,Fischer,Klaus,1949-12-27,0,0,0,0,1,2,"1978, 1982",https://en.wikipedia.org/wiki/Klaus_Fischer
3098,P-65946,Fischer,Viktor,1994-06-09,0,0,0,0,1,1,2018,https://en.wikipedia.org/wiki/Viktor_Fischer
3099,P-92802,Fish,Mark,1974-03-14,0,0,1,0,0,1,1998,https://en.wikipedia.org/wiki/Mark_Fish
3102,P-73648,Fjørtoft,Jan Åge,1967-01-10,0,0,0,0,1,1,1994,https://en.wikipedia.org/wiki/Jan_%C3%85ge_Fj%C3%B8rtoft
3104,P-78483,Flávio,not applicable,1979-12-20,0,0,0,0,1,1,2006,https://en.wikipedia.org/wiki/Fl%C3%A1vio_Amado
3105,P-56270,Fleck,Robert,1965-08-11,0,0,0,0,1,1,1990,https://en.wikipedia.org/wiki/Robert_Fleck
3110,P-99732,Flo,Håvard,1970-04-04,0,0,0,0,1,1,1998,https://en.wikipedia.org/wiki/H%C3%A5vard_Flo
3111,P-94465,Flo,Jostein,1964-10-03,0,0,0,0,1,2,"1994, 1998",https://en.wikipedia.org/wiki/Jostein_Flo
3112,P-03442,Flo,Tore André,1973-06-15,0,0,0,0,1,1,1998,https://en.wikipedia.org/wiki/Tore_Andr%C3%A9_Flo
3113,P-15681,Flohe,Heinz,1948-01-28,0,0,0,1,0,2,"1974, 1978",https://en.wikipedia.org/wiki/Heinz_Flohe
3116,P-05862,Flores,Edison,1994-05-14,0,0,0,0,1,1,2018,https://en.wikipedia.org/wiki/Edison_Flores
3118,P-85837,Flores,Luis,1962-08-08,0,0,0,0,1,1,1986,https://en.wikipedia.org/wiki/Luis_Flores_(Mexican_footballer)
3120,P-59912,Flores,Róger,1959-05-26,0,0,1,0,0,1,1990,https://en.wikipedia.org/wiki/R%C3%B3ger_Flores
3122,P-42842,Flores Ocaranza,Ignacio,1953-07-31,0,0,1,0,0,1,1978,https://en.wikipedia.org/wiki/Ignacio_Flores_Ocaranza
3123,P-37361,Florie,Tom,1897-09-06,0,0,0,1,1,2,"1930, 1934",https://en.wikipedia.org/wiki/Tom_Florie
3124,P-05132,Flowers,Ron,1934-07-28,0,0,0,1,0,2,"1962, 1966",https://en.wikipedia.org/wiki/Ron_Flowers
3127,P-10501,Foden,Phil,2000-05-28,0,0,0,1,0,1,2022,https://en.wikipedia.org/wiki/Phil_Foden
3128,P-63522,Foé,Marc-Vivien,1975-05-01,0,0,0,1,0,2,"1994, 2002",https://en.wikipedia.org/wiki/Marc-Vivien_Fo%C3%A9
3129,P-23304,Fofana,Youssouf,1999-01-10,0,0,0,1,0,1,2022,https://en.wikipedia.org/wiki/Youssouf_Fofana_(footballer)
3135,P-30100,Fonseca,Daniel,1969-09-13,0,0,0,0,1,1,1990,https://en.wikipedia.org/wiki/Daniel_Fonseca
3136,P-30163,Fonseca,Danny,1979-11-07,0,0,0,1,0,1,2006,https://en.wikipedia.org/wiki/Danny_Fonseca
3137,P-89438,Fonseca,Francisco,1979-10-02,0,0,0,0,1,1,2006,https://en.wikipedia.org/wiki/Francisco_Fonseca
3138,P-03776,Fonseca,Rolando,1974-06-06,0,0,0,0,1,1,2002,https://en.wikipedia.org/wiki/Rolando_Fonseca
3139,P-77939,Fontaine,Just,1933-08-18,0,0,0,0,1,1,1958,https://en.wikipedia.org/wiki/Just_Fontaine
3140,P-17395,Fontana,not applicable,1940-12-31,0,0,1,0,0,1,1970,https://en.wikipedia.org/wiki/Jos%C3%A9_de_Anchieta_Fontana
3141,P-18665,Fonte,José,1983-12-22,0,0,1,0,0,1,2018,https://en.wikipedia.org/wiki/Jos%C3%A9_Fonte
3142,P-48169,Fontes,Dagoberto,1943-06-06,0,0,0,1,0,1,1970,https://en.wikipedia.org/wiki/Dagoberto_Fontes
3146,P-86087,Forlán,Diego,1979-05-19,0,0,0,0,1,3,"2002, 2010, 2014",https://en.wikipedia.org/wiki/Diego_Forl%C3%A1n
3147,P-34358,Forlán,Pablo,1945-07-14,0,0,1,1,0,2,"1966, 1974",https://en.wikipedia.org/wiki/Pablo_Forl%C3%A1n
3151,P-04686,Forsberg,Emil,1991-10-23,0,0,0,1,0,1,2018,https://en.wikipedia.org/wiki/Emil_Forsberg
3153,P-58731,Forson,Richmond,1980-05-23,0,0,1,0,0,1,2006,https://en.wikipedia.org/wiki/Richmond_Forson
3155,P-31123,Förster,Bernd,1956-05-03,0,0,1,0,0,1,1982,https://en.wikipedia.org/wiki/Bernd_F%C3%B6rster
3156,P-27251,Förster,Karlheinz,1958-07-25,0,0,1,0,0,2,"1982, 1986",https://en.wikipedia.org/wiki/Karlheinz_F%C3%B6rster
3157,P-23439,Forsyth,Tom,1949-01-23,0,0,1,0,0,1,1978,https://en.wikipedia.org/wiki/Tom_Forsyth
3159,P-02423,Fortune,Quinton,1977-05-21,0,0,0,1,0,2,"1998, 2002",https://en.wikipedia.org/wiki/Quinton_Fortune
3161,P-31138,Foster,Ben,1983-04-03,0,1,0,0,0,1,2014,https://en.wikipedia.org/wiki/Ben_Foster_(footballer)
3163,P-19836,Foster,Steve,1957-09-24,0,0,1,0,0,1,1982,https://en.wikipedia.org/wiki/Steve_Foster
3169,P-10663,Fowler,Robbie,1975-04-09,0,0,0,0,1,1,2002,https://en.wikipedia.org/wiki/Robbie_Fowler
3170,P-00652,Foyth,Juan,1998-01-12,0,0,1,0,0,1,2022,https://en.wikipedia.org/wiki/Juan_Foyth
3171,P-48001,Fragoso,Javier,1942-04-19,0,0,0,0,1,2,"1966, 1970",https://en.wikipedia.org/wiki/Javier_Fragoso
3172,P-36582,Francescoli,Enzo,1961-11-12,0,0,0,1,0,2,"1986, 1990",https://en.wikipedia.org/wiki/Enzo_Francescoli
3175,P-46307,Françillon,Henri,1946-05-26,0,1,0,0,0,1,1974,https://en.wikipedia.org/wiki/Henri_Fran%C3%A7illon
3176,P-65224,Francis,Trevor,1954-04-19,0,0,0,0,1,1,1982,https://en.wikipedia.org/wiki/Trevor_Francis
3178,P-02901,Francisco,not applicable,1962-11-01,0,0,0,1,0,1,1986,https://en.wikipedia.org/wiki/Francisco_L%C3%B3pez_Alfaro
3181,P-28364,Franco,Alan,1998-08-21,0,0,0,1,0,1,2022,"https://en.wikipedia.org/wiki/Alan_Franco_(footballer,_born_1998)"
3183,P-73255,Franco,Guillermo,1976-11-03,0,0,0,0,1,2,"2006, 2010",https://en.wikipedia.org/wiki/Guillermo_Franco
3184,P-22263,Franco,Juan Carlos,1973-04-17,0,0,1,0,0,1,2002,https://en.wikipedia.org/wiki/Juan_Carlos_Franco
3185,P-27047,Franco,Leo,1977-05-29,0,1,0,0,0,1,2006,https://en.wikipedia.org/wiki/Leo_Franco
3186,P-39155,François,Guy,1947-09-18,0,0,0,1,0,1,1974,https://en.wikipedia.org/wiki/Guy_Fran%C3%A7ois_(footballer)
3187,P-02695,Frandsen,Per,1970-02-06,0,0,0,1,0,1,1998,https://en.wikipedia.org/wiki/Per_Frandsen
3188,P-12111,Franjic,Ivan,1987-09-10,0,0,1,0,0,1,2014,https://en.wikipedia.org/wiki/Ivan_Franjic
3191,P-23437,Frankowski,Przemysław,1995-04-12,0,0,0,1,0,1,2022,https://en.wikipedia.org/wiki/Przemys%C5%82aw_Frankowski
3194,P-77764,Fraser,Henk,1966-07-07,0,0,1,0,0,1,1990,https://en.wikipedia.org/wiki/Henk_Fraser
3196,P-11424,Frechaut,Nuno,1977-09-24,0,0,1,0,0,1,2002,https://en.wikipedia.org/wiki/Nuno_Frechaut
3197,P-54042,Fred,not applicable,1983-10-03,0,0,0,0,1,2,"2006, 2014","https://en.wikipedia.org/wiki/Fred_(footballer,_born_1983)"
3198,P-74941,Fred,not applicable,1993-03-05,0,0,0,1,0,2,"2018, 2022","https://en.wikipedia.org/wiki/Fred_(footballer,_born_1993)"
3199,P-29698,Frederico,not applicable,1957-04-06,0,0,1,0,0,1,1986,https://en.wikipedia.org/wiki/Frederico_Rosa
3200,P-61684,Frei,Alexander,1979-07-15,0,0,0,0,1,2,"2006, 2010",https://en.wikipedia.org/wiki/Alexander_Frei
3201,P-00244,Frei,Fabian,1989-01-08,0,0,0,1,0,1,2022,https://en.wikipedia.org/wiki/Fabian_Frei
3203,P-95911,Fretes,César López,1923-03-21,0,0,0,0,1,1,1950,https://en.wikipedia.org/wiki/C%C3%A9sar_L%C3%B3pez_Fretes
3204,P-68060,Freuler,Remo,1992-04-15,0,0,0,1,0,2,"2018, 2022",https://en.wikipedia.org/wiki/Remo_Freuler
3206,P-21738,Friaça,not applicable,1924-10-20,0,0,0,0,1,1,1950,https://en.wikipedia.org/wiki/Fria%C3%A7a
3209,P-76191,Friedel,Brad,1971-05-18,0,1,0,0,0,3,"1994, 1998, 2002",https://en.wikipedia.org/wiki/Brad_Friedel
3212,P-43481,Friedrich,Arne,1979-05-29,0,0,1,0,0,2,"2006, 2010",https://en.wikipedia.org/wiki/Arne_Friedrich
3216,P-64967,Frignani,Amleto,1932-03-05,0,0,0,0,1,1,1954,https://en.wikipedia.org/wiki/Amleto_Frignani
3219,P-35264,Frings,Torsten,1976-11-22,0,0,0,1,0,2,"2002, 2006",https://en.wikipedia.org/wiki/Torsten_Frings
3226,P-95196,Fucile,Jorge,1984-11-19,0,0,1,0,0,2,"2010, 2014",https://en.wikipedia.org/wiki/Jorge_Fucile
3227,P-98593,Fuentes,Ismael,1981-08-04,0,0,1,0,0,1,2010,https://en.wikipedia.org/wiki/Ismael_Fuentes
3228,P-80565,Fuentes,Nicolás,1941-12-20,0,0,1,0,0,1,1970,https://en.wikipedia.org/wiki/Nicol%C3%A1s_Fuentes
3229,P-80753,Fuentes,Ronald,1969-06-22,0,0,1,0,0,1,1998,https://en.wikipedia.org/wiki/Ronald_Fuentes
3233,P-89292,Fukunishi,Takashi,1976-09-01,0,0,0,1,0,2,"2002, 2006",https://en.wikipedia.org/wiki/Takashi_Fukunishi
3234,P-80986,Fuller,Keysher,1994-07-12,0,0,1,0,0,1,2022,https://en.wikipedia.org/wiki/Keysher_Fuller
3235,P-46246,Füllkrug,Niclas,1993-02-09,0,0,0,0,1,1,2022,https://en.wikipedia.org/wiki/Niclas_F%C3%BCllkrug
3238,P-51689,Funes Mori,Rogelio,1991-03-05,0,0,0,0,1,1,2022,https://en.wikipedia.org/wiki/Rogelio_Funes_Mori
3240,P-05329,Furino,Giuseppe,1946-07-05,0,0,1,0,0,1,1970,https://en.wikipedia.org/wiki/Giuseppe_Furino
3242,P-52039,Furtok,Jan,1962-03-09,0,0,0,0,1,1,1986,https://en.wikipedia.org/wiki/Jan_Furtok
3245,P-53638,Fusté,Josep Maria,1941-04-15,0,0,0,1,0,1,1966,https://en.wikipedia.org/wiki/Josep_Maria_Fust%C3%A9
3247,P-10440,Futre,Paulo,1966-02-28,0,0,0,0,1,1,1986,https://en.wikipedia.org/wiki/Paulo_Futre
3250,P-83293,Gabr,Ali,1989-01-01,0,0,1,0,0,1,2018,https://en.wikipedia.org/wiki/Ali_Gabr
3251,P-94823,Gabriel,Reuben,1990-09-25,0,0,0,1,0,1,2014,https://en.wikipedia.org/wiki/Reuben_Gabriel
3254,P-15858,Gabsi,Hassen,1974-02-23,0,0,0,1,0,1,2002,https://en.wikipedia.org/wiki/Hassen_Gabsi
3256,P-20188,Gadocha,Robert,1946-01-10,0,0,0,0,1,1,1974,https://en.wikipedia.org/wiki/Robert_Gadocha
3257,P-62622,Gaetjens,Joe,1924-03-19,0,0,0,0,1,1,1950,https://en.wikipedia.org/wiki/Joe_Gaetjens
3258,P-66746,Gaganelov,Boris,1941-10-07,0,0,1,0,0,2,"1966, 1970",https://en.wikipedia.org/wiki/Boris_Gaganelov
3259,P-51894,Gago,Fernando,1986-04-10,0,0,0,1,0,1,2014,https://en.wikipedia.org/wiki/Fernando_Gago
3265,P-75095,Gajser,Saša,1974-02-11,0,0,1,0,0,1,2002,https://en.wikipedia.org/wiki/Sa%C5%A1a_Gajser
3266,P-28911,Gakpo,Cody,1999-05-07,0,0,0,0,1,1,2022,https://en.wikipedia.org/wiki/Cody_Gakpo
3267,P-69743,Galásek,Tomáš,1973-01-15,0,0,0,1,0,1,2006,https://en.wikipedia.org/wiki/Tom%C3%A1%C5%A1_Gal%C3%A1sek
3268,P-61839,Galateo,Alberto,1912-03-04,0,0,0,0,1,1,1934,https://en.wikipedia.org/wiki/Alberto_Galateo
3270,P-17898,Gâlcă,Constantin,1972-03-08,0,0,0,1,0,2,"1994, 1998",https://en.wikipedia.org/wiki/Constantin_G%C3%A2lc%C4%83
3271,P-45432,Galderisi,Giuseppe,1963-03-22,0,0,0,0,1,1,1986,https://en.wikipedia.org/wiki/Giuseppe_Galderisi
3274,P-95639,Galiamin,Dmitri,1963-01-08,0,0,1,0,0,1,1994,https://en.wikipedia.org/wiki/Dmitri_Galiamin
3275,P-05537,Galić,Milan,1938-03-08,0,0,0,1,0,1,1962,https://en.wikipedia.org/wiki/Milan_Gali%C4%87
3276,P-48946,Galič,Marinko,1970-04-22,0,0,1,0,0,1,2002,https://en.wikipedia.org/wiki/Marinko_Gali%C4%8D
3277,P-56347,Galíndez,Hernán,1987-03-30,0,1,0,0,0,1,2022,https://en.wikipedia.org/wiki/Hern%C3%A1n_Gal%C3%ADndez
3278,P-82483,Galindo,Benjamín,1960-12-11,0,0,0,1,0,1,1994,https://en.wikipedia.org/wiki/Benjam%C3%ADn_Galindo
3279,P-36374,Galindo,Mario,1951-08-10,0,0,1,0,0,2,"1974, 1982",https://en.wikipedia.org/wiki/Mario_Galindo
3281,P-00189,Gallacher,Kevin,1966-11-23,0,0,0,0,1,1,1998,https://en.wikipedia.org/wiki/Kevin_Gallacher
3284,P-03607,Gallardo,Alberto,1940-11-28,0,0,0,1,0,1,1970,https://en.wikipedia.org/wiki/Alberto_Gallardo
3285,P-80088,Gallardo,Jesús,1994-08-15,0,0,1,1,0,2,"2018, 2022",https://en.wikipedia.org/wiki/Jes%C3%BAs_Gallardo
3287,P-94002,Gallardo,Marcelo,1976-01-18,0,0,0,1,0,2,"1998, 2002",https://en.wikipedia.org/wiki/Marcelo_Gallardo
3288,P-68803,Gallas,William,1977-08-17,0,0,1,0,0,2,"2006, 2010",https://en.wikipedia.org/wiki/William_Gallas
3289,P-99593,Gallego,Américo,1955-04-25,0,0,0,1,0,2,"1978, 1982",https://en.wikipedia.org/wiki/Am%C3%A9rico_Gallego
3291,P-86323,Gallego,Ricardo,1959-02-08,0,0,0,1,0,2,"1982, 1986",https://en.wikipedia.org/wiki/Ricardo_Gallego
3292,P-83518,Gallese,Pedro,1990-02-23,0,1,0,0,0,1,2018,https://en.wikipedia.org/wiki/Pedro_Gallese
3294,P-32442,Galli,Carlo,1931-03-06,0,0,0,0,1,1,1954,https://en.wikipedia.org/wiki/Carlo_Galli
3295,P-56533,Galli,Giovanni,1958-04-29,0,1,0,0,0,2,"1982, 1986",https://en.wikipedia.org/wiki/Giovanni_Galli
3296,P-03905,Galván,Luis,1948-02-24,0,0,1,0,0,2,"1978, 1982",https://en.wikipedia.org/wiki/Luis_Galv%C3%A1n
3298,P-06573,Galvão,Mauro,1961-12-19,0,0,1,0,0,2,"1986, 1990",https://en.wikipedia.org/wiki/Mauro_Galv%C3%A3o
3301,P-19241,Gamarra,Carlos,1971-02-17,0,0,1,0,0,3,"1998, 2002, 2006",https://en.wikipedia.org/wiki/Carlos_Gamarra
3304,P-26483,Gamboa,Cristian,1989-10-24,0,0,1,0,0,2,"2014, 2018",https://en.wikipedia.org/wiki/Cristian_Gamboa
3306,P-03126,Gamboa,Miguel Ángel,1951-06-21,0,0,0,0,1,1,1982,https://en.wikipedia.org/wiki/Miguel_%C3%81ngel_Gamboa
3313,P-45821,Garaba,Imre,1958-07-29,0,0,1,0,0,2,"1982, 1986",https://en.wikipedia.org/wiki/Imre_Garaba
3314,P-61051,Garay,Ezequiel,1986-10-10,0,0,1,0,0,1,2014,https://en.wikipedia.org/wiki/Ezequiel_Garay
3319,P-64711,Garcia,Richard,1981-09-04,0,0,0,1,0,1,2010,https://en.wikipedia.org/wiki/Richard_Garcia
3320,P-93922,García,Boniek,1984-09-04,0,0,1,1,0,2,"2010, 2014",https://en.wikipedia.org/wiki/Boniek_Garc%C3%ADa
3323,P-33029,García,Juan Carlos,1988-03-08,0,0,1,0,0,1,2014,https://en.wikipedia.org/wiki/Juan_Carlos_Garc%C3%ADa_(Honduran_footballer)
3325,P-25905,García,Luis,1978-06-24,0,0,0,1,0,1,2006,"https://en.wikipedia.org/wiki/Luis_Garc%C3%ADa_(footballer,_born_1978)"
3327,P-76244,García,Pablo,1977-05-11,0,0,0,1,0,1,2002,"https://en.wikipedia.org/wiki/Pablo_Garc%C3%ADa_(Uruguayan_footballer,_born_1977)"
3328,P-87592,García,Rafael,1974-08-14,0,0,0,1,0,2,"2002, 2006",https://en.wikipedia.org/wiki/Rafael_Garc%C3%ADa_Torres
3329,P-51910,García,Rolando,1942-12-15,0,0,1,0,0,1,1974,https://en.wikipedia.org/wiki/Rolando_Garc%C3%ADa_(Chilean_footballer)
3331,P-21495,García Aspe,Alberto,1967-05-11,0,0,0,1,0,3,"1994, 1998, 2002",https://en.wikipedia.org/wiki/Alberto_Garc%C3%ADa_Aspe
3332,P-46904,García Postigo,Luis,1969-06-01,0,0,0,0,1,2,"1994, 1998",https://en.wikipedia.org/wiki/Luis_Garc%C3%ADa_Postigo
3336,P-79750,Gardner,Ricardo,1978-09-25,0,0,1,0,0,1,1998,https://en.wikipedia.org/wiki/Ricardo_Gardner
3339,P-78735,Gargano,Walter,1984-07-23,0,0,0,1,0,2,"2010, 2014",https://en.wikipedia.org/wiki/Walter_Gargano
3340,P-13110,Garisto,Luis,1945-12-03,0,0,1,0,0,1,1974,https://en.wikipedia.org/wiki/Luis_Garisto
3341,P-69165,Garré,Oscar,1956-12-09,0,0,1,0,0,1,1986,https://en.wikipedia.org/wiki/Oscar_Garr%C3%A9
3342,P-93218,Garrido,Lizardo,1957-08-25,0,0,1,0,0,1,1982,https://en.wikipedia.org/wiki/Lizardo_Garrido
3343,P-29674,Garrido,Luis,1990-11-05,0,0,0,1,0,1,2014,https://en.wikipedia.org/wiki/Luis_Garrido
3344,P-46080,Garrincha,not applicable,1933-10-28,0,0,0,0,1,3,"1958, 1962, 1966",https://en.wikipedia.org/wiki/Garrincha
3350,P-06127,Gascoigne,Paul,1967-05-27,0,0,0,1,0,1,1990,https://en.wikipedia.org/wiki/Paul_Gascoigne
3351,P-82486,Gasmi,Khaled,1953-04-08,0,0,0,1,0,1,1978,https://en.wikipedia.org/wiki/Khaled_Gasmi
3352,P-35711,Gassama,Lamine,1989-10-20,0,0,1,0,0,1,2018,https://en.wikipedia.org/wiki/Lamine_Gassama
3356,P-18164,Gattuso,Gennaro,1978-01-09,0,0,0,1,0,3,"2002, 2006, 2010",https://en.wikipedia.org/wiki/Gennaro_Gattuso
3357,P-15763,Gauchel,Josef,1916-09-11,0,0,0,0,1,1,1938,https://en.wikipedia.org/wiki/Josef_Gauchel
3358,P-52379,Gaúcho,Renato,1962-09-09,0,0,0,0,1,1,1990,https://en.wikipedia.org/wiki/Renato_Portaluppi
3361,P-88433,Gavi,not applicable,2004-08-05,0,0,0,1,0,1,2022,https://en.wikipedia.org/wiki/Gavi_(footballer)
3362,P-75108,Gavilán,Diego,1980-03-01,0,0,0,1,0,2,"2002, 2006",https://en.wikipedia.org/wiki/Diego_Gavil%C3%A1n
3364,P-42991,Gaviria,Hermán,1969-11-27,0,0,0,1,0,1,1994,https://en.wikipedia.org/wiki/Hern%C3%A1n_Gaviria
3365,P-41962,Gavrančić,Goran,1978-08-02,0,0,1,0,0,1,2006,https://en.wikipedia.org/wiki/Goran_Gavran%C4%8Di%C4%87
3366,P-36686,Gavranović,Mario,1989-11-24,0,0,0,0,1,2,"2014, 2018",https://en.wikipedia.org/wiki/Mario_Gavranovi%C4%87
3367,P-18718,Gavrilov,Yuri,1953-05-03,0,0,0,1,0,1,1982,https://en.wikipedia.org/wiki/Yuri_Gavrilov
3368,P-94009,Gaxa,Siboniso,1984-04-06,0,0,1,0,0,1,2010,https://en.wikipedia.org/wiki/Siboniso_Gaxa
3369,P-47776,Gaydarski,Milko,1946-03-18,0,0,1,0,0,1,1970,https://en.wikipedia.org/wiki/Milko_Gaydarski
3370,P-44917,Gayle,Marcus,1970-09-27,0,0,0,0,1,1,1998,https://en.wikipedia.org/wiki/Marcus_Gayle
3372,P-31066,Gayón,Roberto,1905-01-01,0,0,0,0,1,1,1930,https://en.wikipedia.org/wiki/Roberto_Gay%C3%B3n
3373,P-20571,Gazinsky,Yury,1989-07-20,0,0,0,1,0,1,2018,https://en.wikipedia.org/wiki/Yury_Gazinsky
3380,P-02900,Geiger,Alain,1960-11-05,0,0,1,0,0,1,1994,https://en.wikipedia.org/wiki/Alain_Geiger
3381,P-56893,Gekas,Theofanis,1980-05-23,0,0,0,0,1,2,"2010, 2014",https://en.wikipedia.org/wiki/Theofanis_Gekas
3385,P-16479,Gemmill,Archie,1947-03-24,0,0,0,1,0,1,1978,https://en.wikipedia.org/wiki/Archie_Gemmill
3387,P-67920,Genchev,Boncho,1964-07-07,0,0,0,1,0,1,1994,https://en.wikipedia.org/wiki/Boncho_Genchev
3388,P-05511,Genghini,Bernard,1958-01-18,0,0,0,1,0,2,"1982, 1986",https://en.wikipedia.org/wiki/Bernard_Genghini
3390,P-21248,Gentile,Claudio,1953-09-27,0,0,1,0,0,2,"1978, 1982",https://en.wikipedia.org/wiki/Claudio_Gentile
3394,P-54287,George,Finidi,1971-04-15,0,0,0,1,0,2,"1994, 1998",https://en.wikipedia.org/wiki/Finidi_George
3400,P-86465,Geremi,not applicable,1978-12-20,0,0,1,0,0,2,"2002, 2010",https://en.wikipedia.org/wiki/Geremi
3401,P-73390,Gerets,Eric,1954-05-18,0,0,1,0,0,3,"1982, 1986, 1990",https://en.wikipedia.org/wiki/Eric_Gerets
3403,P-03154,Gergely,Vasile,1941-10-28,0,0,1,0,0,1,1970,https://en.wikipedia.org/wiki/Vasile_Gergely
3409,P-62157,Gerrard,Steven,1980-05-30,0,0,0,1,0,3,"2006, 2010, 2014",https://en.wikipedia.org/wiki/Steven_Gerrard
3411,P-04354,Gérson,not applicable,1941-01-11,0,0,0,1,0,2,"1966, 1970",https://en.wikipedia.org/wiki/G%C3%A9rson
3412,P-33586,Gervinho,not applicable,1987-05-27,0,0,0,0,1,2,"2010, 2014",https://en.wikipedia.org/wiki/Gervinho
3416,P-76141,Getov,Plamen,1959-03-04,0,0,0,1,0,1,1986,https://en.wikipedia.org/wiki/Plamen_Getov
3420,P-45308,Ghandi,Said,1948-08-16,0,0,0,1,0,1,1970,https://en.wikipedia.org/wiki/Said_Ghandi
3421,P-68161,Ghandri,Nader,1995-02-18,0,0,0,1,0,1,2022,https://en.wikipedia.org/wiki/Nader_Ghandri
3422,P-23285,Ghanim,Khalil,1964-11-12,0,0,1,0,0,1,1990,https://en.wikipedia.org/wiki/Khalil_Ghanim
3424,P-64031,Ghasempour,Ebrahim,1956-08-24,0,0,0,1,0,1,1978,https://en.wikipedia.org/wiki/Ebrahim_Ghasempour
3425,P-85379,Ghazouani,Maouhoub,1946-01-01,0,0,0,1,0,1,1970,https://en.wikipedia.org/wiki/Maouhoub_Ghazouani
3427,P-22008,Ghezzal,Abdelkader,1984-12-05,0,0,0,0,1,1,2010,https://en.wikipedia.org/wiki/Abdelkader_Ghezzal
3429,P-16302,Ghiggia,Alcides,1926-12-22,0,0,0,0,1,1,1950,https://en.wikipedia.org/wiki/Alcides_Ghiggia
3430,P-31598,Ghilas,Nabil,1990-04-20,0,0,0,0,1,1,2014,https://en.wikipedia.org/wiki/Nabil_Ghilas
3431,P-87786,Ghoddos,Saman,1993-09-06,0,0,0,1,1,2,"2018, 2022",https://en.wikipedia.org/wiki/Saman_Ghoddos
3432,P-41620,Ghodhbane,Kaies,1976-01-07,0,0,0,1,0,3,"1998, 2002, 2006",https://en.wikipedia.org/wiki/Kaies_Ghodhbane
3433,P-45653,Gholizadeh,Ali,1996-03-10,0,0,0,1,0,1,2022,https://en.wikipedia.org/wiki/Ali_Gholizadeh
3434,P-66055,Ghommidh,Néjib,1953-03-12,0,0,0,1,0,1,1978,https://en.wikipedia.org/wiki/N%C3%A9jib_Ghommidh
3435,P-85324,Ghoochannejhad,Reza,1987-09-20,0,0,0,0,1,2,"2014, 2018",https://en.wikipedia.org/wiki/Reza_Ghoochannejhad
3436,P-55717,Ghoulam,Faouzi,1991-02-01,0,0,1,0,0,1,2014,https://en.wikipedia.org/wiki/Faouzi_Ghoulam
3437,P-16899,Ghuloum,Hussain,1969-09-24,0,0,0,0,1,1,1990,https://en.wikipedia.org/wiki/Hussain_Ghuloum
3441,P-75545,Giannini,Giuseppe,1964-08-20,0,0,0,1,0,1,1990,https://en.wikipedia.org/wiki/Giuseppe_Giannini
3446,P-42706,Gignac,André-Pierre,1985-12-05,0,0,0,0,1,1,2010,https://en.wikipedia.org/wiki/Andr%C3%A9-Pierre_Gignac
3447,P-34545,Gil,not applicable,1950-12-24,0,0,0,0,1,1,1978,https://en.wikipedia.org/wiki/Gilberto_Alves
3448,P-48645,Gilardino,Alberto,1982-07-05,0,0,0,0,1,2,"2006, 2010",https://en.wikipedia.org/wiki/Alberto_Gilardino
3449,P-30363,Gilberto,not applicable,1976-04-25,0,0,1,0,0,2,"2006, 2010","https://en.wikipedia.org/wiki/Gilberto_(footballer,_born_1976)"
3451,P-16627,Gillespie,Gary,1960-07-05,0,0,1,0,0,1,1990,https://en.wikipedia.org/wiki/Gary_Gillespie
3452,P-15631,Gillhaus,Hans,1963-11-05,0,0,0,0,1,1,1990,https://en.wikipedia.org/wiki/Hans_Gillhaus
3454,P-65659,Giménez,José,1995-01-20,0,0,1,0,0,3,"2014, 2018, 2022",https://en.wikipedia.org/wiki/Jos%C3%A9_Gim%C3%A9nez
3455,P-11736,Ginchev,Gosho,1969-12-02,0,0,1,0,0,1,1998,https://en.wikipedia.org/wiki/Gosho_Ginchev
3457,P-36126,Ginter,Matthias,1994-01-19,0,0,1,0,0,3,"2014, 2018, 2022",https://en.wikipedia.org/wiki/Matthias_Ginter
3458,P-10812,Giovanni,not applicable,1972-02-04,0,0,0,1,0,1,1998,https://en.wikipedia.org/wiki/Giovanni_Silva_de_Oliveira
3460,P-32542,Girard,René,1954-04-04,0,0,0,1,0,1,1982,https://en.wikipedia.org/wiki/Ren%C3%A9_Girard_(footballer)
3462,P-79617,Giresse,Alain,1952-08-02,0,0,0,1,0,2,"1982, 1986",https://en.wikipedia.org/wiki/Alain_Giresse
3463,P-89750,Giroud,Olivier,1986-09-30,0,0,0,0,1,3,"2014, 2018, 2022",https://en.wikipedia.org/wiki/Olivier_Giroud
3466,P-38514,Gíslason,Rúrik,1988-02-25,0,0,0,1,0,1,2018,https://en.wikipedia.org/wiki/R%C3%BArik_G%C3%ADslason
3469,P-49676,Giusti,Ricardo,1956-12-11,0,0,0,1,0,2,"1986, 1990",https://en.wikipedia.org/wiki/Ricardo_Giusti
3470,P-32512,Given,Shay,1976-04-20,0,1,0,0,0,1,2002,https://en.wikipedia.org/wiki/Shay_Given
3473,P-64046,Glaria,Rubén,1948-03-10,0,0,1,0,0,1,1974,https://en.wikipedia.org/wiki/Rub%C3%A9n_Glaria
3476,P-16277,Glatzmayer,Gerald,1968-12-14,0,0,0,1,0,1,1990,https://en.wikipedia.org/wiki/Gerald_Glatzmayer
3477,P-78050,Glen,Cornell,1980-10-21,0,0,0,0,1,1,2006,https://en.wikipedia.org/wiki/Cornell_Glen
3478,P-29046,Glik,Kamil,1988-02-03,0,0,1,0,0,2,"2018, 2022",https://en.wikipedia.org/wiki/Kamil_Glik
3480,P-37701,Głowacki,Arkadiusz,1979-03-13,0,0,1,0,0,1,2002,https://en.wikipedia.org/wiki/Arkadiusz_G%C5%82owacki
3481,P-30808,Glushakov,Denis,1987-01-27,0,0,0,1,0,1,2014,https://en.wikipedia.org/wiki/Denis_Glushakov
3482,P-34712,Glykos,Panagiotis,1986-06-03,0,1,0,0,0,1,2014,https://en.wikipedia.org/wiki/Panagiotis_Glykos
3483,P-75989,Gnabry,Serge,1995-07-14,0,0,0,0,1,1,2022,https://en.wikipedia.org/wiki/Serge_Gnabry
3485,P-26566,Go,Yo-han,1988-03-10,0,0,1,0,0,1,2018,https://en.wikipedia.org/wiki/Go_Yo-han
3487,P-78440,Godín,Diego,1986-02-16,0,0,1,0,0,4,"2010, 2014, 2018, 2022",https://en.wikipedia.org/wiki/Diego_God%C3%ADn
3489,P-24760,Godoy,Aníbal,1990-02-10,0,0,0,1,0,1,2018,https://en.wikipedia.org/wiki/An%C3%ADbal_Godoy
3493,P-93792,Goikoetxea,Andoni,1956-08-23,0,0,1,0,0,1,1986,https://en.wikipedia.org/wiki/Andoni_Goikoetxea_Olaskoaga
3494,P-00619,Goikoetxea,Andoni,1965-10-21,0,0,0,0,1,1,1994,https://en.wikipedia.org/wiki/Jon_Andoni_Goikoetxea
3499,P-20762,Golmohammadi,Yahya,1971-03-19,0,0,1,0,0,1,2006,https://en.wikipedia.org/wiki/Yahya_Golmohammadi
3500,P-22778,Golovin,Aleksandr,1996-05-30,0,0,0,1,0,1,2018,https://en.wikipedia.org/wiki/Aleksandr_Golovin_(footballer)
3501,P-31762,Gomes,Fernando,1956-11-22,0,0,0,0,1,1,1986,https://en.wikipedia.org/wiki/Fernando_Gomes_(football)
3503,P-57631,Gomes,Nuno,1976-07-05,0,0,0,0,1,2,"2002, 2006",https://en.wikipedia.org/wiki/Nuno_Gomes
3504,P-88506,Gomes,Ricardo,1964-12-13,0,0,1,0,0,1,1990,https://en.wikipedia.org/wiki/Ricardo_Gomes
3505,P-72039,Gomez,Herculez,1982-04-06,0,0,0,0,1,1,2010,https://en.wikipedia.org/wiki/Herculez_Gomez
3506,P-95376,Gómez,Alberto,1944-06-10,0,0,0,0,1,1,1970,https://en.wikipedia.org/wiki/Alberto_G%C3%B3mez_(Uruguayan_footballer)
3507,P-46352,Gómez,Carlos,1952-08-16,0,0,1,0,0,1,1978,"https://en.wikipedia.org/wiki/Carlos_G%C3%B3mez_(footballer,_born_1952)"
3509,P-31825,Gómez,Gabriel,1959-12-08,0,0,0,1,0,2,"1990, 1994",https://en.wikipedia.org/wiki/Gabriel_Jaime_G%C3%B3mez_Jaramillo
3510,P-32575,Gómez,Gabriel,1984-05-29,0,0,0,1,0,1,2018,https://en.wikipedia.org/wiki/Gabriel_Enrique_G%C3%B3mez
3511,P-14496,Gómez,Gildardo,1963-10-13,0,0,1,0,0,1,1990,https://en.wikipedia.org/wiki/Gildardo_G%C3%B3mez
3518,P-78594,Gómez,Mario,1985-07-10,0,0,0,0,1,2,"2010, 2018",https://en.wikipedia.org/wiki/Mario_G%C3%B3mez
3519,P-70671,Gómez,Maxi,1996-08-14,0,0,0,0,1,2,"2018, 2022",https://en.wikipedia.org/wiki/Maxi_G%C3%B3mez
3520,P-10231,Gómez,Papu,1988-02-15,0,0,0,1,0,1,2022,https://en.wikipedia.org/wiki/Papu_G%C3%B3mez
3521,P-16382,Gómez,Róger,1965-02-07,0,0,0,1,0,1,1990,https://en.wikipedia.org/wiki/R%C3%B3ger_G%C3%B3mez
3522,P-55170,Gómez,Rónald,1975-01-24,0,0,0,0,1,2,"2002, 2006",https://en.wikipedia.org/wiki/R%C3%B3nald_G%C3%B3mez
3528,P-93839,Gonçalves,not applicable,1966-02-22,0,0,1,0,0,1,1998,https://en.wikipedia.org/wiki/Marcelo_Gon%C3%A7alves_Costa_Lopes
3529,P-66906,Gonda,Shūichi,1989-03-03,0,1,0,0,0,2,"2014, 2022",https://en.wikipedia.org/wiki/Sh%C5%ABichi_Gonda
3535,P-20244,Gonzalez,Omar,1988-10-11,0,0,1,0,0,1,2014,https://en.wikipedia.org/wiki/Omar_Gonzalez
3538,P-21702,González,Álvaro,1984-10-29,0,0,0,1,0,1,2014,https://en.wikipedia.org/wiki/%C3%81lvaro_Rafael_Gonz%C3%A1lez
3544,P-04808,González,Giancarlo,1988-02-08,0,0,1,0,0,2,"2014, 2018",https://en.wikipedia.org/wiki/Giancarlo_Gonz%C3%A1lez
3546,P-46031,González,Ignacio,1982-05-14,0,0,0,1,0,1,2010,https://en.wikipedia.org/wiki/Ignacio_Mar%C3%ADa_Gonz%C3%A1lez
3548,P-38889,González,Javier,1939-05-11,0,0,0,1,0,1,1970,"https://en.wikipedia.org/wiki/Javier_Gonz%C3%A1lez_(footballer,_born_1939)"
3549,P-11306,González,Jorge,1958-03-13,0,0,0,0,1,1,1982,https://en.wikipedia.org/wiki/Jorge_Alberto_Gonz%C3%A1lez_Barillas
3551,P-13602,González,José Luis,1942-09-14,0,0,0,1,0,2,"1966, 1970",https://en.wikipedia.org/wiki/Jos%C3%A9_Luis_Guerrero_Gonz%C3%A1lez_D%C3%A1vila
3553,P-11130,González,Kily,1974-08-04,0,0,0,1,0,1,2002,https://en.wikipedia.org/wiki/Kily_Gonz%C3%A1lez
3554,P-12856,González,Leonardo,1980-11-21,0,0,1,0,0,1,2006,https://en.wikipedia.org/wiki/Leonardo_Gonz%C3%A1lez_(Costa_Rican_footballer)
3555,P-48161,González,Lucho,1981-01-19,0,0,0,1,0,1,2006,https://en.wikipedia.org/wiki/Lucho_Gonz%C3%A1lez
3558,P-35574,González,Mark,1984-07-10,0,0,0,0,1,1,2010,https://en.wikipedia.org/wiki/Mark_Gonz%C3%A1lez
3561,P-32760,González,Pedro,1943-05-19,0,0,0,1,0,1,1970,https://en.wikipedia.org/wiki/Pedro_Gonz%C3%A1lez_(Peruvian_footballer)
3564,P-74237,González Brenes,Rónald,1970-08-08,0,0,1,0,0,1,1990,https://en.wikipedia.org/wiki/R%C3%B3nald_Gonz%C3%A1lez_Brenes
3567,P-51917,Goodison,Ian,1972-11-21,0,0,1,0,0,1,1998,https://en.wikipedia.org/wiki/Ian_Goodison
3569,P-82010,Goodwin,Craig,1991-12-16,0,0,0,0,1,1,2022,https://en.wikipedia.org/wiki/Craig_Goodwin
3570,P-34376,Goor,Bart,1973-04-09,0,0,0,1,0,1,2002,https://en.wikipedia.org/wiki/Bart_Goor
3573,P-57157,Góralski,Jacek,1992-09-21,0,0,0,1,0,1,2018,https://en.wikipedia.org/wiki/Jacek_G%C3%B3ralski
3575,P-74765,Goranov,Rumyancho,1950-03-17,0,1,0,0,0,1,1974,https://en.wikipedia.org/wiki/Rumyancho_Goranov
3577,P-19020,Gordillo,Rafael,1957-02-24,0,0,1,0,0,2,"1982, 1986",https://en.wikipedia.org/wiki/Rafael_Gordillo
3578,P-79409,Goretzka,Leon,1995-02-06,0,0,0,1,0,2,"2018, 2022",https://en.wikipedia.org/wiki/Leon_Goretzka
3579,P-76810,Gorgis,Basil,1961-01-15,0,0,0,1,0,1,1986,https://en.wikipedia.org/wiki/Basil_Gorgis
3580,P-95634,Gorgoń,Jerzy,1949-07-18,0,0,1,0,0,2,"1974, 1978",https://en.wikipedia.org/wiki/Jerzy_Gorgo%C5%84
3581,P-86117,Gori,Sergio,1946-02-24,0,0,0,0,1,1,1970,https://en.wikipedia.org/wiki/Sergio_Gori
3582,P-06372,Gorlukovich,Sergei,1961-11-18,0,0,1,0,0,2,"1990, 1994",https://en.wikipedia.org/wiki/Sergei_Gorlukovich
3586,P-44786,Gorriti,Raúl,1956-10-10,0,0,0,1,0,1,1978,https://en.wikipedia.org/wiki/Ra%C3%BAl_Gorriti
3587,P-82189,Górriz,Alberto,1958-02-16,0,0,1,0,0,1,1990,https://en.wikipedia.org/wiki/Alberto_G%C3%B3rriz
3589,P-32755,Gospodinov,Zhivko,1957-09-06,0,0,0,1,0,1,1986,https://en.wikipedia.org/wiki/Zhivko_Gospodinov
3594,P-63673,Götze,Mario,1992-06-03,0,0,0,1,0,2,"2014, 2022",https://en.wikipedia.org/wiki/Mario_G%C3%B6tze
3595,P-63923,Gouet,Samuel,1997-12-14,0,0,0,1,0,1,2022,https://en.wikipedia.org/wiki/Samuel_Gouet
3596,P-05434,Gough,Richard,1962-04-05,0,0,1,0,0,2,"1986, 1990",https://en.wikipedia.org/wiki/Richard_Gough
3599,P-72795,Gourcuff,Yoann,1986-07-11,0,0,0,1,0,1,2010,https://en.wikipedia.org/wiki/Yoann_Gourcuff
3600,P-40701,Govedarica,Dejan,1969-10-02,0,0,0,1,0,1,1998,https://en.wikipedia.org/wiki/Dejan_Govedarica
3601,P-31668,Govou,Sidney,1979-07-27,0,0,0,0,1,2,"2006, 2010",https://en.wikipedia.org/wiki/Sidney_Govou
3602,P-34056,Goycochea,Sergio,1963-10-17,0,1,0,0,0,2,"1990, 1994",https://en.wikipedia.org/wiki/Sergio_Goycochea
3606,P-48733,Grabowski,Jürgen,1944-07-07,0,0,0,0,1,3,"1966, 1970, 1974",https://en.wikipedia.org/wiki/J%C3%BCrgen_Grabowski
3609,P-10731,Gradel,Max,1987-11-30,0,0,0,0,1,1,2014,https://en.wikipedia.org/wiki/Max_Gradel
3610,P-82456,Grafite,not applicable,1979-04-02,0,0,0,0,1,1,2010,https://en.wikipedia.org/wiki/Grafite
3613,P-37575,Grahn,Ove,1943-05-09,0,0,0,1,0,2,"1970, 1974",https://en.wikipedia.org/wiki/Ove_Grahn
3618,P-11462,Granat,Vladimir,1987-05-22,0,0,1,0,0,2,"2014, 2018",https://en.wikipedia.org/wiki/Vladimir_Granat
3620,P-34998,Granqvist,Andreas,1985-04-16,0,0,1,0,0,1,2018,https://en.wikipedia.org/wiki/Andreas_Granqvist
3622,P-43247,Grassi,Marco,1968-08-08,0,0,0,0,1,1,1994,https://en.wikipedia.org/wiki/Marco_Grassi
3626,P-24031,Gravesen,Thomas,1976-03-11,0,0,0,1,0,1,2002,https://en.wikipedia.org/wiki/Thomas_Gravesen
3627,P-40120,Gray,Cyd,1973-11-21,0,0,1,0,0,1,2006,https://en.wikipedia.org/wiki/Cyd_Gray
3628,P-19146,Gray,Frank,1954-10-27,0,0,1,0,0,1,1982,https://en.wikipedia.org/wiki/Frank_Gray
3629,P-61972,Gray,Gerry,1961-01-20,0,0,0,1,0,1,1986,https://en.wikipedia.org/wiki/Gerry_Gray_(soccer)
3630,P-16875,Graziani,Francesco,1952-12-16,0,0,0,0,1,2,"1978, 1982",https://en.wikipedia.org/wiki/Francesco_Graziani
3633,P-21153,Grealish,Jack,1995-09-10,0,0,0,0,1,1,2022,https://en.wikipedia.org/wiki/Jack_Grealish
3634,P-75574,Greaves,Jimmy,1940-02-20,0,0,0,0,1,2,"1962, 1966",https://en.wikipedia.org/wiki/Jimmy_Greaves
3637,P-91438,Green,Julian,1995-06-06,0,0,0,1,0,1,2014,https://en.wikipedia.org/wiki/Julian_Green
3639,P-84201,Green,Robert,1980-01-18,0,1,0,0,0,1,2010,https://en.wikipedia.org/wiki/Robert_Green
3643,P-63129,Grella,Vince,1979-10-05,0,0,0,1,0,2,"2006, 2010",https://en.wikipedia.org/wiki/Vince_Grella
3644,P-69813,Gren,Gunnar,1920-10-31,0,0,0,0,1,1,1958,https://en.wikipedia.org/wiki/Gunnar_Gren
3646,P-27804,Gren,Mats,1963-12-20,0,0,1,0,0,1,1990,https://en.wikipedia.org/wiki/Mats_Gren
3649,P-49127,Grichting,Stéphane,1979-03-30,0,0,1,0,0,2,"2006, 2010",https://en.wikipedia.org/wiki/St%C3%A9phane_Grichting
3650,P-90908,Griezmann,Antoine,1991-03-21,0,0,0,0,1,3,"2014, 2018, 2022",https://en.wikipedia.org/wiki/Antoine_Griezmann
3651,P-71732,Griga,Stanislav,1961-11-04,0,0,0,0,1,1,1990,https://en.wikipedia.org/wiki/Stanislav_Griga
3657,P-82719,Grip,Roland,1941-01-01,0,0,1,0,0,2,"1970, 1974",https://en.wikipedia.org/wiki/Roland_Grip
3660,P-14379,Grodås,Frode,1964-10-24,0,1,0,0,0,2,"1994, 1998",https://en.wikipedia.org/wiki/Frode_Grod%C3%A5s
3662,P-63778,Grønkjær,Jesper,1977-08-12,0,0,0,1,0,2,"2002, 2010",https://en.wikipedia.org/wiki/Jesper_Gr%C3%B8nkj%C3%A6r
3663,P-64261,Grosicki,Kamil,1988-06-08,0,0,0,1,0,2,"2018, 2022",https://en.wikipedia.org/wiki/Kamil_Grosicki
3666,P-99473,Grosso,Fabio,1977-11-28,0,0,1,0,0,1,2006,https://en.wikipedia.org/wiki/Fabio_Grosso
3668,P-13321,Gruezo,Carlos,1995-04-19,0,0,0,1,0,2,"2014, 2022","https://en.wikipedia.org/wiki/Carlos_Gruezo_(footballer,_born_1995)"
3669,P-89573,Grujić,Marko,1996-04-13,0,0,0,1,0,2,"2018, 2022",https://en.wikipedia.org/wiki/Marko_Gruji%C4%87
3670,P-99499,Grün,Georges,1962-01-25,0,0,1,0,0,3,"1986, 1990, 1994",https://en.wikipedia.org/wiki/Georges_Gr%C3%BCn
3671,P-86056,Grygera,Zdeněk,1980-05-14,0,0,1,0,0,1,2006,https://en.wikipedia.org/wiki/Zden%C4%9Bk_Grygera
3672,P-90303,Gu,Sang-bum,1964-06-15,0,0,1,0,0,2,"1990, 1994",https://en.wikipedia.org/wiki/Gu_Sang-bum
3675,P-72804,Guagua,Jorge,1981-09-28,0,0,1,0,0,2,"2006, 2014",https://en.wikipedia.org/wiki/Jorge_Guagua
3676,P-03545,Guaita,Enrique,1910-07-11,0,0,0,0,1,1,1934,https://en.wikipedia.org/wiki/Enrique_Guaita
3678,P-40312,Guardado,Andrés,1986-09-28,0,0,0,1,0,5,"2006, 2010, 2014, 2018, 2022",https://en.wikipedia.org/wiki/Andr%C3%A9s_Guardado
3679,P-78385,Guardiola,Josep,1971-01-18,0,0,0,1,0,1,1994,https://en.wikipedia.org/wiki/Pep_Guardiola
3680,P-66638,Guarín,Fredy,1986-06-30,0,0,0,1,0,1,2014,https://en.wikipedia.org/wiki/Fredy_Guar%C3%ADn
3684,P-37560,Guasch,Jorge,1961-01-17,0,0,0,1,0,1,1986,https://en.wikipedia.org/wiki/Jorge_Guasch
3685,P-96969,Gudelj,Ivan,1960-09-21,0,0,0,1,0,1,1982,https://en.wikipedia.org/wiki/Ivan_Gudelj
3686,P-24610,Gudelj,Nemanja,1991-11-16,0,0,0,1,0,1,2022,https://en.wikipedia.org/wiki/Nemanja_Gudelj
3687,P-69192,Guðmundsson,Albert,1997-06-15,0,0,0,1,0,1,2018,"https://en.wikipedia.org/wiki/Albert_Gu%C3%B0mundsson_(footballer,_born_1997)"
3688,P-03161,Guðmundsson,Jóhann Berg,1990-10-27,0,0,0,1,0,1,2018,https://en.wikipedia.org/wiki/J%C3%B3hann_Berg_Gu%C3%B0mundsson
3689,P-87169,Gue-sung,Cho,1998-01-25,0,0,0,0,1,1,2022,https://en.wikipedia.org/wiki/Cho_Gue-sung
3690,P-65199,Guedes,Gonçalo,1996-11-29,0,0,0,0,1,1,2018,https://en.wikipedia.org/wiki/Gon%C3%A7alo_Guedes
3692,P-37702,Guedioura,Adlène,1985-11-12,0,0,0,1,0,1,2010,https://en.wikipedia.org/wiki/Adl%C3%A8ne_Guedioura
3694,P-33293,Guemamdia,Haykel,1981-12-22,0,0,0,0,1,1,2006,https://en.wikipedia.org/wiki/Haykel_Guemamdia
3695,P-88535,Guendouz,Mahmoud,1953-02-24,0,0,1,0,0,2,"1982, 1986",https://en.wikipedia.org/wiki/Mahmoud_Guendouz
3696,P-32431,Guendouzi,Matteo,1999-04-14,0,0,0,1,0,1,2022,https://en.wikipedia.org/wiki/Matteo_Guendouzi
3698,P-67578,Guerreiro,Raphaël,1993-12-22,0,0,1,0,0,2,"2018, 2022",https://en.wikipedia.org/wiki/Rapha%C3%ABl_Guerreiro
3700,P-60964,Guerrero,Julen,1974-01-07,0,0,0,1,0,2,"1994, 1998",https://en.wikipedia.org/wiki/Julen_Guerrero
3702,P-29117,Guerrero,Paolo,1984-01-01,0,0,0,0,1,1,2018,https://en.wikipedia.org/wiki/Paolo_Guerrero
3703,P-32567,Guerrón,Raúl,1976-10-12,0,0,1,0,0,1,2002,https://en.wikipedia.org/wiki/Ra%C3%BAl_Guerr%C3%B3n
3704,P-04726,Guevara,Amado,1976-05-02,0,0,0,1,0,1,2010,https://en.wikipedia.org/wiki/Amado_Guevara
3706,P-45636,Guevara Mora,Luis,1961-09-02,0,1,0,0,0,1,1982,https://en.wikipedia.org/wiki/Luis_Guevara_Mora
3707,P-40621,Gueye,Idrissa,1989-09-26,0,0,0,1,0,2,"2018, 2022",https://en.wikipedia.org/wiki/Idrissa_Gueye
3708,P-45280,Gueye,Pape,1999-01-24,0,0,0,1,0,1,2022,https://en.wikipedia.org/wiki/Pape_Gueye
3709,P-89934,Guidetti,John,1992-04-15,0,0,0,0,1,1,2018,https://en.wikipedia.org/wiki/John_Guidetti
3710,P-45056,Guigou,Gianni,1975-02-22,0,0,0,1,0,1,2002,https://en.wikipedia.org/wiki/Gianni_Guigou
3714,P-65887,Guillou,Jean-Marc,1945-12-20,0,0,0,1,0,1,1978,https://en.wikipedia.org/wiki/Jean-Marc_Guillou
3715,P-35501,Guimarães,Alexandre,1959-11-07,0,0,0,1,0,1,1990,https://en.wikipedia.org/wiki/Alexandre_Guimar%C3%A3es
3716,P-74688,Guimarães,Bruno,1997-11-16,0,0,0,1,0,1,2022,https://en.wikipedia.org/wiki/Bruno_Guimar%C3%A3es
3719,P-26820,Guivarc'h,Stéphane,1970-09-06,0,0,0,0,1,1,1998,https://en.wikipedia.org/wiki/St%C3%A9phane_Guivarc%27h
3720,P-64266,Gujdár,Sándor,1951-11-08,0,1,0,0,0,1,1978,https://en.wikipedia.org/wiki/S%C3%A1ndor_Gujd%C3%A1r
3723,P-32830,Gullit,Ruud,1962-09-01,0,0,0,1,0,1,1990,https://en.wikipedia.org/wiki/Ruud_Gullit
3727,P-08896,Gündoğan,İlkay,1990-10-24,0,0,0,1,0,2,"2018, 2022",https://en.wikipedia.org/wiki/%C4%B0lkay_G%C3%BCndo%C4%9Fan
3729,P-58772,Gunnarsson,Aron,1989-04-22,0,0,0,1,0,1,2018,https://en.wikipedia.org/wiki/Aron_Gunnarsson
3735,P-43410,Gustavo,Luiz,1987-07-23,0,0,0,1,0,1,2014,https://en.wikipedia.org/wiki/Luiz_Gustavo
3738,P-17846,Gut,Zbigniew,1949-04-17,0,0,1,0,0,1,1974,https://en.wikipedia.org/wiki/Zbigniew_Gut
3742,P-62087,Gutiérrez,Efraín,1954-05-07,0,0,1,0,0,1,1982,https://en.wikipedia.org/wiki/Efra%C3%ADn_Guti%C3%A9rrez
3743,P-64299,Gutiérrez,Érick,1995-06-15,0,0,0,1,0,2,"2018, 2022",https://en.wikipedia.org/wiki/%C3%89rick_Guti%C3%A9rrez
3744,P-92626,Gutiérrez,Felipe,1990-10-08,0,0,0,1,0,1,2014,https://en.wikipedia.org/wiki/Felipe_Guti%C3%A9rrez
3745,P-56859,Gutiérrez,Jonás,1983-07-05,0,0,0,1,0,1,2010,https://en.wikipedia.org/wiki/Jon%C3%A1s_Guti%C3%A9rrez
3750,P-86817,Gutiérrez,Nelson,1962-04-13,0,0,1,0,0,2,"1986, 1990",https://en.wikipedia.org/wiki/Nelson_Guti%C3%A9rrez
3751,P-74788,Gutiérrez,Raúl,1966-10-16,0,0,1,0,0,1,1994,https://en.wikipedia.org/wiki/Ra%C3%BAl_Guti%C3%A9rrez
3752,P-77705,Gutiérrez,Teófilo,1985-05-17,0,0,0,0,1,1,2014,https://en.wikipedia.org/wiki/Te%C3%B3filo_Guti%C3%A9rrez
3754,P-12922,Guzmán,Antonio,1953-12-02,0,0,0,1,0,1,1978,https://en.wikipedia.org/wiki/Antonio_Guzm%C3%A1n_N%C3%BA%C3%B1ez
3755,P-33347,Guzmán,David,1990-02-18,0,0,0,1,0,1,2018,https://en.wikipedia.org/wiki/David_Guzm%C3%A1n
3756,P-38555,Guzmán,Javier,1945-01-09,0,0,1,0,0,1,1970,https://en.wikipedia.org/wiki/Javier_Guzm%C3%A1n
3758,P-58420,Gvardiol,Joško,2002-01-23,0,0,1,0,0,1,2022,https://en.wikipedia.org/wiki/Jo%C5%A1ko_Gvardiol
3761,P-38556,Gyan,Asamoah,1985-11-22,0,0,0,0,1,3,"2006, 2010, 2014",https://en.wikipedia.org/wiki/Asamoah_Gyan
3762,P-35674,Gygax,Daniel,1981-08-28,0,0,0,0,1,1,2006,https://en.wikipedia.org/wiki/Daniel_Gygax
3766,P-55350,Ha,Seok-ju,1968-02-20,0,0,0,1,0,2,"1994, 1998",https://en.wikipedia.org/wiki/Ha_Seok-ju
3767,P-01582,Haan,Arie,1948-11-16,0,0,0,1,0,2,"1974, 1978",https://en.wikipedia.org/wiki/Arie_Haan
3769,P-29966,Haas,Mario,1974-09-16,0,0,0,0,1,1,1998,https://en.wikipedia.org/wiki/Mario_Haas
3771,P-48036,Hababi,El Arbi Hababi,1967-08-12,0,0,0,1,0,1,1994,https://en.wikipedia.org/wiki/El_Arbi_Hababi
3775,P-14349,Hadda,Abdeljalil,1972-03-21,0,0,0,0,1,1,1998,https://en.wikipedia.org/wiki/Abdeljalil_Hadda
3776,P-88818,Haddadi,Oussama,1992-01-28,0,0,1,0,0,1,2018,https://en.wikipedia.org/wiki/Oussama_Haddadi
3779,P-45896,Hadji,Mustapha,1971-11-16,0,0,0,1,0,2,"1994, 1998",https://en.wikipedia.org/wiki/Mustapha_Hadji
3780,P-00262,Hadžiabdić,Enver,1945-11-06,0,0,1,0,0,1,1974,https://en.wikipedia.org/wiki/Enver_Had%C5%BEiabdi%C4%87
3781,P-85893,Hadžibegić,Faruk,1957-10-07,0,0,1,0,0,1,1990,https://en.wikipedia.org/wiki/Faruk_Had%C5%BEibegi%C4%87
3782,P-15457,Hadžić,Anel,1989-08-16,0,0,0,1,0,1,2014,https://en.wikipedia.org/wiki/Anel_Had%C5%BEi%C4%87
3783,P-22118,Hagara,Vladimír,1943-11-07,0,0,1,0,0,1,1970,https://en.wikipedia.org/wiki/Vladim%C3%ADr_Hagara
3785,P-72448,Haggui,Karim,1984-01-21,0,0,1,0,0,1,2006,https://en.wikipedia.org/wiki/Karim_Haggui
3786,P-13053,Haghighi,Alireza,1988-05-02,0,1,0,0,0,1,2014,https://en.wikipedia.org/wiki/Alireza_Haghighi
3787,P-05990,Haghighi,Reza,1989-02-01,0,0,0,1,0,1,2014,https://en.wikipedia.org/wiki/Reza_Haghighi
3788,P-30739,Hagi,Gheorghe,1965-02-05,0,0,0,1,0,3,"1990, 1994, 1998",https://en.wikipedia.org/wiki/Gheorghe_Hagi
3789,P-96142,Hagmayr,Max,1956-11-16,0,0,0,0,1,1,1982,https://en.wikipedia.org/wiki/Max_Hagmayr
3791,P-53466,Hahnemann,Wilhelm,1914-04-14,0,0,0,0,1,1,1938,https://en.wikipedia.org/wiki/Wilhelm_Hahnemann
3793,P-03146,Hajrović,Izet,1991-08-04,0,0,0,1,0,1,2014,https://en.wikipedia.org/wiki/Izet_Hajrovi%C4%87
3794,P-75785,Hajsafi,Ehsan,1990-02-25,0,0,1,1,0,3,"2014, 2018, 2022",https://en.wikipedia.org/wiki/Ehsan_Hajsafi
3796,P-53829,Hajto,Tomasz,1972-10-16,0,0,1,0,0,1,2002,https://en.wikipedia.org/wiki/Tomasz_Hajto
3798,P-45288,Hakimi,Achraf,1998-11-04,0,0,1,0,0,2,"2018, 2022",https://en.wikipedia.org/wiki/Achraf_Hakimi
3799,P-93679,Håland,Alf-Inge,1972-11-23,0,0,1,0,0,1,1994,https://en.wikipedia.org/wiki/Alf-Inge_H%C3%A5land
3800,P-88526,Halász,István,1951-10-12,0,0,0,1,0,1,1978,https://en.wikipedia.org/wiki/Istv%C3%A1n_Hal%C3%A1sz
3801,P-40780,Halilhodžić,Vahid,1952-10-15,0,0,0,0,1,1,1982,https://en.wikipedia.org/wiki/Vahid_Halilhod%C5%BEi%C4%87
3803,P-15931,Hall,Paul,1972-07-03,0,0,0,0,1,1,1998,https://en.wikipedia.org/wiki/Paul_Hall_(footballer)
3805,P-37032,Halldórsson,Hannes Þór,1984-04-27,0,1,0,0,0,1,2018,https://en.wikipedia.org/wiki/Hannes_%C3%9E%C3%B3r_Halld%C3%B3rsson
3806,P-83152,Halle,Gunnar,1965-08-11,0,0,1,0,0,2,"1994, 1998",https://en.wikipedia.org/wiki/Gunnar_Halle
3808,P-12272,Haller,Helmut,1939-07-21,0,0,0,0,1,3,"1962, 1966, 1970",https://en.wikipedia.org/wiki/Helmut_Haller
3809,P-07013,Hallfreðsson,Emil,1984-06-29,0,0,0,1,0,1,2018,https://en.wikipedia.org/wiki/Emil_Hallfre%C3%B0sson
3810,P-19453,Halliche,Rafik,1986-09-02,0,0,1,0,0,2,"2010, 2014",https://en.wikipedia.org/wiki/Rafik_Halliche
3811,P-65381,Halloran,Ben,1992-06-14,0,0,0,1,0,1,2014,https://en.wikipedia.org/wiki/Ben_Halloran
3813,P-35902,Hamann,Dietmar,1973-08-27,0,0,0,1,0,2,"1998, 2002",https://en.wikipedia.org/wiki/Dietmar_Hamann
3814,P-73193,Hamann,Erich,1944-11-27,0,0,0,1,0,1,1974,https://en.wikipedia.org/wiki/Erich_Hamann
3815,P-90423,Hamdallah,Abderrazak,1990-12-17,0,0,0,0,1,1,2022,https://en.wikipedia.org/wiki/Abderrazak_Hamdallah
3817,P-77754,Hamed,Tarek,1988-10-24,0,0,0,1,0,1,2018,https://en.wikipedia.org/wiki/Tarek_Hamed
3819,P-88871,Hameed,Rahim,1963-05-23,0,0,0,0,1,1,1986,https://en.wikipedia.org/wiki/Abdul-Rahim_Hamed_Aufi
3822,P-44262,Hamidou,Souleymanou,1973-11-22,0,1,0,0,0,1,2010,https://en.wikipedia.org/wiki/Souleymanou_Hamidou
3825,P-76882,Hamilton,Billy,1957-05-09,0,0,0,0,1,2,"1982, 1986",https://en.wikipedia.org/wiki/Billy_Hamilton_(footballer)
3831,P-20424,Hammoudi,Raad,1958-05-01,0,1,0,0,0,1,1986,https://en.wikipedia.org/wiki/Raad_Hammoudi
3833,P-20173,Hamrin,Kurt,1934-11-19,0,0,0,1,0,1,1958,https://en.wikipedia.org/wiki/Kurt_Hamrin
3834,P-73975,Hamšík,Marek,1987-07-27,0,0,0,1,0,1,2010,https://en.wikipedia.org/wiki/Marek_Ham%C5%A1%C3%ADk
3839,P-29447,Han,Kook-young,1990-04-19,0,0,0,1,0,1,2014,https://en.wikipedia.org/wiki/Han_Kook-young
3845,P-80179,Handanović,Samir,1984-07-14,0,1,0,0,0,1,2010,https://en.wikipedia.org/wiki/Samir_Handanovi%C4%87
3848,P-27261,Hanke,Mike,1983-11-05,0,0,0,0,1,1,2006,https://en.wikipedia.org/wiki/Mike_Hanke
3850,P-26969,Hannich,Péter,1957-03-30,0,0,0,1,0,1,1986,https://en.wikipedia.org/wiki/P%C3%A9ter_Hannich
3851,P-72942,Hansen,Alan,1955-06-13,0,0,1,0,0,1,1982,https://en.wikipedia.org/wiki/Alan_Hansen
3862,P-20273,Hansson,Petter,1976-12-14,0,0,1,0,0,1,2006,https://en.wikipedia.org/wiki/Petter_Hansson
3863,P-38731,Hantzidis,Minas,1966-07-04,0,0,0,1,0,1,1994,https://en.wikipedia.org/wiki/Minas_Hantzidis
3864,P-27445,Hao,Haidong,1970-05-09,0,0,0,0,1,1,2002,https://en.wikipedia.org/wiki/Hao_Haidong
3866,P-73149,Happich,Günther,1952-01-28,0,0,0,1,0,1,1978,https://en.wikipedia.org/wiki/G%C3%BCnther_Happich
3868,P-54138,Haraguchi,Genki,1991-05-09,0,0,0,1,0,1,2018,https://en.wikipedia.org/wiki/Genki_Haraguchi
3871,P-61216,Hargreaves,Owen,1981-01-20,0,0,0,1,0,2,"2002, 2006",https://en.wikipedia.org/wiki/Owen_Hargreaves
3873,P-87199,Harit,Amine,1997-06-18,0,0,0,1,0,1,2018,https://en.wikipedia.org/wiki/Amine_Harit
3875,P-14008,Harkes,John,1967-03-08,0,0,0,1,0,2,"1990, 1994",https://en.wikipedia.org/wiki/John_Harkes
3876,P-85018,Harkouk,Rachid,1956-05-16,0,0,0,0,1,1,1986,https://en.wikipedia.org/wiki/Rachid_Harkouk
3877,P-57585,Harper,Joe,1948-01-11,0,0,0,0,1,1,1978,https://en.wikipedia.org/wiki/Joe_Harper_(footballer)
3881,P-64443,Hart,Joe,1987-04-19,0,1,0,0,0,2,"2010, 2014",https://en.wikipedia.org/wiki/Joe_Hart
3882,P-59412,Harte,Ian,1977-08-31,0,0,1,0,0,1,2002,https://en.wikipedia.org/wiki/Ian_Harte
3883,P-57616,Hartford,Asa,1950-10-24,0,0,0,1,0,2,"1978, 1982",https://en.wikipedia.org/wiki/Asa_Hartford
3885,P-98826,Haruna,Lukman,1990-12-04,0,0,0,1,0,1,2010,https://en.wikipedia.org/wiki/Lukman_Haruna
3886,P-30434,Harvey,David,1948-02-07,0,1,0,0,0,1,1974,https://en.wikipedia.org/wiki/David_Harvey_(footballer)
3889,P-91793,Hasebe,Makoto,1984-01-18,0,0,0,1,0,3,"2010, 2014, 2018",https://en.wikipedia.org/wiki/Makoto_Hasebe
3891,P-73737,Hašek,Ivan,1963-09-06,0,0,0,1,0,1,1990,https://en.wikipedia.org/wiki/Ivan_Ha%C5%A1ek
3892,P-47539,Hashemian,Vahid,1976-07-21,0,0,0,0,1,1,2006,https://en.wikipedia.org/wiki/Vahid_Hashemian
3893,P-72587,Hashim,Natiq,1960-01-15,0,0,0,1,0,1,1986,https://en.wikipedia.org/wiki/Natiq_Hashim
3895,P-01258,Hassan,Abdelkarim,1993-08-28,0,0,0,1,0,1,2022,https://en.wikipedia.org/wiki/Abdelkarim_Hassan
3897,P-89810,Hassan,Hossam,1966-08-10,0,0,0,0,1,1,1990,https://en.wikipedia.org/wiki/Hossam_Hassan
3898,P-41175,Hassan,Ibrahim,1966-08-10,0,0,1,0,0,1,1990,https://en.wikipedia.org/wiki/Ibrahim_Hassan
3901,P-30015,Hasselbaink,Jimmy Floyd,1972-03-27,0,0,0,0,1,1,1998,https://en.wikipedia.org/wiki/Jimmy_Floyd_Hasselbaink
3902,P-57303,Hassen,Mouez,1995-03-05,0,1,0,0,0,2,"2018, 2022",https://en.wikipedia.org/wiki/Mouez_Hassen
3904,P-77552,Häßler,Thomas,1966-05-30,0,0,0,1,0,3,"1990, 1994, 1998",https://en.wikipedia.org/wiki/Thomas_H%C3%A4%C3%9Fler
3906,P-65174,Hateley,Mark,1961-11-07,0,0,0,0,1,1,1986,https://en.wikipedia.org/wiki/Mark_Hateley
3907,P-97800,Hatem,Abdulaziz,1990-01-01,0,0,0,1,0,1,2022,https://en.wikipedia.org/wiki/Abdulaziz_Hatem
3908,P-31109,Hattenberger,Roland,1948-12-07,0,0,0,1,0,2,"1978, 1982",https://en.wikipedia.org/wiki/Roland_Hattenberger
3909,P-64961,Hattori,Toshihiro,1973-09-23,0,0,1,1,0,2,"1998, 2002",https://en.wikipedia.org/wiki/Toshihiro_Hattori
3912,P-05248,Hausser,Gérard,1939-03-18,0,0,0,0,1,1,1966,https://en.wikipedia.org/wiki/G%C3%A9rard_Hausser
3913,P-77743,Havertz,Kai,1999-06-11,0,0,0,0,1,1,2022,https://en.wikipedia.org/wiki/Kai_Havertz
3914,P-16859,Havutçu,Tayfur,1970-04-23,0,0,0,1,0,1,2002,https://en.wikipedia.org/wiki/Tayfur_Havut%C3%A7u
3915,P-30394,Hawsawi,Motaz,1992-02-17,0,0,1,0,0,1,2018,https://en.wikipedia.org/wiki/Motaz_Hawsawi
3916,P-31004,Hawsawi,Omar,1985-09-27,0,0,1,0,0,1,2018,https://en.wikipedia.org/wiki/Omar_Hawsawi
3917,P-95345,Hawsawi,Osama,1984-03-31,0,0,1,0,0,1,2018,https://en.wikipedia.org/wiki/Osama_Hawsawi
3919,P-47050,Hay,David,1948-01-29,0,0,0,1,0,1,1974,https://en.wikipedia.org/wiki/David_Hay
3920,P-03578,Haynes,Johnny,1934-10-17,0,0,0,0,1,3,"1954, 1958, 1962",https://en.wikipedia.org/wiki/Johnny_Haynes
3922,P-72011,Hazard,Eden,1991-01-07,0,0,0,1,1,3,"2014, 2018, 2022",https://en.wikipedia.org/wiki/Eden_Hazard
3923,P-74337,Hazard,Thorgan,1993-03-29,0,0,0,1,0,2,"2018, 2022",https://en.wikipedia.org/wiki/Thorgan_Hazard
3924,P-38795,Hazzaz,Mohammed,1944-11-30,0,1,0,0,0,1,1970,https://en.wikipedia.org/wiki/Mohammed_Hazzaz
3925,P-59982,Healy,Felix,1955-09-27,0,0,0,0,1,1,1982,https://en.wikipedia.org/wiki/Felix_Healy
3928,P-77118,Hector,Jonas,1990-05-27,0,0,1,0,0,1,2018,https://en.wikipedia.org/wiki/Jonas_Hector
3930,P-07902,Hedman,Magnus,1973-03-19,0,1,0,0,0,2,"1994, 2002",https://en.wikipedia.org/wiki/Magnus_Hedman
3931,P-81689,Hegazi,Ahmed,1991-01-25,0,0,1,0,0,1,2018,https://en.wikipedia.org/wiki/Ahmed_Hegazi_(footballer)
3937,P-78998,Heinrich,Jörg,1969-12-06,0,0,1,0,0,1,1998,https://en.wikipedia.org/wiki/J%C3%B6rg_Heinrich
3939,P-79273,Heintze,Jan,1963-08-17,0,0,1,0,0,2,"1998, 2002",https://en.wikipedia.org/wiki/Jan_Heintze
3940,P-21701,Heinz,Marek,1977-08-04,0,0,0,0,1,1,2006,https://en.wikipedia.org/wiki/Marek_Heinz
3941,P-64352,Heinze,Gabriel,1978-04-19,0,0,1,0,0,2,"2006, 2010",https://en.wikipedia.org/wiki/Gabriel_Heinze
3942,P-78235,Heisserer,Oscar,1914-07-18,0,0,0,0,1,1,1938,https://en.wikipedia.org/wiki/Oscar_Heisserer
3943,P-28832,Heitinga,John,1983-11-15,0,0,1,0,0,2,"2006, 2010",https://en.wikipedia.org/wiki/John_Heitinga
3944,P-47243,Hejazi,Nasser,1949-12-14,0,1,0,0,0,1,1978,https://en.wikipedia.org/wiki/Nasser_Hejazi
3945,P-34695,Hejduk,Frankie,1974-08-05,0,0,1,1,0,2,"1998, 2002",https://en.wikipedia.org/wiki/Frankie_Hejduk
3947,P-86276,Held,Sigfried,1942-08-07,0,0,0,0,1,2,"1966, 1970",https://en.wikipedia.org/wiki/Sigfried_Held
3948,P-20643,Helguera,Iván,1975-03-18,0,0,0,1,0,1,2002,https://en.wikipedia.org/wiki/Iv%C3%A1n_Helguera
3952,P-43209,Hellström,Ronnie,1949-02-21,0,1,0,0,0,3,"1970, 1974, 1978",https://en.wikipedia.org/wiki/Ronnie_Hellstr%C3%B6m
3953,P-87830,Helmer,Thomas,1965-04-21,0,0,1,0,0,2,"1994, 1998",https://en.wikipedia.org/wiki/Thomas_Helmer
3954,P-72404,Helveg,Thomas,1971-06-24,0,0,1,0,0,2,"1998, 2002",https://en.wikipedia.org/wiki/Thomas_Helveg
3958,P-08169,Henderson,Jordan,1990-06-17,0,0,0,1,0,3,"2014, 2018, 2022",https://en.wikipedia.org/wiki/Jordan_Henderson
3961,P-68779,Hendry,Colin,1965-12-07,0,0,1,0,0,1,1998,https://en.wikipedia.org/wiki/Colin_Hendry
3963,P-46457,Hennessey,Wayne,1987-01-24,0,1,0,0,0,1,2022,https://en.wikipedia.org/wiki/Wayne_Hennessey
3966,P-86345,Henriksen,René,1969-08-27,0,0,1,0,0,2,"1998, 2002",https://en.wikipedia.org/wiki/Ren%C3%A9_Henriksen
3967,P-68649,Henrique,not applicable,1986-10-14,0,0,1,0,0,1,2014,"https://en.wikipedia.org/wiki/Henrique_(footballer,_born_October_1986)"
3972,P-51395,Henry,Thierry,1977-08-17,0,0,0,0,1,4,"1998, 2002, 2006, 2010",https://en.wikipedia.org/wiki/Thierry_Henry
3976,P-35886,Herbert,Ricki,1961-04-10,0,0,1,0,0,1,1982,https://en.wikipedia.org/wiki/Ricki_Herbert
3981,P-82218,Heredia,Ramón,1951-02-26,0,0,1,0,0,1,1974,https://en.wikipedia.org/wiki/Ram%C3%B3n_Heredia
3983,P-66165,Herget,Matthias,1955-11-14,0,0,1,0,0,1,1986,https://en.wikipedia.org/wiki/Matthias_Herget
3988,P-22941,Hermosillo,Carlos,1964-08-24,0,0,0,0,1,2,"1986, 1994",https://en.wikipedia.org/wiki/Carlos_Hermosillo
3991,P-84424,Hernandez,Lucas,1996-02-14,0,0,1,0,0,2,"2018, 2022",https://en.wikipedia.org/wiki/Lucas_Hernandez
3992,P-09867,Hernandez,Théo,1997-10-06,0,0,1,0,0,1,2022,https://en.wikipedia.org/wiki/Th%C3%A9o_Hernandez
3993,P-94155,Hernández,Abel,1990-08-08,0,0,0,0,1,1,2014,https://en.wikipedia.org/wiki/Abel_Hern%C3%A1ndez
3996,P-13659,Hernández,Carlos,1982-04-09,0,0,0,1,0,1,2006,"https://en.wikipedia.org/wiki/Carlos_Hern%C3%A1ndez_(footballer,_born_1982)"
3998,P-84407,Hernández,Ever,1958-12-11,0,0,0,0,1,1,1982,https://en.wikipedia.org/wiki/Ever_Hern%C3%A1ndez
4000,P-69898,Hernández,Guillermo,1942-06-25,0,0,1,0,0,2,"1966, 1970",https://en.wikipedia.org/wiki/Guillermo_Hern%C3%A1ndez_(footballer)
4001,P-61576,Hernández,Héctor,1935-12-06,0,0,0,0,1,1,1962,"https://en.wikipedia.org/wiki/H%C3%A9ctor_Hern%C3%A1ndez_(footballer,_born_1935)"
4003,P-36515,Hernández,Javier,1988-06-01,0,0,0,0,1,3,"2010, 2014, 2018",https://en.wikipedia.org/wiki/Javier_Hern%C3%A1ndez
4004,P-45941,Hernández,Luis,1968-12-22,0,0,0,0,1,2,"1998, 2002","https://en.wikipedia.org/wiki/Luis_Hern%C3%A1ndez_(footballer,_born_1968)"
4007,P-07687,Hernández,Rubén Darío,1965-02-19,0,0,0,0,1,1,1990,https://en.wikipedia.org/wiki/Rub%C3%A9n_Dar%C3%ADo_Hern%C3%A1ndez
4008,P-02974,Hernanes,not applicable,1985-05-29,0,0,0,1,0,1,2014,https://en.wikipedia.org/wiki/Hernanes
4010,P-94830,Herr,Dominique,1965-10-25,0,0,0,1,0,1,1994,https://en.wikipedia.org/wiki/Dominique_Herr
4011,P-42911,Herrera,Héctor,1990-04-19,0,0,1,1,0,3,"2014, 2018, 2022",https://en.wikipedia.org/wiki/H%C3%A9ctor_Herrera
4013,P-53299,Herrera,José Oscar,1965-06-17,0,0,1,0,0,1,1990,https://en.wikipedia.org/wiki/Jos%C3%A9_Oscar_Herrera
4014,P-43980,Herrera,Luis Fernando,1962-06-12,0,0,1,0,0,2,"1990, 1994",https://en.wikipedia.org/wiki/Luis_Fernando_Herrera
4017,P-58241,Herrmann,Richard,1923-01-28,0,0,0,0,1,1,1954,https://en.wikipedia.org/wiki/Richard_Herrmann
4019,P-46897,Herzog,Andi,1968-09-10,0,0,0,1,0,2,"1990, 1998",https://en.wikipedia.org/wiki/Andi_Herzog
4020,P-89218,Herzog,Dieter,1946-07-15,0,0,0,1,0,1,1974,https://en.wikipedia.org/wiki/Dieter_Herzog
4021,P-08307,Heskey,Emile,1978-01-11,0,0,0,0,1,2,"2002, 2010",https://en.wikipedia.org/wiki/Emile_Heskey
4025,P-82213,Heydari,Khosro,1983-09-14,0,0,1,0,0,1,2014,https://en.wikipedia.org/wiki/Khosro_Heydari
4026,P-23037,Heylens,Georges,1941-08-08,0,0,1,0,0,1,1970,https://en.wikipedia.org/wiki/Georges_Heylens
4028,P-79006,Heynckes,Jupp,1945-05-09,0,0,0,0,1,1,1974,https://en.wikipedia.org/wiki/Jupp_Heynckes
4029,P-68078,Hickersberger,Josef,1948-04-27,0,0,0,1,0,1,1978,https://en.wikipedia.org/wiki/Josef_Hickersberger
4030,P-74570,Hicks,Ramón,1959-05-30,0,0,0,0,1,1,1986,https://en.wikipedia.org/wiki/Ram%C3%B3n_Hicks
4031,P-01173,Hidegkuti,Nándor,1922-03-03,0,0,0,0,1,2,"1954, 1958",https://en.wikipedia.org/wiki/N%C3%A1ndor_Hidegkuti
4035,P-35246,Hierro,Fernando,1968-03-23,0,0,1,1,0,4,"1990, 1994, 1998, 2002",https://en.wikipedia.org/wiki/Fernando_Hierro
4039,P-29398,Higuaín,Gonzalo,1987-12-10,0,0,0,0,1,3,"2010, 2014, 2018",https://en.wikipedia.org/wiki/Gonzalo_Higua%C3%ADn
4040,P-31928,Higuita,René,1966-08-27,0,1,0,0,0,1,1990,https://en.wikipedia.org/wiki/Ren%C3%A9_Higuita
4044,P-15887,Hiljemark,Oscar,1992-06-28,0,0,0,1,0,1,2018,https://en.wikipedia.org/wiki/Oscar_Hiljemark
4045,P-98571,Hill,John,1950-01-07,0,0,1,0,0,1,1982,https://en.wikipedia.org/wiki/John_Hill_(New_Zealand_footballer)
4048,P-29713,Hincapié,Piero,2002-01-09,0,0,1,0,0,1,2022,https://en.wikipedia.org/wiki/Piero_Hincapi%C3%A9
4050,P-43037,Hintermaier,Reinhold,1956-02-14,0,0,0,1,0,1,1982,https://en.wikipedia.org/wiki/Reinhold_Hintermaier
4052,P-99803,Hirano,Takashi,1974-07-15,0,0,0,1,0,1,1998,https://en.wikipedia.org/wiki/Takashi_Hirano
4054,P-09117,Hislop,Shaka,1969-02-22,0,1,0,0,0,1,2006,https://en.wikipedia.org/wiki/Shaka_Hislop
4055,P-98541,Hitchens,Gerry,1934-10-08,0,0,0,0,1,1,1962,https://en.wikipedia.org/wiki/Gerry_Hitchens
4056,P-73973,Hitzlsperger,Thomas,1982-04-05,0,0,0,1,0,1,2006,https://en.wikipedia.org/wiki/Thomas_Hitzlsperger
4067,P-68542,Hoddle,Glenn,1957-10-27,0,0,0,1,0,2,"1982, 1986",https://en.wikipedia.org/wiki/Glenn_Hoddle
4069,P-78807,Hodge,Steve,1962-10-25,0,0,0,1,0,2,"1986, 1990",https://en.wikipedia.org/wiki/Steve_Hodge
4071,P-27194,Hoeneß,Dieter,1953-01-07,0,0,0,0,1,1,1986,https://en.wikipedia.org/wiki/Dieter_Hoene%C3%9F
4072,P-92173,Hoeneß,Uli,1952-01-05,0,0,0,0,1,1,1974,https://en.wikipedia.org/wiki/Uli_Hoene%C3%9F
4073,P-57624,Hoffmann,Martin,1955-03-22,0,0,0,0,1,1,1974,https://en.wikipedia.org/wiki/Martin_Hoffmann_(footballer)
4077,P-18188,Hofmann,Jonas,1992-07-14,0,0,0,1,0,1,2022,https://en.wikipedia.org/wiki/Jonas_Hofmann
4082,P-11000,Høgh,Jes,1966-05-07,0,0,1,0,0,1,1998,https://en.wikipedia.org/wiki/Jes_H%C3%B8gh
4083,P-83507,Høgh,Lars,1959-01-14,0,1,0,0,0,1,1986,https://en.wikipedia.org/wiki/Lars_H%C3%B8gh
4084,P-10601,Hohberg,Juan,1926-10-08,0,0,0,0,1,1,1954,https://en.wikipedia.org/wiki/Juan_Hohberg
4085,P-56231,Hohmann,Karl,1908-06-18,0,0,0,1,0,1,1934,https://en.wikipedia.org/wiki/Karl_Hohmann
4086,P-35706,Hoilett,Junior,1990-06-05,0,0,0,1,0,1,2022,https://en.wikipedia.org/wiki/Junior_Hoilett
4087,P-98199,Højbjerg,Pierre-Emile,1995-08-05,0,0,0,1,0,1,2022,https://en.wikipedia.org/wiki/Pierre-Emile_H%C3%B8jbjerg
4088,P-88370,Holden,Stuart,1985-08-01,0,0,0,1,0,1,2010,https://en.wikipedia.org/wiki/Stuart_Holden
4089,P-59823,Holebas,José,1984-06-27,0,0,1,0,0,1,2014,https://en.wikipedia.org/wiki/Jos%C3%A9_Holebas
4093,P-00105,Holland,Matt,1974-04-11,0,0,0,1,0,1,2002,https://en.wikipedia.org/wiki/Matt_Holland
4095,P-96211,Holman,Brett,1984-03-27,0,0,0,0,1,1,2010,https://en.wikipedia.org/wiki/Brett_Holman
4099,P-18604,Hološko,Filip,1984-01-17,0,0,0,0,1,1,2010,https://en.wikipedia.org/wiki/Filip_Holo%C5%A1ko
4101,P-87058,Holton,Jim,1951-04-11,0,0,1,0,0,1,1974,https://en.wikipedia.org/wiki/Jim_Holton
4103,P-35602,Hölzenbein,Bernd,1946-03-09,0,0,0,0,1,2,"1974, 1978",https://en.wikipedia.org/wiki/Bernd_H%C3%B6lzenbein
4104,P-33175,Honda,Keisuke,1986-06-13,0,0,0,1,0,3,"2010, 2014, 2018",https://en.wikipedia.org/wiki/Keisuke_Honda
4106,P-91889,Hong,Chul,1990-09-17,0,0,1,0,0,2,"2018, 2022",https://en.wikipedia.org/wiki/Hong_Chul
4108,P-55453,Hong,Jeong-ho,1989-08-12,0,0,1,0,0,1,2014,https://en.wikipedia.org/wiki/Hong_Jeong-ho
4113,P-55097,Hong,Myung-bo,1969-02-12,0,0,1,0,0,4,"1990, 1994, 1998, 2002",https://en.wikipedia.org/wiki/Hong_Myung-bo
4114,P-57041,Hong,Yong-jo,1982-05-22,0,0,0,0,1,1,2010,https://en.wikipedia.org/wiki/Hong_Yong-jo
4115,P-34633,Hongla,Martin,1998-03-16,0,0,0,1,0,1,2022,https://en.wikipedia.org/wiki/Martin_Hongla
4126,P-05304,Horta,Ricardo,1994-09-15,0,0,0,0,1,1,2022,https://en.wikipedia.org/wiki/Ricardo_Horta
4127,P-06378,Hörtnagl,Alfred,1966-09-24,0,0,0,1,0,1,1990,https://en.wikipedia.org/wiki/Alfred_H%C3%B6rtnagl
4128,P-78579,Horvat,Ivica,1926-07-16,0,0,1,0,0,2,"1950, 1954",https://en.wikipedia.org/wiki/Ivica_Horvat
4130,P-51711,Horvath,Johann,1903-05-20,0,0,0,0,1,1,1934,https://en.wikipedia.org/wiki/Johann_Horvath
4131,P-88857,Horváth,Alexander,1938-12-28,0,0,1,0,0,1,1970,https://en.wikipedia.org/wiki/Alexander_Horv%C3%A1th
4133,P-28492,Hosseini,Hossein,1992-06-30,0,1,0,0,0,1,2022,"https://en.wikipedia.org/wiki/Hossein_Hosseini_(footballer,_born_1992)"
4134,P-19512,Hosseini,Jalal,1982-02-03,0,0,1,0,0,1,2014,https://en.wikipedia.org/wiki/Jalal_Hosseini
4135,P-15905,Hosseini,Majid,1996-06-20,0,0,1,0,0,2,"2018, 2022",https://en.wikipedia.org/wiki/Majid_Hosseini
4136,P-28162,Höttges,Horst-Dieter,1943-09-10,0,0,1,0,0,3,"1966, 1970, 1974",https://en.wikipedia.org/wiki/Horst-Dieter_H%C3%B6ttges
4137,P-06183,Hottiger,Marc,1967-11-07,0,0,1,0,0,1,1994,https://en.wikipedia.org/wiki/Marc_Hottiger
4140,P-95491,Houghton,Ray,1962-01-09,0,0,0,1,0,2,"1990, 1994",https://en.wikipedia.org/wiki/Ray_Houghton
4142,P-04739,Houseman,René,1953-07-19,0,0,0,1,1,2,"1974, 1978",https://en.wikipedia.org/wiki/Ren%C3%A9_Houseman
4144,P-13514,Hovhannisyan,Khoren,1955-01-10,0,0,0,1,0,1,1982,https://en.wikipedia.org/wiki/Khoren_Hovhannisyan
4146,P-28805,Hovorka,Václav,1931-09-19,0,0,0,0,1,1,1958,https://en.wikipedia.org/wiki/V%C3%A1clav_Hovorka
4149,P-50522,Howard,Tim,1979-03-06,0,1,0,0,0,3,"2006, 2010, 2014",https://en.wikipedia.org/wiki/Tim_Howard
4151,P-54036,Höwedes,Benedikt,1988-02-29,0,0,1,0,0,1,2014,https://en.wikipedia.org/wiki/Benedikt_H%C3%B6wedes
4154,P-48978,Hrdlička,Ivan,1943-11-20,0,0,0,1,0,1,1970,https://en.wikipedia.org/wiki/Ivan_Hrdli%C4%8Dka
4155,P-28549,Hristov,Marian,1973-07-29,0,0,0,1,0,1,1998,https://en.wikipedia.org/wiki/Marian_Hristov
4156,P-04640,Hrivnák,Vladimír,1945-04-23,0,0,1,0,0,1,1970,https://en.wikipedia.org/wiki/Vladim%C3%ADr_Hrivn%C3%A1k
4158,P-00707,Hrstić,Miloš,1955-11-20,0,0,1,0,0,1,1982,https://en.wikipedia.org/wiki/Milo%C5%A1_Hrsti%C4%87
4159,P-89949,Hrubesch,Horst,1951-04-17,0,0,0,0,1,1,1982,https://en.wikipedia.org/wiki/Horst_Hrubesch
4160,P-41194,Hruška,Zdeněk,1954-07-25,0,1,0,0,0,1,1982,https://en.wikipedia.org/wiki/Zden%C4%9Bk_Hru%C5%A1ka
4161,P-82945,Hrustic,Ajdin,1996-07-05,0,0,0,1,0,1,2022,https://en.wikipedia.org/wiki/Ajdin_Hrustic
4165,P-07517,Hubchev,Petar,1964-02-26,0,0,1,0,0,1,1994,https://en.wikipedia.org/wiki/Petar_Hubchev
4171,P-12423,Huezo,Norberto,1956-06-06,0,0,0,1,0,1,1982,https://en.wikipedia.org/wiki/Norberto_Huezo
4174,P-24458,Huggel,Benjamin,1977-07-07,0,0,0,1,0,1,2010,https://en.wikipedia.org/wiki/Benjamin_Huggel
4180,P-14406,Hügi,Josef,1930-01-23,0,0,0,0,1,1,1954,https://en.wikipedia.org/wiki/Josef_H%C3%BCgi
4181,P-64475,Huh,Jung-moo,1955-01-13,0,0,0,1,0,1,1986,https://en.wikipedia.org/wiki/Huh_Jung-moo
4183,P-86524,Hulk,not applicable,1986-07-25,0,0,0,0,1,1,2014,https://en.wikipedia.org/wiki/Hulk_(footballer)
4188,P-81447,Hummels,Mats,1988-12-16,0,0,1,0,0,2,"2014, 2018",https://en.wikipedia.org/wiki/Mats_Hummels
4190,P-33839,Hunt,Roger,1938-07-20,0,0,0,0,1,2,"1962, 1966",https://en.wikipedia.org/wiki/Roger_Hunt
4191,P-64344,Huntelaar,Klaas-Jan,1983-08-12,0,0,0,0,1,2,"2010, 2014",https://en.wikipedia.org/wiki/Klaas-Jan_Huntelaar
4192,P-70457,Hunter,Norman,1943-10-29,0,0,1,0,0,2,"1966, 1970",https://en.wikipedia.org/wiki/Norman_Hunter_(footballer)
4193,P-34802,Hurst,Geoff,1941-12-08,0,0,0,0,1,2,"1966, 1970",https://en.wikipedia.org/wiki/Geoff_Hurst
4194,P-98031,Hurtado,Iván,1974-08-16,0,0,1,0,0,2,"2002, 2006",https://en.wikipedia.org/wiki/Iv%C3%A1n_Hurtado
4195,P-88592,Hurtado,Paolo,1990-07-27,0,0,0,1,0,1,2018,https://en.wikipedia.org/wiki/Paolo_Hurtado
4199,P-47335,Husin,Andriy,1972-12-11,0,0,0,1,0,1,2006,https://en.wikipedia.org/wiki/Andriy_Husin
4200,P-50458,Hussain,Yousuf,1965-07-08,0,0,1,0,0,1,1990,https://en.wikipedia.org/wiki/Yousuf_Hussain
4201,P-10707,Hussein Shihab,Ali,1961-05-05,0,0,0,1,0,1,1986,https://en.wikipedia.org/wiki/Ali_Hussein_Shihab
4202,P-82307,Husyev,Oleh,1983-04-25,0,0,0,1,0,1,2006,https://en.wikipedia.org/wiki/Oleh_Husyev
4203,P-03472,Hutchinson,Atiba,1983-02-08,0,0,0,1,0,1,2022,https://en.wikipedia.org/wiki/Atiba_Hutchinson
4204,P-27901,Hutchison,Tommy,1947-09-22,0,0,0,1,0,1,1974,https://en.wikipedia.org/wiki/Tommy_Hutchison
4205,P-27557,Huth,Robert,1984-08-18,0,0,1,0,0,1,2006,https://en.wikipedia.org/wiki/Robert_Huth
4209,P-58692,Hwang,Hee-chan,1996-01-26,0,0,0,1,1,2,"2018, 2022",https://en.wikipedia.org/wiki/Hwang_Hee-chan
4211,P-09632,Hwang,Seok-ho,1989-06-27,0,0,1,0,0,1,2014,https://en.wikipedia.org/wiki/Hwang_Seok-ho
4212,P-15222,Hwang,Sun-hong,1968-07-14,0,0,0,0,1,4,"1990, 1994, 1998, 2002",https://en.wikipedia.org/wiki/Hwang_Sun-hong
4213,P-76411,Hwangbo,Kwan,1965-03-01,0,0,0,1,0,1,1990,https://en.wikipedia.org/wiki/Hwangbo_Kwan
4215,P-31156,Hysén,Glenn,1959-10-30,0,0,1,0,0,1,1990,https://en.wikipedia.org/wiki/Glenn_Hys%C3%A9n
4220,P-38599,Iaquinta,Vincenzo,1979-11-21,0,0,0,0,1,2,"2006, 2010",https://en.wikipedia.org/wiki/Vincenzo_Iaquinta
4222,P-73344,Ibáñez,Pablo,1981-08-03,0,0,1,0,0,1,2006,https://en.wikipedia.org/wiki/Pablo_Ib%C3%A1%C3%B1ez
4223,P-99957,Ibarbo,Víctor,1990-05-19,0,0,0,0,1,1,2014,https://en.wikipedia.org/wiki/V%C3%ADctor_Ibarbo
4227,P-73520,Ibarra,Renato,1991-01-20,0,0,0,1,0,1,2014,https://en.wikipedia.org/wiki/Renato_Ibarra
4228,P-34543,Ibarra,Romario,1994-09-24,0,0,0,1,0,1,2022,https://en.wikipedia.org/wiki/Romario_Ibarra
4229,P-43723,Ibišević,Vedad,1984-08-06,0,0,0,0,1,1,2014,https://en.wikipedia.org/wiki/Vedad_Ibi%C5%A1evi%C4%87
4231,P-20549,Ibrahim,Maad,1960-06-30,0,0,1,0,0,1,1986,https://en.wikipedia.org/wiki/Maad_Ibrahim
4232,P-80105,Ibrahimović,Zlatan,1981-10-03,0,0,0,0,1,2,"2002, 2006",https://en.wikipedia.org/wiki/Zlatan_Ibrahimovi%C4%87
4234,P-48525,Ichikawa,Daisuke,1980-05-14,0,0,0,1,0,1,2002,https://en.wikipedia.org/wiki/Daisuke_Ichikawa
4237,P-01347,Idowu,Brian,1992-05-18,0,0,1,0,0,1,2018,https://en.wikipedia.org/wiki/Brian_Idowu
4238,P-60814,Idris,Hamzah,1972-10-08,0,0,0,0,1,1,1994,https://en.wikipedia.org/wiki/Hamzah_Idris
4239,P-53593,Idrissou,Mohammadou,1980-03-08,0,0,0,0,1,1,2010,https://en.wikipedia.org/wiki/Mohammadou_Idrissou
4242,P-14651,Ighalo,Odion,1989-06-16,0,0,0,0,1,1,2018,https://en.wikipedia.org/wiki/Odion_Ighalo
4244,P-79763,Ignashevich,Sergei,1979-07-14,0,0,1,0,0,2,"2014, 2018",https://en.wikipedia.org/wiki/Sergei_Ignashevich
4245,P-24336,Igoa,Silvestre,1920-09-05,0,0,0,0,1,1,1950,https://en.wikipedia.org/wiki/Silvestre_Igoa
4246,P-82012,Iguarán,Arnoldo,1957-01-18,0,0,0,0,1,1,1990,https://en.wikipedia.org/wiki/Arnoldo_Iguar%C3%A1n
4247,P-29629,Ihara,Masami,1967-09-18,0,0,1,0,0,1,1998,https://en.wikipedia.org/wiki/Masami_Ihara
4249,P-08253,Iheanacho,Kelechi,1996-03-10,0,0,0,0,1,1,2018,https://en.wikipedia.org/wiki/Kelechi_Iheanacho
4252,P-27347,Ikedia,Pius,1980-07-11,0,0,0,1,0,1,2002,https://en.wikipedia.org/wiki/Pius_Ikedia
4253,P-25715,Ikpeba,Victor,1973-06-12,0,0,0,0,1,2,"1994, 1998",https://en.wikipedia.org/wiki/Victor_Ikpeba
4257,P-67641,Ilić,Ivan,2001-03-17,0,0,0,1,0,1,2022,"https://en.wikipedia.org/wiki/Ivan_Ili%C4%87_(footballer,_born_2001)"
4258,P-05783,Ilić,Saša,1977-12-30,0,0,0,1,0,1,2006,"https://en.wikipedia.org/wiki/Sa%C5%A1a_Ili%C4%87_(footballer,_born_1977)"
4259,P-70680,Ilie,Adrian,1974-04-20,0,0,0,0,1,1,1998,https://en.wikipedia.org/wiki/Adrian_Ilie
4261,P-57696,Iliev,Ilian,1968-07-02,0,0,0,1,0,1,1998,https://en.wikipedia.org/wiki/Ilian_Iliev
4264,P-59164,Illgner,Bodo,1967-04-07,0,1,0,0,0,2,"1990, 1994",https://en.wikipedia.org/wiki/Bodo_Illgner
4265,P-99200,Ilunga,Mwepu,1949-08-22,0,0,1,0,0,1,1974,https://en.wikipedia.org/wiki/Mwepu_Ilunga
4266,P-80609,Ilyin,Anatoli,1931-06-27,0,0,0,0,1,1,1958,https://en.wikipedia.org/wiki/Anatoli_Ilyin
4270,P-01078,Immobile,Ciro,1990-02-20,0,0,0,0,1,1,2014,https://en.wikipedia.org/wiki/Ciro_Immobile
4273,P-67516,In-beom,Hwang,1996-09-20,0,0,0,1,0,1,2022,https://en.wikipedia.org/wiki/Hwang_In-beom
4274,P-07955,Inácio,Augusto,1955-02-01,0,0,1,0,0,1,1986,https://en.wikipedia.org/wiki/Augusto_In%C3%A1cio
4275,P-46807,Inamoto,Junichi,1979-09-18,0,0,0,1,0,3,"2002, 2006, 2010",https://en.wikipedia.org/wiki/Junichi_Inamoto
4277,P-15550,Ince,Paul,1967-10-21,0,0,0,1,0,1,1998,https://en.wikipedia.org/wiki/Paul_Ince
4281,P-82839,Ingason,Sverrir Ingi,1993-08-05,0,0,1,0,0,1,2018,https://en.wikipedia.org/wiki/Sverrir_Ingi_Ingason
4282,P-21234,Ingesson,Klas,1968-08-20,0,0,0,1,0,2,"1990, 1994",https://en.wikipedia.org/wiki/Klas_Ingesson
4283,P-56330,Iniesta,Andrés,1984-05-11,0,0,0,1,0,4,"2006, 2010, 2014, 2018",https://en.wikipedia.org/wiki/Andr%C3%A9s_Iniesta
4284,P-43176,Inkoom,Samuel,1989-06-01,0,0,1,0,0,2,"2010, 2014",https://en.wikipedia.org/wiki/Samuel_Inkoom
4285,P-09596,Inler,Gökhan,1984-06-27,0,0,0,1,0,2,"2010, 2014",https://en.wikipedia.org/wiki/G%C3%B6khan_Inler
4289,P-25985,Insigne,Lorenzo,1991-06-04,0,0,0,0,1,1,2014,https://en.wikipedia.org/wiki/Lorenzo_Insigne
4290,P-89984,Inui,Takashi,1988-06-02,0,0,0,1,0,1,2018,https://en.wikipedia.org/wiki/Takashi_Inui
4291,P-29172,Inzaghi,Filippo,1973-08-09,0,0,0,0,1,3,"1998, 2002, 2006",https://en.wikipedia.org/wiki/Filippo_Inzaghi
4295,P-45873,Ipoua,Samuel,1973-03-01,0,0,0,0,1,1,1998,https://en.wikipedia.org/wiki/Samuel_Ipoua
4298,P-64059,Iraragorri,José,1912-03-16,0,0,0,0,1,1,1934,https://en.wikipedia.org/wiki/Jos%C3%A9_Iraragorri
4300,P-31959,Iriarte,Santos,1902-11-02,0,0,0,0,1,1,1930,https://en.wikipedia.org/wiki/Santos_Iriarte
4302,P-46189,Irmscher,Harald,1946-02-12,0,0,0,1,0,1,1974,https://en.wikipedia.org/wiki/Harald_Irmscher
4303,P-72134,Iroha,Benedict,1969-11-29,0,0,1,0,0,2,"1994, 1998",https://en.wikipedia.org/wiki/Benedict_Iroha
4307,P-34822,Irvine,Jackson,1993-03-07,0,0,0,1,0,2,"2018, 2022",https://en.wikipedia.org/wiki/Jackson_Irvine
4308,P-25274,Irwin,Denis,1965-10-31,0,0,1,0,0,1,1994,https://en.wikipedia.org/wiki/Denis_Irwin
4312,P-47401,Isaksson,Andreas,1981-10-03,0,1,0,0,0,2,"2002, 2006",https://en.wikipedia.org/wiki/Andreas_Isaksson
4315,P-52418,Isco,not applicable,1992-04-21,0,0,0,1,0,1,2018,https://en.wikipedia.org/wiki/Isco
4316,P-03499,Isemborghs,Hendrik,1914-01-30,0,0,0,0,1,1,1938,https://en.wikipedia.org/wiki/Hendrik_Isemborghs
4317,P-06098,Isidoro,Paulo,1953-08-03,0,0,0,1,0,1,1982,https://en.wikipedia.org/wiki/Paulo_Isidoro
4318,P-52419,Isiordia,Raúl,1952-12-22,0,0,0,0,1,1,1978,https://en.wikipedia.org/wiki/Ra%C3%BAl_Isiordia
4319,P-99064,Iskrenov,Bozhidar,1962-08-01,0,0,0,1,0,1,1986,https://en.wikipedia.org/wiki/Bozhidar_Iskrenov
4320,P-16376,Isla,Mauricio,1988-06-12,0,0,0,1,0,2,"2010, 2014",https://en.wikipedia.org/wiki/Mauricio_Isla
4321,P-24755,Islas,Luis,1965-12-22,0,1,0,0,0,2,"1986, 1994",https://en.wikipedia.org/wiki/Luis_Islas
4322,P-90097,Ismaïl,Khalid,1965-07-07,0,0,0,1,0,1,1990,https://en.wikipedia.org/wiki/Khalid_Isma%C3%AFl
4325,P-74745,Israël,Rinus,1942-03-19,0,0,1,0,0,1,1974,https://en.wikipedia.org/wiki/Rinus_Isra%C3%ABl
4326,P-65806,Issa,Pierre,1975-09-12,0,0,1,0,0,2,"1998, 2002",https://en.wikipedia.org/wiki/Pierre_Issa
4327,P-62854,Issahaku,Abdul Fatawu,2004-03-08,0,0,0,1,0,1,2022,https://en.wikipedia.org/wiki/Abdul_Fatawu_Issahaku
4328,P-35225,Itakura,Ko,1997-01-27,0,0,1,0,0,1,2022,https://en.wikipedia.org/wiki/Ko_Itakura
4330,P-28726,Itandje,Charles,1982-11-02,0,1,0,0,0,1,2014,https://en.wikipedia.org/wiki/Charles_Itandje
4331,P-41902,Ito,Hiroki,1999-05-12,0,0,1,0,0,1,2022,"https://en.wikipedia.org/wiki/Hiroki_Ito_(footballer,_born_1999)"
4332,P-86909,Ito,Junya,1993-03-09,0,0,0,1,0,1,2022,"https://en.wikipedia.org/wiki/Junya_Ito_(footballer,_born_1993)"
4334,P-84093,Iuliano,Mark,1973-08-12,0,0,1,0,0,1,2002,https://en.wikipedia.org/wiki/Mark_Iuliano
4337,P-92440,Ivanov,Aleksandr,1928-04-14,0,0,0,0,1,1,1958,"https://en.wikipedia.org/wiki/Aleksandr_Ivanov_(footballer,_born_1928)"
4340,P-47670,Ivanov,Trifon,1965-07-27,0,0,1,0,0,2,"1994, 1998",https://en.wikipedia.org/wiki/Trifon_Ivanov
4341,P-11702,Ivanov,Valentin,1934-11-19,0,0,0,0,1,2,"1958, 1962",https://en.wikipedia.org/wiki/Valentin_Kozmich_Ivanov
4342,P-95482,Ivanović,Branislav,1984-02-22,0,0,1,0,0,2,"2010, 2018",https://en.wikipedia.org/wiki/Branislav_Ivanovi%C4%87
4343,P-96963,Ivkov,Kiril,1946-06-21,0,0,0,1,0,1,1974,https://en.wikipedia.org/wiki/Kiril_Ivkov
4345,P-94391,Ivković,Tomislav,1960-08-11,0,1,0,0,0,1,1990,https://en.wikipedia.org/wiki/Tomislav_Ivkovi%C4%87
4350,P-18317,Iwan,Andrzej,1959-11-10,0,0,0,0,1,2,"1978, 1982",https://en.wikipedia.org/wiki/Andrzej_Iwan
4353,P-40578,Iwobi,Alex,1996-05-03,0,0,0,0,1,1,2018,https://en.wikipedia.org/wiki/Alex_Iwobi
4354,P-57482,Izaguirre,Emilio,1986-05-10,0,0,1,0,0,2,"2010, 2014",https://en.wikipedia.org/wiki/Emilio_Izaguirre
4356,P-14715,Izmailov,Marat,1982-09-21,0,0,0,1,0,1,2002,https://en.wikipedia.org/wiki/Marat_Izmailov
4357,P-75090,Izquierdo,José,1992-07-07,0,0,0,0,1,1,2018,"https://en.wikipedia.org/wiki/Jos%C3%A9_Izquierdo_(footballer,_born_1992)"
4358,P-59617,Izzet,Muzzy,1974-10-31,0,0,0,1,0,1,2002,https://en.wikipedia.org/wiki/Muzzy_Izzet
4361,P-86644,Jabrane,Yahya,1991-06-18,0,0,0,1,0,1,2022,https://en.wikipedia.org/wiki/Yahya_Jabrane
4363,P-74150,Jack,Kelvin,1976-04-29,0,1,0,0,0,1,2006,https://en.wikipedia.org/wiki/Kelvin_Jack
4366,P-56227,Jackson,Darren,1966-07-25,0,0,0,0,1,1,1998,https://en.wikipedia.org/wiki/Darren_Jackson
4368,P-86937,Jackson,Nicolas,2001-06-20,0,0,0,0,1,1,2022,https://en.wikipedia.org/wiki/Nicolas_Jackson
4369,P-94478,Jackson,Willem,1972-03-26,0,0,1,0,0,1,1998,https://en.wikipedia.org/wiki/Willem_Jackson
4370,P-13831,Jacobsen,Lars,1979-09-20,0,0,1,0,0,1,2010,https://en.wikipedia.org/wiki/Lars_Jacobsen
4372,P-90805,Jacobsson,Sven,1914-04-17,0,0,0,1,0,1,1938,https://en.wikipedia.org/wiki/Sven_Jacobsson
4374,P-58205,Jäggi,Willy,1906-07-28,0,0,0,0,1,1,1934,https://en.wikipedia.org/wiki/Willy_J%C3%A4ggi
4375,P-20585,Jagielka,Phil,1982-08-17,0,0,1,0,0,1,2014,https://en.wikipedia.org/wiki/Phil_Jagielka
4376,P-98775,Jahanbakhsh,Alireza,1993-08-11,0,0,0,1,1,3,"2014, 2018, 2022",https://en.wikipedia.org/wiki/Alireza_Jahanbakhsh
4377,P-60654,Jahani,Ghafour,1950-06-18,0,0,0,0,1,1,1978,https://en.wikipedia.org/wiki/Ghafour_Jahani
4378,P-76769,Jaïdi,Radhi,1975-08-30,0,0,1,0,0,2,"2002, 2006",https://en.wikipedia.org/wiki/Radhi_Ja%C3%AFdi
4381,P-44754,Jair,not applicable,1921-03-21,0,0,0,0,1,1,1950,https://en.wikipedia.org/wiki/Jair_da_Rosa_Pinto
4382,P-77430,Jairzinho,not applicable,1944-12-25,0,0,0,1,1,3,"1966, 1970, 1974",https://en.wikipedia.org/wiki/Jairzinho
4383,P-86466,Jakić,Kristijan,1997-05-14,0,0,0,1,0,1,2022,https://en.wikipedia.org/wiki/Kristijan_Jaki%C4%87
4386,P-91180,Jakobs,Ditmar,1953-08-28,0,0,1,0,0,1,1986,https://en.wikipedia.org/wiki/Ditmar_Jakobs
4387,P-54506,Jakobs,Ismail,1999-08-17,0,0,1,0,0,1,2022,https://en.wikipedia.org/wiki/Ismail_Jakobs
4388,P-31031,Jakobsen,Mini,1965-11-08,0,0,0,1,1,2,"1994, 1998",https://en.wikipedia.org/wiki/Mini_Jakobsen
4389,P-68329,Jakobsson,Andreas,1972-10-06,0,0,1,0,0,1,2002,https://en.wikipedia.org/wiki/Andreas_Jakobsson
4394,P-82522,Jakubko,Martin,1980-02-26,0,0,0,0,1,1,2010,https://en.wikipedia.org/wiki/Martin_Jakubko
4395,P-62858,Jalali,Abolfazl,1998-06-26,0,0,1,0,0,1,2022,https://en.wikipedia.org/wiki/Abolfazl_Jalali
4396,P-81414,Jaliens,Kew,1978-09-15,0,0,1,0,0,1,2006,https://en.wikipedia.org/wiki/Kew_Jaliens
4397,P-46254,Jałocha,Jan,1957-07-18,0,0,1,0,0,1,1982,https://en.wikipedia.org/wiki/Jan_Ja%C5%82ocha
4398,P-61845,Jamba,not applicable,1977-07-10,0,0,1,0,0,1,2006,https://en.wikipedia.org/wiki/Jamba_(footballer)
4399,P-74707,James,Daniel,1997-11-10,0,0,0,0,1,1,2022,https://en.wikipedia.org/wiki/Daniel_James_(footballer)
4400,P-59324,James,David,1970-08-01,0,1,0,0,0,3,"2002, 2006, 2010",https://en.wikipedia.org/wiki/David_James_(footballer)
4401,P-73226,James,Paul,1963-11-11,0,0,0,1,0,1,1986,https://en.wikipedia.org/wiki/Paul_James_(soccer)
4404,P-51472,Jamil Madani,Ahmed,1970-01-06,0,0,1,0,0,2,"1994, 1998",https://en.wikipedia.org/wiki/Ahmed_Jamil_Madani
4405,P-43189,Janas,Paweł,1953-03-04,0,0,1,0,0,1,1982,https://en.wikipedia.org/wiki/Pawe%C5%82_Janas
4406,P-45490,Jancker,Carsten,1974-08-28,0,0,0,0,1,1,2002,https://en.wikipedia.org/wiki/Carsten_Jancker
4409,P-69858,Janečka,Petr,1957-11-25,0,0,0,0,1,1,1982,https://en.wikipedia.org/wiki/Petr_Jane%C4%8Dka
4412,P-37612,Jang,Hyun-soo,1991-09-28,0,0,1,0,0,1,2018,https://en.wikipedia.org/wiki/Jang_Hyun-soo
4413,P-64908,Jang,Hyung-seok,1972-07-07,0,0,1,0,0,1,1998,https://en.wikipedia.org/wiki/Jang_Hyung-seok
4418,P-35103,Jankulovski,Marek,1977-05-09,0,0,1,0,0,1,2006,https://en.wikipedia.org/wiki/Marek_Jankulovski
4419,P-21790,Janmaat,Daryl,1989-07-22,0,0,1,0,0,1,2014,https://en.wikipedia.org/wiki/Daryl_Janmaat
4422,P-50326,Jansen,Marcell,1985-11-04,0,0,1,0,0,2,"2006, 2010",https://en.wikipedia.org/wiki/Marcell_Jansen
4424,P-89311,Jansen,Wim,1946-10-28,0,0,1,1,0,2,"1974, 1978",https://en.wikipedia.org/wiki/Wim_Jansen
4426,P-57087,Janssen,Vincent,1994-06-15,0,0,0,0,1,1,2022,https://en.wikipedia.org/wiki/Vincent_Janssen
4429,P-46506,Jansson,Pontus,1991-02-13,0,0,1,0,0,1,2018,https://en.wikipedia.org/wiki/Pontus_Jansson
4431,P-15896,Januzaj,Adnan,1995-02-05,0,0,0,1,1,2,"2014, 2018",https://en.wikipedia.org/wiki/Adnan_Januzaj
4432,P-34605,Janvion,Gérard,1953-08-21,0,0,1,0,0,2,"1978, 1982",https://en.wikipedia.org/wiki/G%C3%A9rard_Janvion
4433,P-01259,Jara,Claudio,1959-05-06,0,0,0,0,1,1,1990,https://en.wikipedia.org/wiki/Claudio_Jara
4436,P-21890,Jara,Gonzalo,1985-08-29,0,0,1,0,0,2,"2010, 2014",https://en.wikipedia.org/wiki/Gonzalo_Jara
4437,P-90221,Jara,Kurt,1950-10-14,0,0,0,1,0,2,"1978, 1982",https://en.wikipedia.org/wiki/Kurt_Jara
4439,P-88006,Jardine,Sandy,1948-12-31,0,0,1,0,0,2,"1974, 1978",https://en.wikipedia.org/wiki/Sandy_Jardine
4440,P-69368,Jarir,Houmane,1944-11-30,0,0,0,0,1,1,1970,https://en.wikipedia.org/wiki/Houmane_Jarir
4441,P-26414,Jarni,Robert,1968-10-26,0,0,1,1,0,3,"1990, 1998, 2002",https://en.wikipedia.org/wiki/Robert_Jarni
4442,P-04349,Jarolím,David,1979-05-17,0,0,0,1,0,1,2006,https://en.wikipedia.org/wiki/David_Jarol%C3%ADm
4443,P-17496,Jashari,Ardon,2002-07-30,0,0,0,1,0,1,2022,https://en.wikipedia.org/wiki/Ardon_Jashari
4448,P-50198,Jáuregui,Baudilio,1945-07-09,0,0,1,0,0,1,1974,https://en.wikipedia.org/wiki/Baudilio_J%C3%A1uregui
4451,P-00640,Jaziri,Ziad,1978-07-12,0,0,0,0,1,2,"2002, 2006",https://en.wikipedia.org/wiki/Ziad_Jaziri
4452,P-13619,Jean-Joseph,Ernst,1948-06-11,0,0,0,1,0,1,1974,https://en.wikipedia.org/wiki/Ernst_Jean-Joseph
4453,P-16979,Jebali,Amor,1956-12-24,0,0,1,0,0,1,1978,https://en.wikipedia.org/wiki/Amor_Jebali
4454,P-11346,Jebali,Issam,1991-12-25,0,0,0,0,1,1,2022,https://en.wikipedia.org/wiki/Issam_Jebali
4455,P-75079,Jebreen,Talal,1973-09-25,0,0,0,1,0,1,1994,https://en.wikipedia.org/wiki/Talal_Jebreen
4456,P-77985,Jeck,Léon,1947-02-09,0,0,1,0,0,1,1970,https://en.wikipedia.org/wiki/L%C3%A9on_Jeck
4457,P-37275,Jedinak,Mile,1984-08-03,0,0,0,1,0,3,"2010, 2014, 2018",https://en.wikipedia.org/wiki/Mile_Jedinak
4458,P-61813,Jędrzejczyk,Artur,1987-11-04,0,0,1,0,0,2,"2018, 2022",https://en.wikipedia.org/wiki/Artur_J%C4%99drzejczyk
4459,P-65146,Jedvaj,Tin,1995-11-28,0,0,1,0,0,1,2018,https://en.wikipedia.org/wiki/Tin_Jedvaj
4461,P-89922,Jelassi,Riadh,1971-07-07,0,0,0,0,1,2,"1998, 2002",https://en.wikipedia.org/wiki/Riadh_Jelassi
4462,P-65367,Jelavić,Nikica,1985-08-27,0,0,0,0,1,1,2014,https://en.wikipedia.org/wiki/Nikica_Jelavi%C4%87
4463,P-13524,Jeleń,Ireneusz,1981-04-09,0,0,0,0,1,1,2006,https://en.wikipedia.org/wiki/Ireneusz_Jele%C5%84
4465,P-69430,Jemmali,David,1974-12-13,0,0,1,0,0,1,2006,https://en.wikipedia.org/wiki/David_Jemmali
4467,P-63023,Jendrišek,Erik,1986-10-26,0,0,0,0,1,1,2010,https://en.wikipedia.org/wiki/Erik_Jendri%C5%A1ek
4468,P-55794,Jennings,Pat,1945-06-12,0,1,0,0,0,2,"1982, 1986",https://en.wikipedia.org/wiki/Pat_Jennings
4471,P-26759,Jensen,Claus,1977-04-29,0,0,0,1,0,1,2002,https://en.wikipedia.org/wiki/Claus_Jensen
4472,P-18657,Jensen,Daniel,1979-06-25,0,0,0,1,0,1,2010,https://en.wikipedia.org/wiki/Daniel_Jensen
4476,P-26593,Jensen,Mathias,1996-01-01,0,0,0,1,0,1,2022,https://en.wikipedia.org/wiki/Mathias_Jensen
4477,P-34389,Jensen,Niclas,1974-08-17,0,0,1,0,0,1,2002,https://en.wikipedia.org/wiki/Niclas_Jensen
4481,P-03089,Jeppson,Hasse,1925-05-10,0,0,0,0,1,1,1950,https://en.wikipedia.org/wiki/Hasse_Jeppson
4482,P-65108,Jeremies,Jens,1974-03-05,0,0,0,1,0,2,"1998, 2002",https://en.wikipedia.org/wiki/Jens_Jeremies
4483,P-55024,Jerković,Dražan,1936-08-06,0,0,0,0,1,2,"1958, 1962",https://en.wikipedia.org/wiki/Dra%C5%BEan_Jerkovi%C4%87
4484,P-27514,Jerković,Jurica,1950-02-25,0,0,0,1,0,2,"1974, 1982",https://en.wikipedia.org/wiki/Jurica_Jerkovi%C4%87
4487,P-92004,Jesus,Gabriel,1997-04-03,0,0,0,0,1,2,"2018, 2022",https://en.wikipedia.org/wiki/Gabriel_Jesus
4488,P-34336,Jevrić,Dragoslav,1974-07-08,0,1,0,0,0,1,2006,https://en.wikipedia.org/wiki/Dragoslav_Jevri%C4%87
4490,P-03922,Ji,Dong-won,1991-05-28,0,0,0,0,1,1,2014,https://en.wikipedia.org/wiki/Ji_Dong-won
4492,P-01454,Ji,Yun-nam,1976-11-20,0,0,1,0,0,1,2010,https://en.wikipedia.org/wiki/Ji_Yun-nam
4493,P-02177,Jiang,Jin,1968-10-07,0,1,0,0,0,1,2002,https://en.wikipedia.org/wiki/Jiang_Jin
4498,P-80363,Jiménez,Manuel,1964-01-21,0,0,1,0,0,1,1990,https://en.wikipedia.org/wiki/Manuel_Jim%C3%A9nez_Jim%C3%A9nez
4499,P-57865,Jiménez,Raúl,1991-05-05,0,0,0,0,1,3,"2014, 2018, 2022",https://en.wikipedia.org/wiki/Ra%C3%BAl_Jim%C3%A9nez
4503,P-82889,Jin-su,Kim,1992-06-13,0,0,1,0,0,1,2022,https://en.wikipedia.org/wiki/Kim_Jin-su
4506,P-04157,Jo,Hyeon-woo,1991-09-25,0,1,0,0,0,2,"2018, 2022",https://en.wikipedia.org/wiki/Jo_Hyeon-woo
4508,P-55311,Jo,Shoji,1975-06-17,0,0,0,0,1,1,1998,https://en.wikipedia.org/wiki/Shoji_Jo
4511,P-37372,Jô,not applicable,1987-03-20,0,0,0,0,1,1,2014,https://en.wikipedia.org/wiki/J%C3%B4
4513,P-89298,Joaquín,not applicable,1956-06-09,0,0,0,1,0,1,1982,https://en.wikipedia.org/wiki/Joaqu%C3%ADn_Alonso
4514,P-70144,Joaquín,not applicable,1981-07-21,0,0,0,1,0,2,"2002, 2006","https://en.wikipedia.org/wiki/Joaqu%C3%ADn_(footballer,_born_1981)"
4515,P-14458,Job,Joseph-Désiré,1977-12-01,0,0,0,0,1,2,"1998, 2002",https://en.wikipedia.org/wiki/Joseph-D%C3%A9sir%C3%A9_Job
4521,P-01169,Jóhannsson,Aron,1990-11-10,0,0,0,0,1,1,2014,https://en.wikipedia.org/wiki/Aron_J%C3%B3hannsson
4531,P-86728,John,Avery,1975-06-18,0,0,1,0,0,1,2006,https://en.wikipedia.org/wiki/Avery_John
4532,P-88830,John,Stern,1976-10-30,0,0,0,0,1,1,2006,https://en.wikipedia.org/wiki/Stern_John
4533,P-02163,Johnsen,Erland,1967-04-05,0,0,1,0,0,1,1994,https://en.wikipedia.org/wiki/Erland_Johnsen
4534,P-65348,Johnsen,Ronny,1969-06-10,0,0,1,0,0,1,1998,https://en.wikipedia.org/wiki/Ronny_Johnsen
4535,P-57098,Johnson,Brennan,2001-05-23,0,0,0,0,1,1,2022,https://en.wikipedia.org/wiki/Brennan_Johnson
4536,P-80859,Johnson,Eddie,1984-03-31,0,0,0,0,1,1,2006,https://en.wikipedia.org/wiki/Eddie_Johnson_(American_soccer)
4538,P-71933,Johnson,Fabian,1987-12-11,0,0,1,0,0,1,2014,https://en.wikipedia.org/wiki/Fabian_Johnson
4539,P-43764,Johnson,Glen,1984-08-23,0,0,1,0,0,2,"2010, 2014",https://en.wikipedia.org/wiki/Glen_Johnson
4544,P-12635,Johnston,Alistair,1998-10-08,0,0,1,0,0,1,2022,https://en.wikipedia.org/wiki/Alistair_Johnston
4545,P-17223,Johnston,Mo,1963-04-13,0,0,0,0,1,1,1990,https://en.wikipedia.org/wiki/Mo_Johnston
4546,P-73968,Johnston,Willie,1946-12-19,0,0,0,1,0,1,1978,https://en.wikipedia.org/wiki/Willie_Johnston
4550,P-27338,Jokanović,Slaviša,1968-08-16,0,0,0,1,0,1,1998,https://en.wikipedia.org/wiki/Slavi%C5%A1a_Jokanovi%C4%87
4551,P-65942,Jokić,Bojan,1986-05-17,0,0,1,0,0,1,2010,https://en.wikipedia.org/wiki/Bojan_Joki%C4%87
4552,P-31552,Jokl,Karol,1945-08-29,0,0,0,0,1,1,1970,https://en.wikipedia.org/wiki/Karol_Jokl
4558,P-79374,Jonasson,Sven,1909-07-09,0,0,0,0,1,2,"1934, 1938",https://en.wikipedia.org/wiki/Sven_Jonasson
4562,P-49258,Jones,Cobi,1970-06-16,0,0,0,1,0,3,"1994, 1998, 2002",https://en.wikipedia.org/wiki/Cobi_Jones
4563,P-10072,Jones,Jermaine,1981-11-03,0,0,0,1,0,1,2014,https://en.wikipedia.org/wiki/Jermaine_Jones
4565,P-33665,Jones,Kenwyne,1984-10-05,0,0,0,0,1,1,2006,https://en.wikipedia.org/wiki/Kenwyne_Jones
4566,P-06851,Jones,Phil,1992-02-21,0,0,1,0,0,2,"2014, 2018","https://en.wikipedia.org/wiki/Phil_Jones_(footballer,_born_1992)"
4570,P-04397,Jong,Tae-se,1984-03-02,0,0,0,0,1,1,2010,https://en.wikipedia.org/wiki/Jong_Tae-se
4572,P-12372,Jongbloed,Jan,1940-11-25,0,1,0,0,0,2,"1974, 1978",https://en.wikipedia.org/wiki/Jan_Jongbloed
4573,P-27957,Jonk,Wim,1966-10-12,0,0,0,1,0,2,"1994, 1998",https://en.wikipedia.org/wiki/Wim_Jonk
4575,P-20557,Jonson,Mattias,1974-01-16,0,0,0,1,0,2,"2002, 2006",https://en.wikipedia.org/wiki/Mattias_Jonson
4578,P-63796,Jop,Mariusz,1978-08-03,0,0,1,0,0,1,2006,https://en.wikipedia.org/wiki/Mariusz_Jop
4580,P-22480,Jordan,Joe,1951-12-15,0,0,0,0,1,3,"1974, 1978, 1982",https://en.wikipedia.org/wiki/Joe_Jordan
4581,P-61068,Jorge,Rui,1973-03-27,0,0,1,0,0,1,2002,https://en.wikipedia.org/wiki/Rui_Jorge
4582,P-68055,Jørgensen,Martin,1975-10-06,0,0,0,1,0,3,"1998, 2002, 2010",https://en.wikipedia.org/wiki/Martin_J%C3%B8rgensen
4583,P-61976,Jørgensen,Mathias,1990-04-23,0,0,1,0,0,1,2018,https://en.wikipedia.org/wiki/Mathias_J%C3%B8rgensen
4584,P-67216,Jørgensen,Nicolai,1991-01-15,0,0,0,0,1,1,2018,https://en.wikipedia.org/wiki/Nicolai_J%C3%B8rgensen
4586,P-26340,Jorginho,not applicable,1964-08-17,0,0,1,0,0,2,"1990, 1994","https://en.wikipedia.org/wiki/Jorginho_(footballer,_born_1964)"
4588,P-73468,Josephs,Moeneeb,1980-05-19,0,1,0,0,0,1,2010,https://en.wikipedia.org/wiki/Moeneeb_Josephs
4589,P-79755,Josimar,not applicable,1961-09-19,0,0,1,0,0,1,1986,"https://en.wikipedia.org/wiki/Josimar_(footballer,_born_1961)"
4590,P-74066,Josué,not applicable,1979-07-19,0,0,0,1,0,1,2010,https://en.wikipedia.org/wiki/Josu%C3%A9_Anunciado_de_Oliveira
4591,P-56515,Jovanović,Milan,1981-04-18,0,0,0,1,0,1,2010,"https://en.wikipedia.org/wiki/Milan_Jovanovi%C4%87_(footballer,_born_1981)"
4593,P-36045,Jovanović,Nikola,1952-09-18,0,0,1,0,0,1,1982,"https://en.wikipedia.org/wiki/Nikola_Jovanovi%C4%87_(footballer,_born_1952)"
4594,P-58500,Jovel,José Francisco,1951-05-26,0,0,1,0,0,1,1982,https://en.wikipedia.org/wiki/Jos%C3%A9_Francisco_Jovel
4595,P-62033,Jović,Luka,1997-12-23,0,0,0,0,1,2,"2018, 2022",https://en.wikipedia.org/wiki/Luka_Jovi%C4%87
4596,P-01298,Jozić,Davor,1960-09-22,0,0,1,0,0,1,1990,https://en.wikipedia.org/wiki/Davor_Jozi%C4%87
4597,P-09338,Ju,Se-jong,1990-10-30,0,0,0,1,0,1,2018,https://en.wikipedia.org/wiki/Ju_Se-jong
4598,P-98607,Juan,not applicable,1979-02-01,0,0,1,0,0,2,"2006, 2010",https://en.wikipedia.org/wiki/Juan_(footballer)
4600,P-29082,Juanfran,not applicable,1976-07-15,0,0,1,0,0,1,2002,"https://en.wikipedia.org/wiki/Juanfran_(footballer,_born_1976)"
4601,P-35157,Juanfran,not applicable,1985-01-09,0,0,1,0,0,1,2014,"https://en.wikipedia.org/wiki/Juanfran_(footballer,_born_1985)"
4602,P-03571,Juanito,not applicable,1954-11-10,0,0,0,0,1,2,"1978, 1982","https://en.wikipedia.org/wiki/Juanito_(footballer,_born_1954)"
4603,P-51440,Juanito,not applicable,1976-07-23,0,0,1,0,0,1,2006,"https://en.wikipedia.org/wiki/Juanito_(footballer,_born_1976)"
4604,P-85916,Juárez,Efraín,1988-02-22,0,0,1,0,0,1,2010,https://en.wikipedia.org/wiki/Efra%C3%ADn_Ju%C3%A1rez
4605,P-69912,Jugović,Vladimir,1969-08-30,0,0,0,1,0,1,1998,https://en.wikipedia.org/wiki/Vladimir_Jugovi%C4%87
4608,P-68792,Juliano,Antonio,1943-01-01,0,0,1,1,1,3,"1966, 1970, 1974",https://en.wikipedia.org/wiki/Antonio_Juliano
4610,P-08966,Julinho,not applicable,1929-07-29,0,0,0,0,1,1,1954,https://en.wikipedia.org/wiki/J%C3%BAlio_Botelho
4611,P-75182,Juma'a,Mahboub,1955-09-17,0,0,1,0,0,1,1982,https://en.wikipedia.org/wiki/Mahboub_Juma%27a
4612,P-56780,Jumaa,Ali Thani,1968-08-18,0,0,0,1,0,1,1990,https://en.wikipedia.org/wiki/Ali_Thani_Jumaa
4615,P-61172,Jun-ho,Son,1992-05-12,0,0,0,1,0,1,2022,https://en.wikipedia.org/wiki/Son_Jun-ho_(footballer)
4623,P-88939,Jung,Sung-ryong,1985-01-04,0,1,0,0,0,2,"2010, 2014",https://en.wikipedia.org/wiki/Jung_Sung-ryong
4624,P-64292,Jung,Woo-young,1989-12-14,0,0,0,1,0,2,"2018, 2022",https://en.wikipedia.org/wiki/Jung_Woo-young
4626,P-83096,Júnior,not applicable,1954-06-29,0,0,1,1,0,2,"1982, 1986",https://en.wikipedia.org/wiki/Leovegildo_Lins_da_Gama_J%C3%BAnior
4627,P-29601,Júnior,not applicable,1973-06-20,0,0,1,0,0,1,2002,"https://en.wikipedia.org/wiki/J%C3%BAnior_(footballer,_born_1973)"
4628,P-66308,Júnior,Roque,1976-08-31,0,0,1,0,0,1,2002,https://en.wikipedia.org/wiki/Roque_J%C3%BAnior
4629,P-92812,Júnior,Vinícius,2000-07-12,0,0,0,0,1,1,2022,https://en.wikipedia.org/wiki/Vin%C3%ADcius_J%C3%BAnior
4631,P-16484,Juranović,Josip,1995-08-16,0,0,1,0,0,1,2022,https://en.wikipedia.org/wiki/Josip_Juranovi%C4%87
4632,P-76217,Jurčić,Krunoslav,1969-11-26,0,0,0,1,0,1,1998,https://en.wikipedia.org/wiki/Krunoslav_Jur%C4%8Di%C4%87
4633,P-61256,Juric,Tomi,1991-07-22,0,0,0,0,1,1,2018,https://en.wikipedia.org/wiki/Tomi_Juric
4635,P-94047,Jurkanin,Josef,1949-03-05,0,0,0,1,0,1,1970,https://en.wikipedia.org/wiki/Josef_Jurkanin
4636,P-28511,Jurkemik,Ladislav,1953-07-20,0,0,1,0,0,1,1982,https://en.wikipedia.org/wiki/Ladislav_Jurkemik
4638,P-64028,Jurtin,Gernot,1955-09-09,0,0,0,0,1,1,1982,https://en.wikipedia.org/wiki/Gernot_Jurtin
4644,P-10069,Kaabi,Ali,1953-11-15,0,0,1,0,0,1,1978,https://en.wikipedia.org/wiki/Ali_Kaabi
4648,P-85465,Kačar,Gojko,1987-01-26,0,0,0,1,0,1,2010,https://en.wikipedia.org/wiki/Gojko_Ka%C4%8Dar
4650,P-58877,Kaci-Saïd,Mohamed,1958-05-02,0,0,0,1,0,1,1986,https://en.wikipedia.org/wiki/Mohammed_Kaci_Said
4652,P-04210,Kader,Mohamed,1979-04-08,0,0,0,0,1,1,2006,https://en.wikipedia.org/wiki/Mohamed_Kader
4653,P-98071,Kader Keïta,Abdul,1981-08-06,0,0,0,1,0,2,"2006, 2010",https://en.wikipedia.org/wiki/Abdul_Kader_Ke%C3%AFta
4654,P-46257,Kadir,Foued,1983-12-05,0,0,0,1,0,1,2010,https://en.wikipedia.org/wiki/Foued_Kadir
4655,P-40265,Kadlec,Miroslav,1964-06-22,0,0,1,0,0,1,1990,https://en.wikipedia.org/wiki/Miroslav_Kadlec
4657,P-90033,Kadraba,Josef,1933-09-29,0,0,0,0,1,1,1962,https://en.wikipedia.org/wiki/Josef_Kadraba
4658,P-55405,Kaebi,Hossein,1985-09-23,0,0,1,0,0,1,2006,https://en.wikipedia.org/wiki/Hossein_Kaebi
4660,P-36964,Kagawa,Shinji,1989-03-17,0,0,0,1,0,2,"2014, 2018",https://en.wikipedia.org/wiki/Shinji_Kagawa
4661,P-73034,Kaham,Michel,1952-06-01,0,0,1,0,0,1,1982,https://en.wikipedia.org/wiki/Michel_Kaham
4662,P-47232,Kahlenberg,Thomas,1983-03-20,0,0,0,1,0,1,2010,https://en.wikipedia.org/wiki/Thomas_Kahlenberg
4663,P-33751,Kahn,Oliver,1969-06-15,0,1,0,0,0,4,"1994, 1998, 2002, 2006",https://en.wikipedia.org/wiki/Oliver_Kahn
4664,P-24653,Kahraba,not applicable,1994-04-13,0,0,0,0,1,1,2018,https://en.wikipedia.org/wiki/Kahraba_(footballer)
4665,P-98680,Kahveci,Nihat,1979-11-23,0,0,0,0,1,1,2002,https://en.wikipedia.org/wiki/Nihat_Kahveci
4668,P-34118,Kaita,Sani,1986-05-02,0,0,0,1,0,1,2010,https://en.wikipedia.org/wiki/Sani_Kaita
4669,P-87604,Kaji,Akira,1980-01-13,0,0,1,0,0,1,2006,https://en.wikipedia.org/wiki/Akira_Kaji
4671,P-58388,Kaká,not applicable,1982-04-22,0,0,0,1,0,3,"2002, 2006, 2010",https://en.wikipedia.org/wiki/Kak%C3%A1
4672,P-75667,Kakitani,Yoichiro,1990-01-03,0,0,0,0,1,1,2014,https://en.wikipedia.org/wiki/Yoichiro_Kakitani
4674,P-55125,Kalac,Zeljko,1972-12-16,0,1,0,0,0,1,2006,https://en.wikipedia.org/wiki/Zeljko_Kalac
4675,P-44205,Kali,not applicable,1978-10-11,0,0,1,0,0,1,2006,https://en.wikipedia.org/wiki/Kali_(footballer)
4676,P-89113,Kalinić,Lovre,1990-04-03,0,1,0,0,0,1,2018,https://en.wikipedia.org/wiki/Lovre_Kalini%C4%87
4679,P-59135,Kalitzakis,Ioannis,1966-02-10,0,0,1,0,0,1,1994,https://en.wikipedia.org/wiki/Ioannis_Kalitzakis
4680,P-07520,Kalla,Raymond,1975-04-22,0,0,1,0,0,3,"1994, 1998, 2002",https://en.wikipedia.org/wiki/Raymond_Kalla
4683,P-73608,Källström,Kim,1982-08-24,0,0,0,1,0,1,2006,https://en.wikipedia.org/wiki/Kim_K%C3%A4llstr%C3%B6m
4685,P-67250,Kalou,Bonaventure,1978-01-12,0,0,0,0,1,1,2006,https://en.wikipedia.org/wiki/Bonaventure_Kalou
4686,P-31976,Kalou,Salomon,1985-08-05,0,0,0,0,1,2,"2010, 2014",https://en.wikipedia.org/wiki/Salomon_Kalou
4688,P-68969,Kaltz,Manfred,1953-01-06,0,0,1,0,0,2,"1978, 1982",https://en.wikipedia.org/wiki/Manfred_Kaltz
4690,P-29986,Kałużny,Radosław,1974-02-02,0,0,0,1,0,1,2002,https://en.wikipedia.org/wiki/Rados%C5%82aw_Ka%C5%82u%C5%BCny
4691,P-98387,Kalynychenko,Maksym,1979-01-26,0,0,0,1,0,1,2006,https://en.wikipedia.org/wiki/Maksym_Kalynychenko
4692,P-62952,Kamada,Daichi,1996-08-05,0,0,0,1,0,1,2022,https://en.wikipedia.org/wiki/Daichi_Kamada
4693,P-72332,Kåmark,Pontus,1969-04-05,0,0,1,0,0,1,1994,https://en.wikipedia.org/wiki/Pontus_K%C3%A5mark
4694,P-20299,Kameel,Fathi,1955-05-23,0,0,0,0,1,1,1982,https://en.wikipedia.org/wiki/Fathi_Kameel
4698,P-83610,Kamiński,Jakub,2002-06-05,0,0,0,1,0,1,2022,https://en.wikipedia.org/wiki/Jakub_Kami%C5%84ski
4700,P-84420,Kana-Biyik,André,1965-09-01,0,0,1,0,0,2,"1990, 1994",https://en.wikipedia.org/wiki/Andr%C3%A9_Kana-Biyik
4701,P-74612,Kanaanizadegan,Hossein,1994-03-23,0,0,1,0,0,1,2022,https://en.wikipedia.org/wiki/Hossein_Kanaanizadegan
4703,P-58924,Kane,Harry,1993-07-28,0,0,0,0,1,2,"2018, 2022",https://en.wikipedia.org/wiki/Harry_Kane
4713,P-87514,Kang-in,Lee,2001-02-19,0,0,0,1,0,1,2022,https://en.wikipedia.org/wiki/Lee_Kang-in
4716,P-91268,Kanno,Mohamed,1994-09-22,0,0,0,1,0,2,"2018, 2022",https://en.wikipedia.org/wiki/Mohamed_Kanno
4717,P-98287,Kanté,N'Golo,1991-03-29,0,0,0,1,0,1,2018,https://en.wikipedia.org/wiki/N%27Golo_Kant%C3%A9
4718,P-91516,Kanu,Nwankwo,1976-08-01,0,0,0,0,1,3,"1998, 2002, 2010",https://en.wikipedia.org/wiki/Nwankwo_Kanu
4720,P-12197,Kanunnikov,Maksim,1991-07-14,0,0,0,0,1,1,2014,https://en.wikipedia.org/wiki/Maksim_Kanunnikov
4722,P-59270,Kapetanos,Pantelis,1983-06-08,0,0,0,0,1,1,2010,https://en.wikipedia.org/wiki/Pantelis_Kapetanos
4725,P-28931,Kapka,Zdzisław,1954-12-07,0,0,0,0,1,1,1974,https://en.wikipedia.org/wiki/Zdzis%C5%82aw_Kapka
4726,P-17002,Kaplichny,Vladimir,1944-02-26,0,0,1,0,0,1,1970,https://en.wikipedia.org/wiki/Vladimir_Kaplichny
4728,P-24134,Karačić,Fran,1996-05-12,0,0,1,0,0,1,2022,https://en.wikipedia.org/wiki/Fran_Kara%C4%8Di%C4%87
4729,P-35810,Karagiannis,Vaios,1968-06-25,0,0,1,0,0,1,1994,https://en.wikipedia.org/wiki/Vaios_Karagiannis
4730,P-17698,Karagounis,Giorgos,1977-03-06,0,0,0,1,0,2,"2010, 2014",https://en.wikipedia.org/wiki/Giorgos_Karagounis
4732,P-76079,Karam,Mohammed,1955-01-01,0,0,0,1,0,1,1982,https://en.wikipedia.org/wiki/Mohammed_Karam
4733,P-39326,Karaś,Jan,1959-03-17,0,0,0,0,1,1,1986,https://en.wikipedia.org/wiki/Jan_Kara%C5%9B
4734,P-80725,Karasi,Stanislav,1946-11-08,0,0,0,0,1,1,1974,https://en.wikipedia.org/wiki/Stanislav_Karasi
4737,P-68585,Karataidis,Kyriakos,1965-07-04,0,0,1,0,0,1,1994,https://en.wikipedia.org/wiki/Kyriakos_Karataidis
4739,P-04063,Kardos,József,1960-03-22,0,0,1,0,0,1,1986,https://en.wikipedia.org/wiki/J%C3%B3zsef_Kardos
4740,P-28482,Karembeu,Christian,1970-12-03,0,0,0,1,0,1,1998,https://en.wikipedia.org/wiki/Christian_Karembeu
4742,P-31903,Karić,Amir,1973-12-31,0,0,1,0,0,1,2002,https://en.wikipedia.org/wiki/Amir_Kari%C4%87
4743,P-16416,Karimi,Ali,1978-11-08,0,0,0,1,0,1,2006,https://en.wikipedia.org/wiki/Ali_Karimi
4744,P-68842,Karimi,Ali,1994-02-11,0,0,0,1,0,1,2022,"https://en.wikipedia.org/wiki/Ali_Karimi_(footballer,_born_1994)"
4745,P-50973,Kariri,Saud,1980-07-08,0,0,0,1,0,1,2006,https://en.wikipedia.org/wiki/Saud_Kariri
4746,P-70338,Karkamanis,Christos,1969-09-22,0,1,0,0,0,1,1994,https://en.wikipedia.org/wiki/Christos_Karkamanis
4747,P-37942,Karlsson,Kent,1945-11-25,0,0,1,0,0,2,"1974, 1978",https://en.wikipedia.org/wiki/Kent_Karlsson
4750,P-01064,Karnezis,Orestis,1985-07-11,0,1,0,0,0,1,2014,https://en.wikipedia.org/wiki/Orestis_Karnezis
4751,P-50864,Karoui,Slah,1951-09-11,0,0,0,0,1,1,1978,https://en.wikipedia.org/wiki/Slah_Karoui
4754,P-48249,Karpin,Valeri,1969-02-02,0,0,0,1,0,2,"1994, 2002",https://en.wikipedia.org/wiki/Valeri_Karpin
4756,P-97548,Kasperczak,Henryk,1946-07-10,0,0,0,1,0,2,"1974, 1978",https://en.wikipedia.org/wiki/Henryk_Kasperczak
4759,P-20553,Katalinski,Josip,1948-05-12,0,0,1,0,0,1,1974,https://en.wikipedia.org/wiki/Josip_Katalinski
4760,P-54317,Katanec,Srečko,1963-07-16,0,0,0,1,0,1,1990,https://en.wikipedia.org/wiki/Sre%C4%8Dko_Katanec
4764,P-52378,Katsouranis,Kostas,1979-06-21,0,0,0,1,0,2,"2010, 2014",https://en.wikipedia.org/wiki/Kostas_Katsouranis
4767,P-79597,Kavazashvili,Anzor,1940-07-19,0,1,0,0,0,2,"1966, 1970",https://en.wikipedia.org/wiki/Anzor_Kavazashvili
4768,P-03128,Kaviedes,Iván,1977-10-24,0,0,0,0,1,2,"2002, 2006",https://en.wikipedia.org/wiki/Iv%C3%A1n_Kaviedes
4769,P-54298,Kawaguchi,Yoshikatsu,1975-08-15,0,1,0,0,0,4,"1998, 2002, 2006, 2010",https://en.wikipedia.org/wiki/Yoshikatsu_Kawaguchi
4772,P-53272,Kawashima,Eiji,1983-03-20,0,1,0,0,0,4,"2010, 2014, 2018, 2022",https://en.wikipedia.org/wiki/Eiji_Kawashima
4774,P-72399,Kaye,Mark-Anthony,1994-12-02,0,0,0,1,0,1,2022,https://en.wikipedia.org/wiki/Mark-Anthony_Kaye
4777,P-25070,Kazerani,Hossein,1947-04-13,0,0,1,0,0,1,1978,https://en.wikipedia.org/wiki/Hossein_Kazerani
4780,P-84878,Keane,Robbie,1980-07-08,0,0,0,0,1,1,2002,https://en.wikipedia.org/wiki/Robbie_Keane
4781,P-91106,Keane,Roy,1971-08-10,0,0,0,1,0,2,"1994, 2002",https://en.wikipedia.org/wiki/Roy_Keane
4782,P-27079,Kechrida,Wajdi,1995-11-05,0,0,1,0,0,1,2022,https://en.wikipedia.org/wiki/Wajdi_Kechrida
4783,P-50128,Keegan,Kevin,1951-02-14,0,0,0,0,1,1,1982,https://en.wikipedia.org/wiki/Kevin_Keegan
4786,P-51287,Kehl,Sebastian,1980-02-13,0,0,1,1,0,2,"2002, 2006",https://en.wikipedia.org/wiki/Sebastian_Kehl
4787,P-11933,Kehrer,Thilo,1996-09-21,0,0,1,0,0,1,2022,https://en.wikipedia.org/wiki/Thilo_Kehrer
4789,P-84295,Keizer,Piet,1943-06-14,0,0,0,0,1,1,1974,https://en.wikipedia.org/wiki/Piet_Keizer
4794,P-07553,Keller,Kasey,1969-11-29,0,1,0,0,0,4,"1990, 1998, 2002, 2006",https://en.wikipedia.org/wiki/Kasey_Keller
4795,P-94204,Keller,Tore,1905-01-04,0,0,0,0,1,2,"1934, 1938",https://en.wikipedia.org/wiki/Tore_Keller
4799,P-98535,Kelly,David,1965-11-25,0,0,0,0,1,2,"1990, 1994",https://en.wikipedia.org/wiki/David_Kelly_(association_footballer)
4800,P-07683,Kelly,Gary,1974-07-09,0,0,1,0,0,2,"1994, 2002","https://en.wikipedia.org/wiki/Gary_Kelly_(footballer,_born_1974)"
4803,P-87506,Kembo Uba-Kembo,Jean,1947-12-27,0,0,0,1,0,1,1974,https://en.wikipedia.org/wiki/Kembo_Uba_Kembo
4806,P-35082,Kempes,Mario,1954-07-15,0,0,0,0,1,3,"1974, 1978, 1982",https://en.wikipedia.org/wiki/Mario_Kempes
4808,P-06754,Kennedy,Joshua,1982-08-20,0,0,0,0,1,2,"2006, 2010",https://en.wikipedia.org/wiki/Joshua_Kennedy
4809,P-53235,Kennedy,Stuart,1953-05-31,0,0,1,0,0,1,1978,https://en.wikipedia.org/wiki/Stuart_Kennedy
4812,P-53311,Kerekes,Attila,1954-04-04,0,0,1,0,0,1,1982,https://en.wikipedia.org/wiki/Attila_Kerekes
4813,P-36123,Kereki,Zoltán,1953-07-13,0,0,1,0,0,1,1978,https://en.wikipedia.org/wiki/Zolt%C3%A1n_Kereki
4814,P-63089,Kerimoğlu,Tugay,1970-08-24,0,0,0,1,0,1,2002,https://en.wikipedia.org/wiki/Tugay_Kerimo%C4%9Flu
4819,P-89971,Kerzhakov,Aleksandr,1982-11-27,0,0,0,0,1,2,"2002, 2014",https://en.wikipedia.org/wiki/Aleksandr_Kerzhakov
4821,P-46986,Keshi,Stephen,1962-01-23,0,0,1,0,0,1,1994,https://en.wikipedia.org/wiki/Stephen_Keshi
4822,P-15472,Keskin,Erol,1927-03-02,0,0,0,0,1,1,1954,https://en.wikipedia.org/wiki/Erol_Keskin
4824,P-60811,Kevan,Derek,1935-03-06,0,0,0,0,1,2,"1958, 1962",https://en.wikipedia.org/wiki/Derek_Kevan
4825,P-14290,Kewell,Harry,1978-09-22,0,0,0,0,1,2,"2006, 2010",https://en.wikipedia.org/wiki/Harry_Kewell
4826,P-37893,Kežman,Mateja,1979-04-12,0,0,0,0,1,1,2006,https://en.wikipedia.org/wiki/Mateja_Ke%C5%BEman
4828,P-21024,Khairi,Abderrazak,1962-11-20,0,0,0,0,1,1,1986,https://en.wikipedia.org/wiki/Abderrazak_Khairi
4829,P-52257,Khakpour,Mohammad,1969-02-20,0,0,1,0,0,1,1998,https://en.wikipedia.org/wiki/Mohammad_Khakpour
4830,P-92676,Khalifa,Labid,1955-01-01,0,0,1,0,0,1,1986,https://en.wikipedia.org/wiki/Labid_Khalifa
4831,P-02778,Khalifa,Saber,1986-10-14,0,0,0,0,1,1,2018,https://en.wikipedia.org/wiki/Saber_Khalifa
4832,P-12859,Khalil,Ahmed,1994-12-21,0,0,0,0,1,1,2018,"https://en.wikipedia.org/wiki/Ahmed_Khalil_(footballer,_born_1994)"
4834,P-27017,Khamees,Fahad,1962-01-24,0,0,0,0,1,1,1990,https://en.wikipedia.org/wiki/Fahad_Khamees
4835,P-77154,Khamees,Nasir,1965-08-02,0,0,0,1,0,1,1990,https://en.wikipedia.org/wiki/Nasir_Khamees
4837,P-48556,Khanousi,Moulay,1939-06-21,0,0,1,0,0,1,1970,https://en.wikipedia.org/wiki/Moulay_Khanousi
4839,P-14196,Khaoui,Saîf-Eddine,1995-04-27,0,0,0,0,1,1,2018,https://en.wikipedia.org/wiki/Sa%C3%AEf-Eddine_Khaoui
4840,P-54805,Kharine,Dmitri,1968-08-16,0,1,0,0,0,1,1994,https://en.wikipedia.org/wiki/Dmitri_Kharine
4841,P-56998,Khatibi,Rasoul,1978-09-22,0,0,0,0,1,1,2006,https://en.wikipedia.org/wiki/Rasoul_Khatibi
4842,P-42223,Khazri,Wahbi,1991-02-08,0,0,0,0,1,2,"2018, 2022",https://en.wikipedia.org/wiki/Wahbi_Khazri
4843,P-32949,Kheder,Musab,1993-01-01,0,0,1,0,0,1,2022,https://en.wikipedia.org/wiki/Musab_Kheder
4844,P-13029,Khedira,Sami,1987-04-04,0,0,0,1,0,3,"2010, 2014, 2018",https://en.wikipedia.org/wiki/Sami_Khedira
4845,P-21865,Khenissi,Taha Yassine,1992-01-06,0,0,0,0,1,1,2022,https://en.wikipedia.org/wiki/Taha_Yassine_Khenissi
4846,P-56334,Khidiyatullin,Vagiz,1959-03-03,0,0,1,0,0,2,"1982, 1990",https://en.wikipedia.org/wiki/Vagiz_Khidiyatullin
4847,P-69635,Khlestov,Dmitri,1971-01-21,0,0,0,1,0,1,1994,https://en.wikipedia.org/wiki/Dmitri_Khlestov
4848,P-98262,Khmelnitsky,Vitaly,1943-06-12,0,0,0,0,1,1,1970,https://en.wikipedia.org/wiki/Vitaly_Khmelnitsky
4849,P-28437,Khokhlov,Dmitri,1975-12-22,0,0,0,1,0,1,2002,https://en.wikipedia.org/wiki/Dmitri_Khokhlov
4851,P-12810,Khoukhi,Boualem,1990-07-09,0,0,1,0,0,1,2022,https://en.wikipedia.org/wiki/Boualem_Khoukhi
4852,P-39008,Khuboni,Thanduyise,1986-05-23,0,0,0,1,0,1,2010,https://en.wikipedia.org/wiki/Thanduyise_Khuboni
4853,P-61943,Khumalo,Bongani,1987-01-06,0,0,1,0,0,1,2010,https://en.wikipedia.org/wiki/Bongani_Khumalo
4854,P-47572,Khumalo,Doctor,1967-06-26,0,0,0,1,0,1,1998,https://en.wikipedia.org/wiki/Doctor_Khumalo
4855,P-38574,Khune,Itumeleng,1987-06-20,0,1,0,0,0,1,2010,https://en.wikipedia.org/wiki/Itumeleng_Khune
4856,P-90524,Khurtsilava,Murtaz,1943-01-05,0,0,1,1,0,2,"1966, 1970",https://en.wikipedia.org/wiki/Murtaz_Khurtsilava
4859,P-48433,Ki,Sung-yueng,1989-01-24,0,0,0,1,0,3,"2010, 2014, 2018",https://en.wikipedia.org/wiki/Ki_Sung-yueng
4860,P-11241,Kieft,Wim,1962-11-12,0,0,0,0,1,1,1990,https://en.wikipedia.org/wiki/Wim_Kieft
4861,P-88416,Kielholz,Leopold,1911-06-09,0,0,0,0,1,2,"1934, 1938",https://en.wikipedia.org/wiki/Leopold_Kielholz
4863,P-08312,Kiese Thelin,Isaac,1992-06-24,0,0,0,0,1,1,2018,https://en.wikipedia.org/wiki/Isaac_Kiese_Thelin
4864,P-88148,Kießling,Stefan,1984-01-25,0,0,0,0,1,1,2010,https://en.wikipedia.org/wiki/Stefan_Kie%C3%9Fling
4867,P-64962,Kiko,not applicable,1972-04-26,0,0,0,0,1,1,1998,"https://en.wikipedia.org/wiki/Kiko_(footballer,_born_1972)"
4869,P-32499,Kilbane,Kevin,1977-02-01,0,0,0,1,0,1,2002,https://en.wikipedia.org/wiki/Kevin_Kilbane
4870,P-90951,Killen,Chris,1981-10-08,0,0,0,0,1,1,2010,https://en.wikipedia.org/wiki/Chris_Killen
4872,P-16139,Kim,Bo-kyung,1989-10-06,0,0,0,1,0,2,"2010, 2014",https://en.wikipedia.org/wiki/Kim_Bo-kyung
4874,P-84722,Kim,Byung-ji,1970-04-08,0,1,0,0,0,2,"1998, 2002",https://en.wikipedia.org/wiki/Kim_Byung-ji
4879,P-02853,Kim,Do-hoon,1970-07-21,0,0,0,0,1,1,1998,https://en.wikipedia.org/wiki/Kim_Do-hoon
4880,P-54653,Kim,Do-keun,1972-03-02,0,0,0,1,0,1,1998,https://en.wikipedia.org/wiki/Kim_Do-keun
4882,P-61550,Kim,Dong-jin,1982-01-29,0,0,1,0,0,2,"2006, 2010",https://en.wikipedia.org/wiki/Kim_Dong-jin
4888,P-30708,Kim,Jae-sung,1983-10-03,0,0,0,1,0,1,2010,https://en.wikipedia.org/wiki/Kim_Jae-sung
4892,P-76780,Kim,Jin-kyu,1985-02-16,0,0,1,0,0,1,2006,https://en.wikipedia.org/wiki/Kim_Jin-kyu
4893,P-19309,Kim,Jong-boo,1965-11-03,0,0,0,0,1,1,1986,https://en.wikipedia.org/wiki/Kim_Jong-boo
4894,P-95664,Kim,Joo-sung,1966-01-17,0,0,0,1,0,3,"1986, 1990, 1994",https://en.wikipedia.org/wiki/Kim_Joo-sung
4897,P-47942,Kim,Jung-woo,1982-05-09,0,0,0,1,0,1,2010,https://en.wikipedia.org/wiki/Kim_Jung-woo
4898,P-08049,Kim,Kum-il,1987-10-10,0,0,0,1,0,1,2010,https://en.wikipedia.org/wiki/Kim_Kum-il
4904,P-02609,Kim,Min-woo,1990-02-25,0,0,1,0,0,1,2018,https://en.wikipedia.org/wiki/Kim_Min-woo_(footballer)
4908,P-51785,Kim,Nam-il,1977-03-14,0,0,0,1,0,3,"2002, 2006, 2010",https://en.wikipedia.org/wiki/Kim_Nam-il
4910,P-53258,Kim,Pan-keun,1966-03-05,0,0,1,0,0,1,1994,https://en.wikipedia.org/wiki/Kim_Pan-keun
4912,P-70602,Kim,Pyung-seok,1958-09-22,0,0,1,0,0,1,1986,https://en.wikipedia.org/wiki/Kim_Pyung-seok
4914,P-56299,Kim,Sang-sik,1976-12-17,0,0,1,0,0,1,2006,https://en.wikipedia.org/wiki/Kim_Sang-sik
4915,P-42523,Kim,Seung-gyu,1990-09-30,0,1,0,0,0,3,"2014, 2018, 2022",https://en.wikipedia.org/wiki/Kim_Seung-gyu
4917,P-15736,Kim,Shin-wook,1988-04-14,0,0,0,0,1,2,"2014, 2018",https://en.wikipedia.org/wiki/Kim_Shin-wook
4923,P-96267,Kim,Tae-young,1970-11-08,0,0,1,0,0,2,"1998, 2002",https://en.wikipedia.org/wiki/Kim_Tae-young_(footballer_born_1970)
4928,P-02525,Kim,Yong-jun,1983-07-19,0,0,0,1,0,1,2010,https://en.wikipedia.org/wiki/Kim_Yong-jun_(footballer)
4929,P-53955,Kim,Yong-se,1960-04-21,0,0,0,0,1,1,1986,https://en.wikipedia.org/wiki/Kim_Yong-se
4931,P-94594,Kim,Young-chul,1976-06-30,0,0,1,0,0,1,2006,https://en.wikipedia.org/wiki/Kim_Young-chul_(footballer)
4932,P-07259,Kim,Young-gwon,1990-02-27,0,0,1,0,0,3,"2014, 2018, 2022",https://en.wikipedia.org/wiki/Kim_Young-gwon
4937,P-30316,Kimmich,Joshua,1995-02-08,0,0,1,1,0,2,"2018, 2022",https://en.wikipedia.org/wiki/Joshua_Kimmich
4938,P-17174,Kimpembe,Presnel,1995-08-13,0,0,1,0,0,1,2018,https://en.wikipedia.org/wiki/Presnel_Kimpembe
4939,P-73517,Kindvall,Ove,1943-05-16,0,0,0,1,1,2,"1970, 1974",https://en.wikipedia.org/wiki/Ove_Kindvall
4941,P-16073,King,Ledley,1980-10-12,0,0,1,0,0,1,2010,https://en.wikipedia.org/wiki/Ledley_King
4944,P-81778,Kingson,Richard,1978-06-13,0,1,0,0,0,2,"2006, 2010",https://en.wikipedia.org/wiki/Richard_Kingson
4945,P-28182,Kinier,Vladimír,1958-04-06,0,0,1,0,0,1,1990,https://en.wikipedia.org/wiki/Vladim%C3%ADr_Kinier
4946,P-34285,Kinsella,Mark,1972-08-12,0,0,0,1,0,1,2002,https://en.wikipedia.org/wiki/Mark_Kinsella
4949,P-67142,Kiprich,József,1963-09-06,0,0,0,0,1,1,1986,https://en.wikipedia.org/wiki/J%C3%B3zsef_Kiprich
4952,P-91038,Kirm,Andraž,1984-09-06,0,0,0,1,0,1,2010,https://en.wikipedia.org/wiki/Andra%C5%BE_Kirm
4953,P-09705,Kirsten,Ulf,1965-12-04,0,0,0,0,1,2,"1994, 1998",https://en.wikipedia.org/wiki/Ulf_Kirsten
4954,P-48990,Kiryakov,Iliyan,1967-08-04,0,0,1,0,0,1,1994,https://en.wikipedia.org/wiki/Iliyan_Kiryakov
4955,P-12102,Kische,Gerd,1951-10-23,0,0,1,0,0,1,1974,https://en.wikipedia.org/wiki/Gerd_Kische
4956,P-79846,Kiselyov,Nikolay,1946-01-29,0,0,0,1,0,1,1970,https://en.wikipedia.org/wiki/Nikolay_Kiselyov_(footballer)
4957,P-14982,Kishishev,Radostin,1974-07-30,0,0,1,0,0,1,1998,https://en.wikipedia.org/wiki/Radostin_Kishishev
4960,P-53791,Kiss,László,1956-03-12,0,0,0,0,1,1,1982,https://en.wikipedia.org/wiki/L%C3%A1szl%C3%B3_Kiss_(footballer)
4966,P-44780,Kiwior,Jakub,2000-02-15,0,0,1,0,0,1,2022,https://en.wikipedia.org/wiki/Jakub_Kiwior
4967,P-42018,Kiyotake,Hiroshi,1989-11-12,0,0,0,1,0,1,2014,https://en.wikipedia.org/wiki/Hiroshi_Kiyotake
4969,P-14988,Kjær,Simon,1989-03-26,0,0,1,0,0,3,"2010, 2018, 2022",https://en.wikipedia.org/wiki/Simon_Kj%C3%A6r
4970,P-42078,Klaassen,Davy,1993-02-21,0,0,0,1,0,1,2022,https://en.wikipedia.org/wiki/Davy_Klaassen
4971,P-38099,Klasnić,Ivan,1980-01-29,0,0,0,0,1,1,2006,https://en.wikipedia.org/wiki/Ivan_Klasni%C4%87
4973,P-79283,Kléberson,not applicable,1979-06-19,0,0,0,1,0,2,"2002, 2010",https://en.wikipedia.org/wiki/Jos%C3%A9_Kl%C3%A9berson
4976,P-99719,Klein,Michael,1959-10-10,0,0,1,0,0,1,1990,"https://en.wikipedia.org/wiki/Michael_Klein_(footballer,_born_1959)"
4979,P-07544,Klinger,Marino,1936-02-07,0,0,0,0,1,1,1962,https://en.wikipedia.org/wiki/Marino_Klinger
4980,P-91373,Klinsmann,Jürgen,1964-07-30,0,0,0,0,1,3,"1990, 1994, 1998",https://en.wikipedia.org/wiki/J%C3%BCrgen_Klinsmann
4981,P-33698,Klodt,Bernhard,1926-10-26,0,0,0,0,1,2,"1954, 1958",https://en.wikipedia.org/wiki/Bernhard_Klodt
4983,P-99558,Kłos,Tomasz,1973-03-07,0,0,1,0,0,1,2002,https://en.wikipedia.org/wiki/Tomasz_K%C5%82os
4984,P-27787,Klose,Miroslav,1978-06-09,0,0,0,0,1,4,"2002, 2006, 2010, 2014",https://en.wikipedia.org/wiki/Miroslav_Klose
4985,P-89863,Klostermann,Lukas,1996-06-03,0,0,1,0,0,1,2022,https://en.wikipedia.org/wiki/Lukas_Klostermann
4986,P-59191,Kluivert,Patrick,1976-07-01,0,0,0,0,1,1,1998,https://en.wikipedia.org/wiki/Patrick_Kluivert
4987,P-26520,Kmiecik,Kazimierz,1951-09-19,0,0,0,0,1,1,1974,https://en.wikipedia.org/wiki/Kazimierz_Kmiecik
4990,P-04672,Knavs,Aleksander,1975-12-05,0,0,1,0,0,1,2002,https://en.wikipedia.org/wiki/Aleksander_Knavs
4991,P-65434,Knoflíček,Ivo,1962-02-23,0,0,0,0,1,1,1990,https://en.wikipedia.org/wiki/Ivo_Knofl%C3%AD%C4%8Dek
4992,P-09856,Knudsen,Jonas,1992-09-16,0,0,1,0,0,1,2018,https://en.wikipedia.org/wiki/Jonas_Knudsen
4995,P-01678,Knup,Adrian,1968-07-02,0,0,0,0,1,1,1994,https://en.wikipedia.org/wiki/Adrian_Knup
5000,P-39863,Ko,Jeong-woon,1966-06-27,0,0,0,0,1,1,1994,https://en.wikipedia.org/wiki/Ko_Jeong-woon
5001,P-64624,Ko,Jong-soo,1978-10-30,0,0,0,1,0,1,1998,https://en.wikipedia.org/wiki/Ko_Jong-soo
5004,P-06076,Kobel,Gregor,1997-12-06,0,1,0,0,0,1,2022,https://en.wikipedia.org/wiki/Gregor_Kobel
5005,P-04241,Kobierski,Stanislaus,1910-11-15,0,0,0,0,1,1,1934,https://en.wikipedia.org/wiki/Stanislaus_Kobierski
5006,P-57995,Kocian,Ján,1958-03-13,0,0,1,0,0,1,1990,https://en.wikipedia.org/wiki/J%C3%A1n_Kocian
5007,P-99164,Kocsis,István,1949-10-06,0,0,1,0,0,1,1978,https://en.wikipedia.org/wiki/Istv%C3%A1n_Kocsis
5008,P-07028,Kocsis,Sándor,1929-09-21,0,0,0,0,1,1,1954,https://en.wikipedia.org/wiki/S%C3%A1ndor_Kocsis
5009,P-48431,Koeman,Erwin,1961-09-20,0,0,0,1,0,1,1990,https://en.wikipedia.org/wiki/Erwin_Koeman
5010,P-72919,Koeman,Ronald,1963-03-21,0,0,1,0,0,2,"1990, 1994",https://en.wikipedia.org/wiki/Ronald_Koeman
5011,P-87563,Kofidis,Savvas,1961-03-21,0,0,0,1,0,1,1994,https://en.wikipedia.org/wiki/Savvas_Kofidis
5013,P-83968,Kohler,Jürgen,1965-10-06,0,0,1,0,0,3,"1990, 1994, 1998",https://en.wikipedia.org/wiki/J%C3%BCrgen_Kohler
5016,P-53740,Kohut,Vilmos,1906-07-17,0,0,0,0,1,1,1938,https://en.wikipedia.org/wiki/Vilmos_Kohut
5018,P-37294,Koke,not applicable,1992-01-08,0,0,0,1,0,3,"2014, 2018, 2022","https://en.wikipedia.org/wiki/Koke_(footballer,_born_1992)"
5019,P-67113,Kokorin,Aleksandr,1991-03-19,0,0,0,0,1,1,2014,https://en.wikipedia.org/wiki/Aleksandr_Kokorin
5020,P-33059,Kolarov,Aleksandar,1985-11-10,0,0,1,0,0,2,"2010, 2018",https://en.wikipedia.org/wiki/Aleksandar_Kolarov
5021,P-96934,Kolašinac,Sead,1993-06-20,0,0,1,0,0,1,2014,https://en.wikipedia.org/wiki/Sead_Kola%C5%A1inac
5023,P-35917,Kolev,Bozhil,1949-05-20,0,0,1,0,0,1,1974,https://en.wikipedia.org/wiki/Bozhil_Kolev
5026,P-15241,Kolev,Todor,1942-04-29,0,0,1,0,0,1,1970,"https://en.wikipedia.org/wiki/Todor_Kolev_(footballer,_born_1942)"
5027,P-86801,Kolitsidakis,Thanasis,1966-11-20,0,0,1,0,0,1,1994,https://en.wikipedia.org/wiki/Thanasis_Kolitsidakis
5028,P-81477,Koller,Jan,1973-03-30,0,0,0,0,1,1,2006,https://en.wikipedia.org/wiki/Jan_Koller
5029,P-32967,Koller,Karl,1929-02-09,0,0,0,1,0,2,"1954, 1958",https://en.wikipedia.org/wiki/Karl_Koller_(footballer)
5031,P-92987,Kolo Muani,Randal,1998-12-05,0,0,0,0,1,1,2022,https://en.wikipedia.org/wiki/Randal_Kolo_Muani
5034,P-75452,Komac,Andrej,1979-12-04,0,0,0,1,0,1,2010,https://en.wikipedia.org/wiki/Andrej_Komac
5035,P-46091,Komano,Yūichi,1981-07-25,0,0,1,0,0,2,"2006, 2010",https://en.wikipedia.org/wiki/Y%C5%ABichi_Komano
5037,P-63644,Kombarov,Dmitri,1987-01-22,0,0,1,0,0,1,2014,https://en.wikipedia.org/wiki/Dmitri_Kombarov
5038,P-18536,Kome,Daniel,1980-05-19,0,0,0,1,0,1,2002,https://en.wikipedia.org/wiki/Daniel_N%27Gom_Kome
5039,P-43392,Komljenović,Slobodan,1971-01-02,0,0,1,0,0,1,1998,https://en.wikipedia.org/wiki/Slobodan_Komljenovi%C4%87
5040,P-71979,Komornicki,Ryszard,1959-08-14,0,0,0,1,0,1,1986,https://en.wikipedia.org/wiki/Ryszard_Komornicki
5041,P-95269,Kompany,Vincent,1986-04-10,0,0,1,0,0,2,"2014, 2018",https://en.wikipedia.org/wiki/Vincent_Kompany
5042,P-86920,Konaté,Ibrahima,1999-05-25,0,0,1,0,0,1,2022,https://en.wikipedia.org/wiki/Ibrahima_Konat%C3%A9
5043,P-94596,Konaté,Moussa,1993-04-03,0,0,0,0,1,1,2018,https://en.wikipedia.org/wiki/Moussa_Konat%C3%A9_(footballer)
5044,P-62318,Koncilia,Friedrich,1948-02-25,0,1,0,0,0,2,"1978, 1982",https://en.wikipedia.org/wiki/Friedrich_Koncilia
5045,P-91614,Kone,Panagiotis,1987-07-26,0,0,0,1,0,1,2014,https://en.wikipedia.org/wiki/Panagiotis_Kone
5046,P-14175,Koné,Arouna,1983-11-11,0,0,0,0,1,1,2006,https://en.wikipedia.org/wiki/Arouna_Kon%C3%A9
5047,P-64184,Koné,Bakari,1981-09-17,0,0,0,0,1,1,2006,https://en.wikipedia.org/wiki/Bakari_Kon%C3%A9
5049,P-85670,Koné,Ismaël,2002-06-16,0,0,0,1,0,1,2022,"https://en.wikipedia.org/wiki/Isma%C3%ABl_Kon%C3%A9_(soccer,_born_2002)"
5051,P-70414,Kongolo,Terence,1994-02-14,0,0,1,0,0,1,2014,https://en.wikipedia.org/wiki/Terence_Kongolo
5052,P-85824,Konno,Yasuyuki,1983-01-25,0,0,1,0,0,2,"2010, 2014",https://en.wikipedia.org/wiki/Yasuyuki_Konno
5053,P-11877,Konopka,Harald,1952-11-18,0,0,1,0,0,1,1978,https://en.wikipedia.org/wiki/Harald_Konopka
5056,P-80487,Konsel,Michael,1962-03-06,0,1,0,0,0,2,"1990, 1998",https://en.wikipedia.org/wiki/Michael_Konsel
5057,P-47440,Koo,Ja-cheol,1989-02-27,0,0,0,1,0,2,"2014, 2018",https://en.wikipedia.org/wiki/Koo_Ja-cheol
5058,P-17037,Kooiman,Cle,1963-07-04,0,0,1,0,0,1,1994,https://en.wikipedia.org/wiki/Cle_Kooiman
5059,P-35705,Koopmeiners,Teun,1998-02-28,0,0,0,1,0,1,2022,https://en.wikipedia.org/wiki/Teun_Koopmeiners
5061,P-94605,Kopa,Raymond,1931-10-13,0,0,0,1,1,2,"1954, 1958",https://en.wikipedia.org/wiki/Raymond_Kopa
5062,P-64425,Kopecký,Vlastimil,1912-10-14,0,0,0,1,0,2,"1934, 1938",https://en.wikipedia.org/wiki/Vlastimil_Kopeck%C3%BD
5063,P-45405,Köpke,Andreas,1962-03-12,0,1,0,0,0,3,"1990, 1994, 1998",https://en.wikipedia.org/wiki/Andreas_K%C3%B6pke
5064,P-40368,Kopúnek,Kamil,1984-05-18,0,0,0,1,0,1,2010,https://en.wikipedia.org/wiki/Kamil_Kop%C3%BAnek
5069,P-17662,Koren,Robert,1980-09-20,0,0,0,1,0,1,2010,https://en.wikipedia.org/wiki/Robert_Koren
5070,P-94559,Korkmaz,Bülent,1968-11-24,0,0,1,0,0,1,2002,https://en.wikipedia.org/wiki/B%C3%BClent_Korkmaz
5071,P-88486,Korneev,Igor,1967-09-04,0,0,0,1,0,1,1994,https://en.wikipedia.org/wiki/Igor_Korneev
5072,P-26700,Körner,Alfred,1926-02-14,0,0,0,0,1,2,"1954, 1958",https://en.wikipedia.org/wiki/Alfred_K%C3%B6rner
5075,P-50012,Koroman,Ognjen,1978-09-19,0,0,0,1,0,1,2006,https://en.wikipedia.org/wiki/Ognjen_Koroman
5077,P-91114,Koscielny,Laurent,1985-09-10,0,0,1,0,0,1,2014,https://en.wikipedia.org/wiki/Laurent_Koscielny
5080,P-24493,Kosowski,Kamil,1977-08-30,0,0,0,1,0,1,2006,https://en.wikipedia.org/wiki/Kamil_Kosowski
5081,P-23633,Kostadinov,Emil,1967-08-12,0,0,0,0,1,2,"1994, 1998",https://en.wikipedia.org/wiki/Emil_Kostadinov
5082,P-08726,Kostadinov,Kostadin,1959-06-25,0,0,0,0,1,1,1986,https://en.wikipedia.org/wiki/Kostadin_Kostadinov
5083,P-53978,Košťálek,Josef,1909-08-31,0,0,0,1,0,2,"1934, 1938",https://en.wikipedia.org/wiki/Josef_Ko%C5%A1%C5%A5%C3%A1lek
5084,P-80738,Kostić,Filip,1992-11-01,0,0,0,1,0,2,"2018, 2022",https://en.wikipedia.org/wiki/Filip_Kosti%C4%87
5092,P-80902,Kouassi,Blaise,1975-02-02,0,0,1,0,0,1,2006,"https://en.wikipedia.org/wiki/Blaise_Kouassi_(footballer,_born_1975)"
5095,P-47321,Koulibaly,Kalidou,1991-06-20,0,0,1,0,0,2,"2018, 2022",https://en.wikipedia.org/wiki/Kalidou_Koulibaly
5096,P-73319,Koumantarakis,George,1974-03-27,0,0,0,0,1,1,2002,https://en.wikipedia.org/wiki/George_Koumantarakis
5097,P-78484,Koundé,Jules,1998-11-12,0,0,1,0,0,1,2022,https://en.wikipedia.org/wiki/Jules_Kound%C3%A9
5098,P-97960,Kourichi,Nourredine,1954-04-12,0,0,1,0,0,2,"1982, 1986",https://en.wikipedia.org/wiki/Nourredine_Kourichi
5099,P-55140,Kouyaté,Cheikhou,1989-12-21,0,0,1,1,0,2,"2018, 2022",https://en.wikipedia.org/wiki/Cheikhou_Kouyat%C3%A9
5100,P-84378,Kovač,Niko,1971-10-15,0,0,0,1,0,2,"2002, 2006",https://en.wikipedia.org/wiki/Niko_Kova%C4%8D
5101,P-61666,Kovač,Robert,1974-04-06,0,0,1,0,0,2,"2002, 2006",https://en.wikipedia.org/wiki/Robert_Kova%C4%8D
5102,P-23972,Kováč,Radoslav,1979-11-11,0,0,1,0,0,1,2006,https://en.wikipedia.org/wiki/Radoslav_Kov%C3%A1%C4%8D
5103,P-33080,Kovačević,Darko,1973-11-18,0,0,0,0,1,1,1998,https://en.wikipedia.org/wiki/Darko_Kova%C4%8Devi%C4%87
5107,P-07670,Kovačić,Mateo,1994-05-06,0,0,0,1,0,3,"2014, 2018, 2022",https://en.wikipedia.org/wiki/Mateo_Kova%C4%8Di%C4%87
5109,P-97362,Kovács,Kálmán,1965-09-11,0,0,0,0,1,1,1986,"https://en.wikipedia.org/wiki/K%C3%A1lm%C3%A1n_Kov%C3%A1cs_(footballer,_born_1965)"
5111,P-70294,Kovács,Miklós,1911-12-23,0,0,0,0,1,1,1930,https://en.wikipedia.org/wiki/Mikl%C3%B3s_Kov%C3%A1cs_(footballer)
5113,P-70372,Kovtun,Yuri,1970-01-05,0,0,1,0,0,1,2002,https://en.wikipedia.org/wiki/Yuri_Kovtun
5115,P-23468,Kownacki,Dawid,1997-03-14,0,0,0,0,1,1,2018,https://en.wikipedia.org/wiki/Dawid_Kownacki
5118,P-26673,Kozák,Ján,1980-04-22,0,0,0,1,0,1,2010,"https://en.wikipedia.org/wiki/J%C3%A1n_Koz%C3%A1k_(footballer,_born_1980)"
5121,P-21554,Kozlov,Aleksei,1986-11-16,0,0,1,0,0,1,2014,https://en.wikipedia.org/wiki/Aleksei_Anatolyevich_Kozlov
5122,P-06017,Koźmiński,Marek,1971-02-07,0,0,0,1,0,1,2002,https://en.wikipedia.org/wiki/Marek_Ko%C5%BAmi%C5%84ski
5125,P-28801,Krafth,Emil,1994-08-02,0,0,1,0,0,1,2018,https://en.wikipedia.org/wiki/Emil_Krafth
5129,P-69448,Kralj,Ivica,1973-03-26,0,1,0,0,0,1,1998,https://en.wikipedia.org/wiki/Ivica_Kralj
5130,P-65182,Kramarić,Andrej,1991-06-19,0,0,0,0,1,2,"2018, 2022",https://en.wikipedia.org/wiki/Andrej_Kramari%C4%87
5131,P-42177,Kramer,Christoph,1991-02-19,0,0,0,1,0,1,2014,https://en.wikipedia.org/wiki/Christoph_Kramer
5134,P-76289,Kranjčar,Niko,1984-08-13,0,0,0,1,0,1,2006,https://en.wikipedia.org/wiki/Niko_Kranj%C4%8Dar
5135,P-52271,Krankl,Hans,1953-02-14,0,0,0,0,1,2,"1978, 1982",https://en.wikipedia.org/wiki/Hans_Krankl
5136,P-23735,Krasić,Miloš,1984-11-01,0,0,0,1,0,1,2010,https://en.wikipedia.org/wiki/Milo%C5%A1_Krasi%C4%87
5141,P-77455,Krauss,Bernd,1957-05-08,0,0,1,0,0,1,1982,https://en.wikipedia.org/wiki/Bernd_Krauss
5143,P-87788,Kreische,Hans-Jürgen,1947-07-19,0,0,0,0,1,1,1974,https://en.wikipedia.org/wiki/Hans-J%C3%BCrgen_Kreische
5144,P-88510,Kremenliev,Emil,1969-08-13,0,0,1,0,0,1,1994,https://en.wikipedia.org/wiki/Emil_Kremenliev
5148,P-25569,Kreuz,Wilhelm,1949-05-29,0,0,0,0,1,1,1978,https://en.wikipedia.org/wiki/Wilhelm_Kreuz
5151,P-15636,Krieger,Eduard,1946-12-16,0,0,0,1,0,1,1978,https://en.wikipedia.org/wiki/Eduard_Krieger
5154,P-82877,Kristensen,Rasmus,1997-07-11,0,0,1,0,0,1,2022,https://en.wikipedia.org/wiki/Rasmus_Kristensen
5157,P-59697,Kříž,Tomáš,1959-03-17,0,0,0,0,1,1,1982,https://en.wikipedia.org/wiki/Tom%C3%A1%C5%A1_K%C5%99%C3%AD%C5%BE
5159,P-85024,Krmpotić,Zlatko,1958-08-07,0,0,1,0,0,1,1982,https://en.wikipedia.org/wiki/Zlatko_Krmpoti%C4%87
5162,P-71525,Krohn-Dehli,Michael,1983-06-06,0,0,0,1,0,1,2018,https://en.wikipedia.org/wiki/Michael_Krohn-Dehli
5163,P-31830,Krol,Ruud,1949-03-24,0,0,1,0,0,2,"1974, 1978",https://en.wikipedia.org/wiki/Ruud_Krol
5164,P-83625,Krøldrup,Per,1979-07-31,0,0,1,0,0,1,2010,https://en.wikipedia.org/wiki/Per_Kr%C3%B8ldrup
5166,P-02091,Kroon,Knut,1906-06-19,0,0,0,0,1,1,1934,https://en.wikipedia.org/wiki/Knut_Kroon
5167,P-39356,Kroos,Toni,1990-01-04,0,0,0,1,0,3,"2010, 2014, 2018",https://en.wikipedia.org/wiki/Toni_Kroos
5168,P-43142,Krpan,Petar,1974-07-01,0,0,0,0,1,1,1998,https://en.wikipedia.org/wiki/Petar_Krpan
5169,P-55456,Krstajić,Mladen,1974-03-04,0,0,1,0,0,1,2006,https://en.wikipedia.org/wiki/Mladen_Krstaji%C4%87
5171,P-42745,Krul,Tim,1988-04-03,0,1,0,0,0,1,2014,https://en.wikipedia.org/wiki/Tim_Krul
5173,P-45528,Kruse,Robbie,1988-10-05,0,0,0,0,1,1,2018,https://en.wikipedia.org/wiki/Robbie_Kruse
5174,P-45449,Krychowiak,Grzegorz,1990-01-29,0,0,0,1,0,2,"2018, 2022",https://en.wikipedia.org/wiki/Grzegorz_Krychowiak
5175,P-69995,Kryszałowicz,Paweł,1974-06-23,0,0,0,0,1,1,2002,https://en.wikipedia.org/wiki/Pawe%C5%82_Krysza%C5%82owicz
5176,P-49007,Krzynówek,Jacek,1976-05-15,0,0,0,1,0,2,"2002, 2006",https://en.wikipedia.org/wiki/Jacek_Krzyn%C3%B3wek
5178,P-07710,Kubicki,Dariusz,1963-06-06,0,0,1,0,0,1,1986,https://en.wikipedia.org/wiki/Dariusz_Kubicki
5179,P-16313,Kubík,Luboš,1964-01-20,0,0,0,1,0,1,1990,https://en.wikipedia.org/wiki/Lubo%C5%A1_Kub%C3%ADk
5180,P-39942,Kubo,Takefusa,2001-06-04,0,0,0,1,0,1,2022,https://en.wikipedia.org/wiki/Takefusa_Kubo
5182,P-93812,Kucharski,Cezary,1972-02-17,0,0,0,0,1,1,2002,https://en.wikipedia.org/wiki/Cezary_Kucharski
5184,P-18379,Kucka,Juraj,1987-02-26,0,0,0,1,0,1,2010,https://en.wikipedia.org/wiki/Juraj_Kucka
5185,P-92456,Küçükandonyadis,Lefter,1925-12-22,0,0,0,0,1,1,1954,https://en.wikipedia.org/wiki/Lefter_K%C3%BC%C3%A7%C3%BCkandonyadis
5187,P-47851,Kudryashov,Fyodor,1987-04-05,0,0,1,0,0,1,2018,https://en.wikipedia.org/wiki/Fyodor_Kudryashov
5188,P-23821,Kudus,Mohammed,2000-08-02,0,0,0,1,0,1,2022,https://en.wikipedia.org/wiki/Mohammed_Kudus
5189,P-84395,Kuffour,Samuel,1976-09-03,0,0,1,0,0,1,2006,https://en.wikipedia.org/wiki/Samuel_Kuffour
5191,P-37008,Kühbauer,Dietmar,1971-04-04,0,0,0,1,0,1,1998,https://en.wikipedia.org/wiki/Dietmar_K%C3%BChbauer
5194,P-09868,Kukla,Zygmunt,1948-01-21,0,1,0,0,0,1,1978,https://en.wikipedia.org/wiki/Zygmunt_Kukla_(footballer)
5195,P-49134,Kukučka,Jozef,1957-03-13,0,0,1,0,0,1,1982,https://en.wikipedia.org/wiki/Jozef_Kuku%C4%8Dka
5198,P-43628,Kuna,Ladislav,1947-04-03,0,0,0,1,0,1,1970,https://en.wikipedia.org/wiki/Ladislav_Kuna
5199,P-29115,Kunde,Pierre,1995-07-26,0,0,0,1,0,1,2022,https://en.wikipedia.org/wiki/Pierre_Kunde
5200,P-44016,Kundé,Emmanuel,1956-07-15,0,0,1,0,0,2,"1982, 1990",https://en.wikipedia.org/wiki/Emmanuel_Kund%C3%A9
5201,P-71595,Kuntz,Stefan,1962-10-30,0,0,0,0,1,1,1994,https://en.wikipedia.org/wiki/Stefan_Kuntz
5204,P-05864,Kuol,Garang,2004-09-15,0,0,0,0,1,1,2022,https://en.wikipedia.org/wiki/Garang_Kuol
5205,P-15890,Kupcewicz,Janusz,1955-12-09,0,0,1,1,0,2,"1978, 1982",https://en.wikipedia.org/wiki/Janusz_Kupcewicz
5208,P-55761,Kurbjuweit,Lothar,1950-11-06,0,0,1,0,0,1,1974,https://en.wikipedia.org/wiki/Lothar_Kurbjuweit
5210,P-09584,Kurzawa,Rafał,1993-01-29,0,0,0,1,0,1,2018,https://en.wikipedia.org/wiki/Rafa%C5%82_Kurzawa
5212,P-69383,Kusto,Marek,1954-04-29,0,0,0,1,1,3,"1974, 1978, 1982",https://en.wikipedia.org/wiki/Marek_Kusto
5214,P-82792,Kutepov,Ilya,1993-07-29,0,0,1,0,0,1,2018,https://en.wikipedia.org/wiki/Ilya_Kutepov
5215,P-33312,Kuyt,Dirk,1980-07-22,0,0,0,0,1,3,"2006, 2010, 2014",https://en.wikipedia.org/wiki/Dirk_Kuyt
5216,P-88851,Kuzmanović,Zdravko,1987-09-22,0,0,0,1,0,1,2010,https://en.wikipedia.org/wiki/Zdravko_Kuzmanovi%C4%87
5218,P-82492,Kuznetsov,Dmitri,1965-08-28,0,0,1,0,0,1,1994,"https://en.wikipedia.org/wiki/Dmitri_Kuznetsov_(footballer,_born_1965)"
5219,P-86826,Kuznetsov,Oleh,1963-03-22,0,0,1,0,0,2,"1986, 1990",https://en.wikipedia.org/wiki/Oleh_Kuznetsov
5220,P-17415,Kuzyayev,Daler,1993-01-15,0,0,0,1,0,1,2018,https://en.wikipedia.org/wiki/Daler_Kuzyayev
5223,P-25708,Kvašňák,Andrej,1936-05-19,0,0,0,0,1,2,"1962, 1970",https://en.wikipedia.org/wiki/Andrej_Kva%C5%A1%C5%88%C3%A1k
5224,P-93951,Kvist,William,1985-02-24,0,0,1,1,0,2,"2010, 2018",https://en.wikipedia.org/wiki/William_Kvist
5226,P-84116,Kwarasey,Adam Larsen,1987-12-12,0,1,0,0,0,1,2014,https://en.wikipedia.org/wiki/Adam_Larsen_Kwarasey
5231,P-92252,Kyereh,Daniel-Kofi,1996-03-08,0,0,0,1,0,1,2022,https://en.wikipedia.org/wiki/Daniel-Kofi_Kyereh
5233,P-50181,Kyrgiakos,Sotirios,1979-07-23,0,0,1,0,0,1,2010,https://en.wikipedia.org/wiki/Sotirios_Kyrgiakos
5234,P-57511,Kyung-won,Kwon,1992-01-31,0,0,1,0,0,1,2022,https://en.wikipedia.org/wiki/Kwon_Kyung-won
5235,P-42136,La Rosa,Guillermo,1952-06-06,0,0,0,0,1,2,"1978, 1982",https://en.wikipedia.org/wiki/Guillermo_La_Rosa
5240,P-36542,Labidi,Khemais,1950-08-30,0,0,0,1,0,1,1978,https://en.wikipedia.org/wiki/Khemais_Labidi
5241,P-71287,Labidi,Mohsen,1954-01-15,0,0,1,0,0,1,1978,https://en.wikipedia.org/wiki/Mohsen_Labidi
5242,P-49952,Labone,Brian,1940-01-23,0,0,1,0,0,1,1970,https://en.wikipedia.org/wiki/Brian_Labone
5244,P-01137,Lăcătuș,Marius,1964-04-05,0,0,0,0,1,2,"1990, 1998",https://en.wikipedia.org/wiki/Marius_L%C4%83c%C4%83tu%C8%99
5245,P-23484,Lacen,Mehdi,1984-03-15,0,0,0,1,0,2,"2010, 2014",https://en.wikipedia.org/wiki/Mehdi_Lacen
5247,P-16067,Lacombe,Bernard,1952-08-15,0,0,0,0,1,2,"1978, 1982",https://en.wikipedia.org/wiki/Bernard_Lacombe
5248,P-52310,Ladić,Dražen,1963-01-01,0,1,0,0,0,1,1998,https://en.wikipedia.org/wiki/Dra%C5%BEen_Ladi%C4%87
5251,P-33746,Laghrissi,Abdeslam,1962-01-05,0,0,0,0,1,1,1994,https://en.wikipedia.org/wiki/Abdeslam_Laghrissi
5252,P-18599,Lahm,Philipp,1983-11-11,0,0,1,0,0,3,"2006, 2010, 2014",https://en.wikipedia.org/wiki/Philipp_Lahm
5253,P-94864,Lahzami,Témime,1949-01-01,0,0,0,0,1,1,1978,https://en.wikipedia.org/wiki/T%C3%A9mime_Lahzami
5254,P-29063,Laïdouni,Aïssa,1996-12-13,0,0,0,1,0,1,2022,https://en.wikipedia.org/wiki/A%C3%AFssa_La%C3%AFdouni
5256,P-17413,Laing,Antonio,1958-12-27,0,0,0,0,1,1,1982,https://en.wikipedia.org/wiki/Antonio_Laing
5258,P-79863,Lalas,Alexi,1970-06-01,0,0,1,0,0,2,"1994, 1998",https://en.wikipedia.org/wiki/Alexi_Lalas
5259,P-22075,Lallana,Adam,1988-05-10,0,0,0,1,0,1,2014,https://en.wikipedia.org/wiki/Adam_Lallana
5263,P-53183,Lamadrid,José Luis,1930-07-03,0,0,0,0,1,1,1954,https://en.wikipedia.org/wiki/Jos%C3%A9_Luis_Lamadrid
5264,P-30400,Lambert,Paul,1969-08-07,0,0,0,1,0,1,1998,https://en.wikipedia.org/wiki/Paul_Lambert
5265,P-59854,Lambert,Raoul,1944-10-20,0,0,0,0,1,1,1970,https://en.wikipedia.org/wiki/Raoul_Lambert
5266,P-70595,Lambert,Rickie,1982-02-16,0,0,0,0,1,1,2014,https://en.wikipedia.org/wiki/Rickie_Lambert
5268,P-65534,Lampard,Frank,1978-06-20,0,0,0,1,0,3,"2006, 2010, 2014",https://en.wikipedia.org/wiki/Frank_Lampard
5269,P-12913,Lamptey,Tariq,2000-09-30,0,0,1,0,0,1,2022,https://en.wikipedia.org/wiki/Tariq_Lamptey
5270,P-93664,Lamrani,Abdallah,1946-01-01,0,0,1,0,0,1,1970,https://en.wikipedia.org/wiki/Abdallah_Lamrani
5271,P-40516,Lamriss,Abdelmajid,1959-02-12,0,0,1,0,0,1,1986,https://en.wikipedia.org/wiki/Abdelmajid_Lamriss
5278,P-18113,Landzaat,Denny,1976-05-06,0,0,0,1,0,1,2006,https://en.wikipedia.org/wiki/Denny_Landzaat
5280,P-95507,Lang,Michael,1991-02-08,0,0,1,0,0,2,"2014, 2018","https://en.wikipedia.org/wiki/Michael_Lang_(footballer,_born_1991)"
5281,P-57903,Lang,Noa,1999-06-17,0,0,0,0,1,1,2022,https://en.wikipedia.org/wiki/Noa_Lang
5282,P-69133,Lángara,Isidro,1912-05-25,0,0,0,0,1,1,1934,https://en.wikipedia.org/wiki/Isidro_L%C3%A1ngara
5285,P-99087,Langiller,Marcel,1908-06-02,0,0,0,0,1,1,1930,https://en.wikipedia.org/wiki/Marcel_Langiller
5287,P-29493,Lantos,Mihály,1928-09-29,0,0,1,0,0,1,1954,https://en.wikipedia.org/wiki/Mih%C3%A1ly_Lantos
5290,P-99025,Laporte,Aymeric,1994-05-27,0,0,1,0,0,1,2022,https://en.wikipedia.org/wiki/Aymeric_Laporte
5293,P-73006,Lara,Alfonso,1946-04-27,0,0,0,1,0,1,1974,https://en.wikipedia.org/wiki/Alfonso_Lara
5294,P-17733,Lara,Christian,1980-04-27,0,0,0,1,0,1,2006,https://en.wikipedia.org/wiki/Christian_Lara_(footballer)
5297,P-35791,Lara,Raúl,1973-02-28,0,0,0,1,0,1,1998,https://en.wikipedia.org/wiki/Ra%C3%BAl_Lara
5298,P-71313,Larbes,Salah,1952-09-16,0,0,0,1,0,1,1982,https://en.wikipedia.org/wiki/Salah_Larbes
5300,P-01925,Larin,Cyle,1995-04-17,0,0,0,0,1,1,2022,https://en.wikipedia.org/wiki/Cyle_Larin
5301,P-51110,Larionov,Nikolay,1957-01-19,0,0,1,0,0,1,1986,https://en.wikipedia.org/wiki/Nikolay_Larionov
5302,P-14107,Larios,Jean-François,1956-08-27,0,0,0,1,0,1,1982,https://en.wikipedia.org/wiki/Jean-Fran%C3%A7ois_Larios
5303,P-96913,Larios,Pablo,1960-07-31,0,1,0,0,0,1,1986,https://en.wikipedia.org/wiki/Pablo_Larios
5305,P-23168,Larrosa,Omar,1947-11-18,0,0,0,1,0,1,1978,https://en.wikipedia.org/wiki/Omar_Larrosa
5307,P-05707,Larsen,Søren,1981-09-06,0,0,0,0,1,1,2010,https://en.wikipedia.org/wiki/S%C3%B8ren_Larsen
5308,P-86931,Larsson,Bo,1944-05-05,0,0,0,1,1,3,"1970, 1974, 1978",https://en.wikipedia.org/wiki/Bo_Larsson
5309,P-42895,Larsson,Henrik,1971-09-20,0,0,0,0,1,3,"1994, 2002, 2006",https://en.wikipedia.org/wiki/Henrik_Larsson
5310,P-00891,Larsson,Lennart,1953-07-09,0,0,0,1,0,1,1978,https://en.wikipedia.org/wiki/Lennart_Larsson_(footballer)
5313,P-22289,Larsson,Peter,1961-03-08,0,0,1,0,0,1,1990,"https://en.wikipedia.org/wiki/Peter_Larsson_(footballer,_born_1961)"
5315,P-74946,Larsson,Sebastian,1985-06-06,0,0,0,1,0,1,2018,https://en.wikipedia.org/wiki/Sebastian_Larsson
5316,P-12397,Larsson,Sven-Gunnar,1940-05-10,0,1,0,0,0,2,"1970, 1974",https://en.wikipedia.org/wiki/Sven-Gunnar_Larsson
5317,P-42390,Laryea,Richie,1995-01-07,0,0,1,0,0,1,2022,https://en.wikipedia.org/wiki/Richie_Laryea
5318,P-61974,Latapy,Russell,1968-08-02,0,0,0,1,0,1,2006,https://en.wikipedia.org/wiki/Russell_Latapy
5322,P-21597,Lato,Grzegorz,1950-04-08,0,0,0,0,1,3,"1974, 1978, 1982",https://en.wikipedia.org/wiki/Grzegorz_Lato
5325,P-73521,Lauck,Reinhard,1946-09-16,0,0,0,1,0,1,1974,https://en.wikipedia.org/wiki/Reinhard_Lauck
5328,P-28133,Laudrup,Brian,1969-02-22,0,0,0,0,1,1,1998,https://en.wikipedia.org/wiki/Brian_Laudrup
5329,P-56788,Laudrup,Michael,1964-06-15,0,0,0,1,0,2,"1986, 1998",https://en.wikipedia.org/wiki/Michael_Laudrup
5330,P-38724,Lauren,not applicable,1977-01-19,0,0,1,1,0,2,"1998, 2002",https://en.wikipedia.org/wiki/Lauren_(footballer)
5333,P-05470,Laurent,Lucien,1907-12-10,0,0,0,0,1,2,"1930, 1934",https://en.wikipedia.org/wiki/Lucien_Laurent
5335,P-01514,Laursen,Jacob,1971-10-06,0,0,1,0,0,1,1998,https://en.wikipedia.org/wiki/Jacob_Laursen
5336,P-27808,Laursen,Martin,1977-07-26,0,0,1,0,0,1,2002,https://en.wikipedia.org/wiki/Martin_Laursen
5339,P-69953,Lavezzi,Ezequiel,1985-05-03,0,0,0,0,1,1,2014,https://en.wikipedia.org/wiki/Ezequiel_Lavezzi
5341,P-22762,Law,Denis,1940-02-24,0,0,0,0,1,1,1974,https://en.wikipedia.org/wiki/Denis_Law
5342,P-76542,Lawal,Garba,1974-05-22,0,0,0,1,0,2,"1998, 2002",https://en.wikipedia.org/wiki/Garba_Lawal
5343,P-98909,Lawrence,Aaron,1970-08-11,0,1,0,0,0,1,1998,https://en.wikipedia.org/wiki/Aaron_Lawrence_(footballer)
5345,P-49762,Lawrence,Dennis,1974-08-01,0,0,1,0,0,1,2006,https://en.wikipedia.org/wiki/Dennis_Lawrence
5346,P-83211,Laxalt,Diego,1993-02-07,0,0,0,1,0,1,2018,https://en.wikipedia.org/wiki/Diego_Laxalt
5347,P-10063,Layún,Miguel,1988-06-25,0,0,1,1,0,2,"2014, 2018",https://en.wikipedia.org/wiki/Miguel_Lay%C3%BAn
5350,P-40791,Lazović,Danko,1983-05-17,0,0,0,0,1,1,2010,https://en.wikipedia.org/wiki/Danko_Lazovi%C4%87
5351,P-54211,Lazović,Darko,1990-09-15,0,0,0,1,0,1,2022,https://en.wikipedia.org/wiki/Darko_Lazovi%C4%87
5352,P-94723,Le Roux,Yvon,1960-04-19,0,0,1,0,0,1,1986,https://en.wikipedia.org/wiki/Yvon_Le_Roux
5353,P-26320,Le Saux,Graeme,1968-10-17,0,0,1,0,0,1,1998,https://en.wikipedia.org/wiki/Graeme_Le_Saux
5355,P-15195,Leal,Eugenio,1953-05-13,0,0,0,1,0,1,1978,https://en.wikipedia.org/wiki/Eugenio_Leal
5358,P-65003,Leandro,not applicable,1959-03-17,0,0,1,0,0,1,1982,https://en.wikipedia.org/wiki/Jos%C3%A9_Leandro_Ferreira
5359,P-06015,Leão,not applicable,1949-07-11,0,1,0,0,0,4,"1970, 1974, 1978, 1986",https://en.wikipedia.org/wiki/%C3%89merson_Le%C3%A3o
5360,P-27349,Leão,Rafael,1999-06-10,0,0,0,0,1,1,2022,https://en.wikipedia.org/wiki/Rafael_Le%C3%A3o
5364,P-19907,Leboeuf,Frank,1968-01-22,0,0,1,0,0,2,"1998, 2002",https://en.wikipedia.org/wiki/Frank_Leboeuf
5365,P-35837,Leckie,Mathew,1991-02-04,0,0,0,0,1,3,"2014, 2018, 2022",https://en.wikipedia.org/wiki/Mathew_Leckie
5369,P-93191,Lediakhov,Igor,1968-05-22,0,0,0,1,0,1,1994,https://en.wikipedia.org/wiki/Igor_Lediakhov
5372,P-22338,Lee,Chun-soo,1981-07-09,0,0,0,0,1,2,"2002, 2006",https://en.wikipedia.org/wiki/Lee_Chun-soo
5373,P-40927,Lee,Chung-yong,1988-07-02,0,0,0,1,0,2,"2010, 2014",https://en.wikipedia.org/wiki/Lee_Chung-yong
5374,P-85453,Lee,Dong-gook,1979-04-29,0,0,0,0,1,2,"1998, 2010",https://en.wikipedia.org/wiki/Lee_Dong-gook
5375,P-60562,Lee,Eul-yong,1975-09-08,0,0,0,1,0,2,"2002, 2006",https://en.wikipedia.org/wiki/Lee_Eul-yong
5377,P-88728,Lee,Francis,1944-04-29,0,0,0,0,1,1,1970,https://en.wikipedia.org/wiki/Francis_Lee_(footballer)
5379,P-86017,Lee,Heung-sil,1961-07-10,0,0,0,1,0,1,1990,https://en.wikipedia.org/wiki/Lee_Heung-sil
5380,P-92775,Lee,Ho,1984-10-22,0,0,0,1,0,1,2006,"https://en.wikipedia.org/wiki/Lee_Ho_(footballer,_born_1984)"
5381,P-93920,Lee,Jae-sung,1992-08-10,0,0,0,1,0,2,"2018, 2022","https://en.wikipedia.org/wiki/Lee_Jae-sung_(footballer,_born_1992)"
5384,P-07494,Lee,Jung-soo,1980-01-08,0,0,1,0,0,1,2010,https://en.wikipedia.org/wiki/Lee_Jung-soo
5386,P-71308,Lee,Keun-ho,1985-04-11,0,0,0,0,1,1,2014,https://en.wikipedia.org/wiki/Lee_Keun-ho
5387,P-65241,Lee,Lim-saeng,1971-11-18,0,0,1,0,0,1,1998,https://en.wikipedia.org/wiki/Lee_Lim-saeng
5389,P-66219,Lee,Min-sung,1973-06-23,0,0,1,0,0,2,"1998, 2002",https://en.wikipedia.org/wiki/Lee_Min-sung
5391,P-43959,Lee,Rob,1966-02-01,0,0,0,1,0,1,1998,https://en.wikipedia.org/wiki/Rob_Lee
5392,P-54130,Lee,Sang-hun,1975-10-11,0,0,1,0,0,1,1998,https://en.wikipedia.org/wiki/Lee_Sang-hun_(footballer)
5394,P-47850,Lee,Sang-yoon,1969-04-10,0,0,0,1,1,2,"1990, 1998",https://en.wikipedia.org/wiki/Lee_Sang-yoon_(footballer)
5395,P-02947,Lee,Seung-woo,1998-01-06,0,0,0,1,0,1,2018,https://en.wikipedia.org/wiki/Lee_Seung-woo
5396,P-47809,Lee,Seung-yeoul,1989-03-06,0,0,0,0,1,1,2010,https://en.wikipedia.org/wiki/Lee_Seung-yeoul
5399,P-83876,Lee,Tae-ho,1961-01-29,0,0,0,0,1,2,"1986, 1990",https://en.wikipedia.org/wiki/Lee_Tae-ho
5400,P-95122,Lee,Woon-jae,1973-04-26,0,1,0,0,0,4,"1994, 2002, 2006, 2010",https://en.wikipedia.org/wiki/Lee_Woon-jae
5401,P-64718,Lee,Yong,1986-12-24,0,0,1,0,0,2,"2014, 2018","https://en.wikipedia.org/wiki/Lee_Yong_(footballer,_born_1986)"
5402,P-50333,Lee,Young-jin,1963-10-27,0,0,0,1,0,2,"1990, 1994","https://en.wikipedia.org/wiki/Lee_Young-jin_(footballer,_born_1963)"
5404,P-46519,Lee,Young-pyo,1977-04-23,0,0,1,0,0,3,"2002, 2006, 2010",https://en.wikipedia.org/wiki/Lee_Young-pyo
5407,P-85374,Leguía,Germán,1954-01-02,0,0,0,1,0,2,"1978, 1982",https://en.wikipedia.org/wiki/Germ%C3%A1n_Legu%C3%ADa
5411,P-98511,Lehmann,Jens,1969-11-10,0,1,0,0,0,3,"1998, 2002, 2006",https://en.wikipedia.org/wiki/Jens_Lehmann
5414,P-38753,Lehner,Ernst,1912-11-07,0,0,0,0,1,2,"1934, 1938",https://en.wikipedia.org/wiki/Ernst_Lehner
5417,P-85003,Leighton,Jim,1958-07-24,0,1,0,0,0,4,"1982, 1986, 1990, 1998",https://en.wikipedia.org/wiki/Jim_Leighton
5421,P-50358,Leivinha,not applicable,1949-09-11,0,0,0,1,0,1,1974,https://en.wikipedia.org/wiki/Leivinha
5422,P-10439,Lekgetho,Jacob,1974-03-24,0,0,1,0,0,1,2002,https://en.wikipedia.org/wiki/Jacob_Lekgetho
5424,P-92627,Leko,Jerko,1980-04-09,0,0,0,1,0,1,2006,https://en.wikipedia.org/wiki/Jerko_Leko
5426,P-07153,Lemar,Thomas,1995-11-12,0,0,0,0,1,1,2018,https://en.wikipedia.org/wiki/Thomas_Lemar
5427,P-31352,Lembo,Alejandro,1978-02-15,0,0,1,0,0,1,2002,https://en.wikipedia.org/wiki/Alejandro_Lembo
5429,P-97018,Lenarduzzi,Bob,1955-05-01,0,0,1,0,0,1,1986,https://en.wikipedia.org/wiki/Bob_Lenarduzzi
5430,P-64864,Lennon,Aaron,1987-04-16,0,0,0,1,0,2,"2006, 2010",https://en.wikipedia.org/wiki/Aaron_Lennon
5431,P-62029,Lens,Jeremain,1987-11-24,0,0,0,0,1,1,2014,https://en.wikipedia.org/wiki/Jeremain_Lens
5434,P-83669,León,Pedro Pablo,1943-03-26,0,0,0,0,1,1,1970,https://en.wikipedia.org/wiki/Pedro_Pablo_Le%C3%B3n
5435,P-72471,Leonardo,not applicable,1969-09-05,0,0,0,1,0,2,"1994, 1998",https://en.wikipedia.org/wiki/Leonardo_Ara%C3%BAjo
5437,P-61579,Leonhardsen,Øyvind,1970-08-17,0,0,0,1,0,2,"1994, 1998",https://en.wikipedia.org/wiki/%C3%98yvind_Leonhardsen
5439,P-09730,Leônidas,not applicable,1913-09-06,0,0,0,0,1,2,"1934, 1938",https://en.wikipedia.org/wiki/Le%C3%B4nidas
5444,P-79590,Lerager,Lukas,1993-07-12,0,0,0,1,0,1,2018,https://en.wikipedia.org/wiki/Lukas_Lerager
5445,P-92595,Lerby,Søren,1958-02-01,0,0,0,1,0,1,1986,https://en.wikipedia.org/wiki/S%C3%B8ren_Lerby
5446,P-61424,Lerma,Jefferson,1994-10-25,0,0,0,1,0,1,2018,https://en.wikipedia.org/wiki/Jefferson_Lerma
5450,P-19567,Letchkov,Yordan,1967-07-09,0,0,0,1,0,1,1994,https://en.wikipedia.org/wiki/Yordan_Letchkov
5451,P-43905,Letelier,Juan Carlos,1959-05-20,0,0,0,0,1,1,1982,https://en.wikipedia.org/wiki/Juan_Carlos_Letelier
5452,P-37166,Letsholonyane,Reneilwe,1982-06-09,0,0,0,1,0,1,2010,https://en.wikipedia.org/wiki/Reneilwe_Letsholonyane
5453,P-09660,Lettieri,Tino,1957-09-27,0,1,0,0,0,1,1986,https://en.wikipedia.org/wiki/Tino_Lettieri
5457,P-46094,Levein,Craig,1964-10-22,0,0,1,0,0,1,1990,https://en.wikipedia.org/wiki/Craig_Levein
5459,P-97704,Lewandowski,Mariusz,1979-05-18,0,0,1,0,0,1,2006,https://en.wikipedia.org/wiki/Mariusz_Lewandowski
5460,P-00549,Lewandowski,Robert,1988-08-21,0,0,0,0,1,2,"2018, 2022",https://en.wikipedia.org/wiki/Robert_Lewandowski
5462,P-97784,Lewis,Eddie,1974-05-17,0,0,0,1,0,2,"2002, 2006",https://en.wikipedia.org/wiki/Eddie_Lewis_(soccer)
5467,P-45281,Li,Dong-woon,1945-07-04,0,0,0,1,0,1,1966,https://en.wikipedia.org/wiki/Li_Dong-woon
5474,P-28870,Li,Tie,1977-05-18,0,0,0,1,0,1,2002,https://en.wikipedia.org/wiki/Li_Tie
5475,P-12619,Li,Weifeng,1978-12-01,0,0,1,0,0,1,2002,https://en.wikipedia.org/wiki/Li_Weifeng
5477,P-71211,Li,Xiaopeng,1975-06-20,0,0,0,1,0,1,2002,https://en.wikipedia.org/wiki/Li_Xiaopeng_(footballer)
5482,P-94752,Libiih,Thomas,1967-11-17,0,0,0,1,0,2,"1990, 1994",https://en.wikipedia.org/wiki/Thomas_Libiih
5483,P-62529,Libuda,Reinhard,1943-10-10,0,0,0,0,1,1,1970,https://en.wikipedia.org/wiki/Reinhard_Libuda
5484,P-09988,Lichtsteiner,Stephan,1984-01-16,0,0,1,0,0,3,"2010, 2014, 2018",https://en.wikipedia.org/wiki/Stephan_Lichtsteiner
5487,P-10338,Liedholm,Nils,1922-10-08,0,0,0,1,0,1,1958,https://en.wikipedia.org/wiki/Nils_Liedholm
5488,P-28404,Liédson,not applicable,1977-12-17,0,0,0,0,1,1,2010,https://en.wikipedia.org/wiki/Li%C3%A9dson
5497,P-59805,Limpar,Anders,1965-09-24,0,0,0,1,0,2,"1990, 1994",https://en.wikipedia.org/wiki/Anders_Limpar
5506,P-31431,Lindelöf,Victor,1994-07-17,0,0,1,0,0,1,2018,https://en.wikipedia.org/wiki/Victor_Lindel%C3%B6f
5507,P-29893,Lindenberger,Klaus,1957-05-28,0,1,0,0,0,2,"1982, 1990",https://en.wikipedia.org/wiki/Klaus_Lindenberger
5509,P-69553,Linderoth,Anders,1950-03-21,0,0,0,1,0,1,1978,https://en.wikipedia.org/wiki/Anders_Linderoth
5510,P-05583,Linderoth,Tobias,1979-04-21,0,0,0,1,0,2,"2002, 2006",https://en.wikipedia.org/wiki/Tobias_Linderoth
5513,P-70516,Lindstrøm,Jesper,2000-02-29,0,0,0,1,0,1,2022,https://en.wikipedia.org/wiki/Jesper_Lindstr%C3%B8m
5514,P-36651,Lineker,Gary,1960-11-30,0,0,0,0,1,2,"1986, 1990",https://en.wikipedia.org/wiki/Gary_Lineker
5516,P-63620,Lingard,Jesse,1992-12-15,0,0,0,1,0,1,2018,https://en.wikipedia.org/wiki/Jesse_Lingard
5518,P-17520,Linke,Thomas,1969-12-26,0,0,1,0,0,1,2002,https://en.wikipedia.org/wiki/Thomas_Linke
5519,P-52446,Linzmaier,Manfred,1962-08-27,0,0,0,1,0,1,1990,https://en.wikipedia.org/wiki/Manfred_Linzmaier
5523,P-48718,Litovchenko,Gennadiy,1963-09-11,0,0,0,1,0,2,"1986, 1990",https://en.wikipedia.org/wiki/Gennadiy_Litovchenko
5524,P-89975,Littbarski,Pierre,1960-04-16,0,0,0,1,1,3,"1982, 1986, 1990",https://en.wikipedia.org/wiki/Pierre_Littbarski
5533,P-31643,Livaja,Marko,1993-08-26,0,0,0,0,1,1,2022,https://en.wikipedia.org/wiki/Marko_Livaja
5534,P-99988,Livaković,Dominik,1995-01-09,0,1,0,0,0,2,"2018, 2022",https://en.wikipedia.org/wiki/Dominik_Livakovi%C4%87
5536,P-56735,Lizarazu,Bixente,1969-12-09,0,0,1,0,0,2,"1998, 2002",https://en.wikipedia.org/wiki/Bixente_Lizarazu
5537,P-45505,Ljajić,Adem,1991-09-29,0,0,0,1,0,1,2018,https://en.wikipedia.org/wiki/Adem_Ljaji%C4%87
5538,P-01012,Ljubijankić,Zlatan,1983-12-15,0,0,0,0,1,1,2010,https://en.wikipedia.org/wiki/Zlatan_Ljubijanki%C4%87
5539,P-87039,Ljuboja,Danijel,1978-09-04,0,0,0,0,1,1,2006,https://en.wikipedia.org/wiki/Danijel_Ljuboja
5540,P-75066,Ljung,Roger,1966-01-08,0,0,1,0,0,2,"1990, 1994",https://en.wikipedia.org/wiki/Roger_Ljung
5541,P-84022,Ljungberg,Freddie,1977-04-16,0,0,0,1,0,2,"2002, 2006",https://en.wikipedia.org/wiki/Freddie_Ljungberg
5543,P-49219,Llamosa,Carlos,1969-06-30,0,0,1,0,0,1,2002,https://en.wikipedia.org/wiki/Carlos_Llamosa
5545,P-38283,Llorente,Fernando,1985-02-26,0,0,0,0,1,1,2010,https://en.wikipedia.org/wiki/Fernando_Llorente
5546,P-86871,Llorente,Marcos,1995-01-30,0,0,0,1,0,1,2022,https://en.wikipedia.org/wiki/Marcos_Llorente
5547,P-30711,Lloris,Hugo,1986-12-26,0,1,0,0,0,4,"2010, 2014, 2018, 2022",https://en.wikipedia.org/wiki/Hugo_Lloris
5552,P-10960,Lochhead,Tony,1982-01-12,0,0,1,0,0,1,2010,https://en.wikipedia.org/wiki/Tony_Lochhead
5554,P-03457,Locó,not applicable,1984-12-25,0,0,1,0,0,1,2006,https://en.wikipedia.org/wiki/Loc%C3%B3_(footballer)
5555,P-36662,Lodeiro,Nicolás,1989-03-21,0,0,0,1,0,2,"2010, 2014",https://en.wikipedia.org/wiki/Nicol%C3%A1s_Lodeiro
5559,P-81234,Lofthouse,Nat,1925-08-27,0,0,0,0,1,1,1954,https://en.wikipedia.org/wiki/Nat_Lofthouse
5560,P-84745,Loftus-Cheek,Ruben,1996-01-23,0,0,0,1,0,1,2018,https://en.wikipedia.org/wiki/Ruben_Loftus-Cheek
5563,P-70408,Logofet,Gennady,1942-04-15,0,0,1,0,0,1,1970,https://en.wikipedia.org/wiki/Gennady_Logofet
5566,P-12863,Löhr,Hannes,1942-07-05,0,0,0,0,1,1,1970,https://en.wikipedia.org/wiki/Hannes_L%C3%B6hr
5569,P-36056,Lokvenc,Vratislav,1973-09-27,0,0,0,0,1,1,2006,https://en.wikipedia.org/wiki/Vratislav_Lokvenc
5570,P-35334,Lombaerts,Nicolas,1985-03-20,0,0,1,0,0,1,2014,https://en.wikipedia.org/wiki/Nicolas_Lombaerts
5575,P-74709,Lonnis,Erick,1965-09-09,0,1,0,0,0,1,2002,https://en.wikipedia.org/wiki/Erick_Lonnis
5579,P-58318,Lopes,Wagner,1969-01-29,0,0,0,0,1,1,1998,https://en.wikipedia.org/wiki/Wagner_Lopes
5581,P-90883,Lopez,Christian,1953-03-15,0,0,1,0,0,2,"1978, 1982",https://en.wikipedia.org/wiki/Christian_Lopez_(footballer)
5582,P-13964,López,Antonio,1981-09-13,0,0,1,0,0,1,2006,"https://en.wikipedia.org/wiki/Antonio_L%C3%B3pez_(footballer,_born_1981)"
5584,P-31665,López,Atilio,1925-02-05,0,0,0,0,1,1,1950,https://en.wikipedia.org/wiki/Atilio_L%C3%B3pez
5585,P-60203,López,Claudio,1974-07-17,0,0,0,0,1,2,"1998, 2002",https://en.wikipedia.org/wiki/Claudio_L%C3%B3pez_(footballer)
5586,P-99403,López,Dante,1983-08-16,0,0,0,0,1,1,2006,https://en.wikipedia.org/wiki/Dante_L%C3%B3pez
5597,P-67575,López,Wílmer,1971-03-08,0,0,0,1,0,1,2002,https://en.wikipedia.org/wiki/W%C3%ADlmer_L%C3%B3pez
5600,P-86015,Lorenz,Max,1939-08-19,0,0,0,1,0,2,"1966, 1970",https://en.wikipedia.org/wiki/Max_Lorenz_(footballer)
5601,P-45203,Lorenzi,Benito,1925-12-20,0,0,0,0,1,2,"1950, 1954",https://en.wikipedia.org/wiki/Benito_Lorenzi
5603,P-23349,Lorenzo,Néstor,1966-02-28,0,0,1,0,0,1,1990,https://en.wikipedia.org/wiki/N%C3%A9stor_Lorenzo
5605,P-21810,Lorimer,Peter,1946-12-14,0,0,0,0,1,1,1974,https://en.wikipedia.org/wiki/Peter_Lorimer
5606,P-42031,Lörtscher,Ernst,1913-03-15,0,0,0,1,0,1,1938,https://en.wikipedia.org/wiki/Ernst_L%C3%B6rtscher
5607,P-08424,Losada,Julio,1950-06-16,0,0,0,0,1,1,1970,https://en.wikipedia.org/wiki/Julio_Losada
5613,P-93412,Louis,Wilfried,1949-10-25,0,0,1,0,0,1,1974,https://en.wikipedia.org/wiki/Wilfried_Louis
5617,P-52906,Lovchev,Evgeny,1949-01-29,0,0,1,0,0,1,1970,https://en.wikipedia.org/wiki/Evgeny_Lovchev
5619,P-30892,Love,not applicable,1979-03-14,0,0,0,0,1,1,2006,https://en.wikipedia.org/wiki/Love_(footballer)
5620,P-41271,Løvenkrands,Peter,1980-01-29,0,0,0,0,1,1,2002,https://en.wikipedia.org/wiki/Peter_L%C3%B8venkrands
5621,P-56297,Lovren,Dejan,1989-07-05,0,0,1,0,0,3,"2014, 2018, 2022",https://en.wikipedia.org/wiki/Dejan_Lovren
5622,P-89092,Lowe,Onandi,1973-12-02,0,0,0,0,1,1,1998,https://en.wikipedia.org/wiki/Onandi_Lowe
5623,P-08298,Löwe,Wolfram,1945-05-14,0,0,0,0,1,1,1974,https://en.wikipedia.org/wiki/Wolfram_L%C3%B6we
5624,P-25508,Lowery,Jamie,1961-01-15,0,0,0,1,0,1,1986,https://en.wikipedia.org/wiki/Jamie_Lowery
5627,P-24705,Lozano,Hirving,1995-07-30,0,0,0,0,1,2,"2018, 2022",https://en.wikipedia.org/wiki/Hirving_Lozano
5628,P-19743,Lozano,John Harold,1972-03-30,0,0,0,1,0,2,"1994, 1998",https://en.wikipedia.org/wiki/John_Harold_Lozano
5630,P-67962,Lubański,Włodzimierz,1947-02-28,0,0,0,0,1,1,1978,https://en.wikipedia.org/wiki/W%C5%82odzimierz_Luba%C5%84ski
5632,P-09236,Lucescu,Mircea,1945-07-29,0,0,0,0,1,1,1970,https://en.wikipedia.org/wiki/Mircea_Lucescu
5634,P-30568,Lučić,Teddy,1973-04-15,0,0,1,0,0,3,"1994, 2002, 2006",https://en.wikipedia.org/wiki/Teddy_Lu%C4%8Di%C4%87
5635,P-42918,Lúcio,not applicable,1978-05-08,0,0,1,0,0,3,"2002, 2006, 2010",https://en.wikipedia.org/wiki/L%C3%BAcio
5639,P-89878,Lugano,Diego,1980-11-02,0,0,1,0,0,2,"2010, 2014",https://en.wikipedia.org/wiki/Diego_Lugano
5640,P-21068,Lugo,Gerardo,1955-03-13,0,0,0,1,0,1,1978,https://en.wikipedia.org/wiki/Gerardo_Lugo_G%C3%B3mez
5641,P-99987,Luhový,Milan,1963-01-01,0,0,0,0,1,1,1990,https://en.wikipedia.org/wiki/Milan_Luhov%C3%BD
5643,P-65498,Luís,Filipe,1985-08-09,0,0,1,0,0,1,2018,https://en.wikipedia.org/wiki/Filipe_Lu%C3%ADs
5646,P-87449,Luiz,David,1987-04-22,0,0,1,0,0,1,2014,https://en.wikipedia.org/wiki/David_Luiz
5647,P-89804,Luizão,not applicable,1975-11-14,0,0,0,0,1,1,2002,"https://en.wikipedia.org/wiki/Luiz%C3%A3o_(footballer,_born_1975)"
5648,P-45267,Luizinho,not applicable,1958-10-22,0,0,1,0,0,1,1982,https://en.wikipedia.org/wiki/Luiz_Carlos_Ferreira
5649,P-72637,Lukaku,Romelu,1993-05-13,0,0,0,0,1,3,"2014, 2018, 2022",https://en.wikipedia.org/wiki/Romelu_Lukaku
5650,P-78056,Lukić,Saša,1996-08-13,0,0,0,1,0,1,2022,https://en.wikipedia.org/wiki/Sa%C5%A1a_Luki%C4%87
5651,P-32588,Luković,Aleksandar,1982-10-23,0,0,1,0,0,1,2010,https://en.wikipedia.org/wiki/Aleksandar_Lukovi%C4%87
5652,P-74278,Lulić,Senad,1986-01-18,0,0,0,1,0,1,2014,https://en.wikipedia.org/wiki/Senad_Luli%C4%87
5653,P-19578,Luna,Braulio,1974-09-08,0,0,0,1,0,2,"1998, 2002",https://en.wikipedia.org/wiki/Braulio_Luna
5660,P-71173,Lung,Silviu,1956-09-09,0,1,0,0,0,1,1990,https://en.wikipedia.org/wiki/Silviu_Lung
5664,P-86528,Lupescu,Ioan,1968-12-09,0,0,0,1,0,2,"1990, 1994",https://en.wikipedia.org/wiki/Ioan_Lupescu
5665,P-53044,Lupescu,Nicolae,1940-12-17,0,0,1,0,0,1,1970,https://en.wikipedia.org/wiki/Nicolae_Lupescu
5666,P-49988,Lupu,Dănuț,1967-02-27,0,0,0,1,0,1,1990,https://en.wikipedia.org/wiki/D%C4%83nu%C8%9B_Lupu
5667,P-23336,Luque,Albert,1978-03-11,0,0,0,0,1,1,2002,https://en.wikipedia.org/wiki/Albert_Luque
5668,P-26640,Luque,Leopoldo,1949-05-03,0,0,0,0,1,1,1978,https://en.wikipedia.org/wiki/Leopoldo_Luque
5670,P-29833,Lustig,Mikael,1986-12-13,0,0,1,0,0,1,2018,https://en.wikipedia.org/wiki/Mikael_Lustig
5671,P-46417,Lustrinelli,Mauro,1976-02-26,0,0,0,0,1,1,2006,https://en.wikipedia.org/wiki/Mauro_Lustrinelli
5678,P-35793,Lyutyi,Volodymyr,1962-04-24,0,0,0,0,1,1,1990,https://en.wikipedia.org/wiki/Volodymyr_Lyutyi
5679,P-32771,M'Bida,Grégoire,1955-01-27,0,0,0,1,0,1,1982,https://en.wikipedia.org/wiki/Gr%C3%A9goire_M%27Bida
5680,P-00596,M'Bolhi,Raïs,1986-04-25,0,1,0,0,0,2,"2010, 2014",https://en.wikipedia.org/wiki/Ra%C3%AFs_M%27Bolhi
5681,P-11469,M'Bom,Ephrem,1954-07-18,0,0,0,1,0,1,1982,https://en.wikipedia.org/wiki/Ephrem_M%27Bom
5682,P-18804,M'Boma,Patrick,1970-11-15,0,0,0,0,1,2,"1998, 2002",https://en.wikipedia.org/wiki/Patrick_M%27Boma
5683,P-59402,M'Fédé,Louis-Paul,1961-02-26,0,0,0,1,1,2,"1990, 1994",https://en.wikipedia.org/wiki/Louis-Paul_M%27F%C3%A9d%C3%A9
5686,P-05235,Ma,Mingyu,1970-02-04,0,0,0,1,0,1,2002,https://en.wikipedia.org/wiki/Ma_Mingyu
5688,P-38981,Maâloul,Ali,1990-01-01,0,0,1,0,0,2,"2018, 2022",https://en.wikipedia.org/wiki/Ali_Ma%C3%A2loul
5690,P-61979,Mabil,Awer,1995-09-15,0,0,0,0,1,1,2022,https://en.wikipedia.org/wiki/Awer_Mabil
5691,P-03377,Maboang,Emmanuel,1968-11-27,0,0,0,1,0,2,"1990, 1994",https://en.wikipedia.org/wiki/Emmanuel_Maboang
5692,P-71343,Mac Allister,Alexis,1998-12-24,0,0,0,1,0,1,2022,https://en.wikipedia.org/wiki/Alexis_Mac_Allister
5693,P-59276,Maca,Joe,1920-09-28,0,0,1,0,0,1,1950,https://en.wikipedia.org/wiki/Joe_Maca
5694,P-88171,Macanga,André,1978-05-14,0,0,0,1,0,1,2006,https://en.wikipedia.org/wiki/Andr%C3%A9_Macanga
5695,P-35089,Macari,Lou,1949-06-07,0,0,0,0,1,1,1978,https://en.wikipedia.org/wiki/Lou_Macari
5696,P-42410,Maceda,Antonio,1957-05-16,0,0,1,0,0,2,"1982, 1986",https://en.wikipedia.org/wiki/Antonio_Maceda
5698,P-77892,Machado,Adolfo,1985-02-14,0,0,1,0,0,1,2018,https://en.wikipedia.org/wiki/Adolfo_Machado
5701,P-16110,Machlas,Nikos,1973-06-16,0,0,0,0,1,1,1994,https://en.wikipedia.org/wiki/Nikos_Machlas
5706,P-97283,Mackay,Jimmy,1943-12-19,0,0,0,1,0,1,1974,https://en.wikipedia.org/wiki/Jimmy_Mackay
5707,P-39675,MacKay,Keith,1956-12-08,0,0,0,1,0,1,1982,https://en.wikipedia.org/wiki/Keith_MacKay
5710,P-20087,Maclaren,Jamie,1993-07-29,0,0,0,0,1,2,"2018, 2022",https://en.wikipedia.org/wiki/Jamie_Maclaren
5711,P-10435,MacLeod,Murdo,1958-09-24,0,0,0,1,0,1,1990,https://en.wikipedia.org/wiki/Murdo_MacLeod
5713,P-56499,Maculewicz,Henryk,1950-04-24,0,0,1,0,0,1,1978,https://en.wikipedia.org/wiki/Henryk_Maculewicz
5714,P-16154,Madanchi,Mehrzad,1982-10-12,0,0,0,1,0,1,2006,https://en.wikipedia.org/wiki/Mehrzad_Madanchi
5717,P-63532,Madibo,Assim,1996-10-22,0,0,0,1,0,1,2022,https://en.wikipedia.org/wiki/Assim_Madibo
5718,P-45774,Madjer,Rabah,1958-12-15,0,0,0,0,1,2,"1982, 1986",https://en.wikipedia.org/wiki/Rabah_Madjer
5723,P-20388,Madu,Abdullah,1993-07-15,0,0,1,0,0,1,2022,https://en.wikipedia.org/wiki/Abdullah_Madu
5724,P-66598,Maduro,Hedwiges,1985-02-13,0,0,0,1,0,1,2006,https://en.wikipedia.org/wiki/Hedwiges_Maduro
5725,P-30206,Maeda,Daizen,1997-10-20,0,0,0,0,1,1,2022,https://en.wikipedia.org/wiki/Daizen_Maeda
5726,P-39995,Mæhle,Joakim,1997-05-20,0,0,1,0,0,1,2022,https://en.wikipedia.org/wiki/Joakim_M%C3%A6hle
5728,P-38620,Mafu,Kibonge,1945-02-12,0,0,0,1,0,1,1974,https://en.wikipedia.org/wiki/Kibonge_Mafu
5730,P-52794,Magalhães,Jaime,1962-07-10,0,0,0,1,0,1,1986,https://en.wikipedia.org/wiki/Jaime_Magalh%C3%A3es
5731,P-95938,Magallanes,Federico,1976-08-22,0,0,0,0,1,1,2002,https://en.wikipedia.org/wiki/Federico_Magallanes
5733,P-08268,Magaña,Raúl,1940-02-24,0,1,0,0,0,1,1970,https://en.wikipedia.org/wiki/Ra%C3%BAl_Maga%C3%B1a
5734,P-79344,Magath,Felix,1953-07-26,0,0,0,1,0,2,"1982, 1986",https://en.wikipedia.org/wiki/Felix_Magath
5735,P-11109,Maggio,Christian,1982-02-11,0,0,1,0,0,1,2010,https://en.wikipedia.org/wiki/Christian_Maggio
5738,P-82814,Magnin,Ludovic,1979-04-20,0,0,1,0,0,2,"2006, 2010",https://en.wikipedia.org/wiki/Ludovic_Magnin
5740,P-02323,Magnusson,Benno,1953-02-04,0,0,0,1,0,1,1974,https://en.wikipedia.org/wiki/Benno_Magnusson
5741,P-81063,Magnusson,Mats,1963-07-10,0,0,0,0,1,1,1990,https://en.wikipedia.org/wiki/Mats_Magnusson
5742,P-28803,Magnússon,Hörður Björgvin,1993-02-11,0,0,1,0,0,1,2018,https://en.wikipedia.org/wiki/H%C3%B6r%C3%B0ur_Bj%C3%B6rgvin_Magn%C3%BAsson
5743,P-56223,Magriñá,José,1917-12-14,0,0,0,0,1,1,1938,https://en.wikipedia.org/wiki/Jos%C3%A9_Magri%C3%B1%C3%A1
5744,P-02465,Maguire,Harry,1993-03-05,0,0,1,0,0,2,"2018, 2022",https://en.wikipedia.org/wiki/Harry_Maguire
5746,P-93633,Mahdavikia,Mehdi,1977-07-24,0,0,0,1,0,2,"1998, 2006",https://en.wikipedia.org/wiki/Mehdi_Mahdavikia
5750,P-87315,Mählich,Roman,1971-09-17,0,0,0,1,0,1,1998,https://en.wikipedia.org/wiki/Roman_M%C3%A4hlich
5752,P-29742,Mahmoud,Shaker,1963-05-05,0,0,0,1,0,1,1986,https://en.wikipedia.org/wiki/Shaker_Mahmoud
5753,P-87968,Mahouvé,Marcel,1973-01-16,0,0,0,1,0,1,1998,https://en.wikipedia.org/wiki/Marcel_Mahouv%C3%A9
5754,P-91590,Mahrez,Riyad,1991-02-21,0,0,0,1,0,1,2014,https://en.wikipedia.org/wiki/Riyad_Mahrez
5755,P-93911,Mahroufi,Mohammed,1947-01-01,0,0,0,1,0,1,1970,https://en.wikipedia.org/wiki/Mohammed_Mahroufi
5756,P-81366,Mahut,Philippe,1956-03-04,0,0,1,0,0,1,1982,https://en.wikipedia.org/wiki/Philippe_Mahut
5758,P-94551,Maicon,not applicable,1981-07-26,0,0,1,0,0,2,"2010, 2014",https://en.wikipedia.org/wiki/Maicon_Sisenando
5761,P-14080,Maier,Sepp,1944-02-28,0,1,0,0,0,4,"1966, 1970, 1974, 1978",https://en.wikipedia.org/wiki/Sepp_Maier
5764,P-36074,Maisonneuve,Brian,1973-06-28,0,0,0,1,0,1,1998,https://en.wikipedia.org/wiki/Brian_Maisonneuve
5766,P-13151,Majdan,Radosław,1972-05-10,0,1,0,0,0,1,2002,https://en.wikipedia.org/wiki/Rados%C5%82aw_Majdan
5768,P-64353,Majer,Lovro,1998-01-17,0,0,0,1,0,1,2022,https://en.wikipedia.org/wiki/Lovro_Majer
5769,P-01165,Majewski,Stefan,1956-01-31,0,0,1,0,0,2,"1982, 1986",https://en.wikipedia.org/wiki/Stefan_Majewski
5771,P-64478,Makanaky,Cyrille,1965-06-28,0,0,0,1,0,1,1990,https://en.wikipedia.org/wiki/Cyrille_Makanaky
5772,P-93048,Makélélé,Claude,1973-02-18,0,0,0,1,0,2,"2002, 2006",https://en.wikipedia.org/wiki/Claude_Mak%C3%A9l%C3%A9l%C3%A9
5775,P-17506,Maki,Seiichiro,1980-08-07,0,0,0,0,1,1,2006,https://en.wikipedia.org/wiki/Seiichiro_Maki
5776,P-76596,Makino,Tomoaki,1987-05-11,0,0,1,0,0,1,2018,https://en.wikipedia.org/wiki/Tomoaki_Makino
5777,P-67012,Makoun,Jean,1983-05-29,0,0,0,1,0,2,"2010, 2014",https://en.wikipedia.org/wiki/Jean_Makoun
5778,P-89598,Maksimović,Nemanja,1995-01-26,0,0,0,1,0,1,2022,https://en.wikipedia.org/wiki/Nemanja_Maksimovi%C4%87
5779,P-27837,Maku,Mayanga,1948-10-31,0,0,0,0,1,1,1974,https://en.wikipedia.org/wiki/Mayanga_Maku
5784,P-06565,Malcolm,Stephen,1970-05-02,0,0,1,0,0,1,1998,https://en.wikipedia.org/wiki/Stephen_Malcolm
5785,P-30806,Malcolmson,Sam,1948-04-02,0,0,1,0,0,1,1982,https://en.wikipedia.org/wiki/Sam_Malcolmson
5786,P-84137,Maldera,Aldo,1953-10-14,0,0,1,0,0,1,1978,https://en.wikipedia.org/wiki/Aldo_Maldera
5788,P-43222,Maldini,Paolo,1968-06-26,0,0,1,0,0,4,"1990, 1994, 1998, 2002",https://en.wikipedia.org/wiki/Paolo_Maldini
5791,P-50303,Malick Diop,Pape,1974-12-29,0,0,1,0,0,1,2002,https://en.wikipedia.org/wiki/Pape_Malick_Diop
5792,P-21511,Malm,Robert,1973-08-21,0,0,0,0,1,1,2006,https://en.wikipedia.org/wiki/Robert_Malm
5793,P-83456,Malofeyev,Eduard,1942-06-02,0,0,0,0,1,1,1966,https://en.wikipedia.org/wiki/Eduard_Malofeyev
5794,P-18830,Malouda,Florent,1980-06-13,0,0,0,1,0,2,"2006, 2010",https://en.wikipedia.org/wiki/Florent_Malouda
5795,P-64688,Malpas,Maurice,1962-08-03,0,0,1,0,0,2,"1986, 1990",https://en.wikipedia.org/wiki/Maurice_Malpas
5796,P-64772,Mamam,Chérif Touré,1978-01-13,0,0,0,1,0,1,2006,https://en.wikipedia.org/wiki/Ch%C3%A9rif_Tour%C3%A9_Mamam
5797,P-71884,Mamat,Suat,1930-11-08,0,0,0,0,1,1,1954,https://en.wikipedia.org/wiki/Suat_Mamat
5800,P-57731,Mamuwene,Mana,1947-10-10,0,0,0,1,0,1,1974,https://en.wikipedia.org/wiki/Mana_Mamuwene
5801,P-03441,Mamykin,Aleksei,1936-02-29,0,0,0,0,1,1,1962,https://en.wikipedia.org/wiki/Aleksei_Mamykin
5805,P-93732,Mancuso,Alejandro,1968-09-04,0,0,0,1,0,1,1994,https://en.wikipedia.org/wiki/Alejandro_Mancuso
5806,P-69594,Mandanda,Steve,1985-03-28,0,1,0,0,0,3,"2010, 2018, 2022",https://en.wikipedia.org/wiki/Steve_Mandanda
5808,P-58383,Mandi,Aïssa,1991-10-22,0,0,1,0,0,1,2014,https://en.wikipedia.org/wiki/A%C3%AFssa_Mandi
5811,P-25745,Mandžukić,Mario,1986-05-21,0,0,0,0,1,2,"2014, 2018",https://en.wikipedia.org/wiki/Mario_Mand%C5%BEuki%C4%87
5812,P-79299,Mané,Sadio,1992-04-10,0,0,0,0,1,1,2018,https://en.wikipedia.org/wiki/Sadio_Man%C3%A9
5813,P-99436,Maneca,not applicable,1926-01-28,0,0,0,0,1,1,1950,https://en.wikipedia.org/wiki/Manuel_Marinho_Alves
5814,P-40429,Maneiro,Ildo,1947-08-04,0,0,0,1,0,1,1970,https://en.wikipedia.org/wiki/Ildo_Maneiro
5820,P-96319,Maniatis,Giannis,1986-10-12,0,0,0,1,0,1,2014,https://en.wikipedia.org/wiki/Giannis_Maniatis
5822,P-17581,Maniche,not applicable,1977-11-11,0,0,0,1,0,1,2006,https://en.wikipedia.org/wiki/Maniche
5826,P-71516,Mannion,Wilf,1918-05-16,0,0,0,0,1,1,1950,https://en.wikipedia.org/wiki/Wilf_Mannion
5828,P-23816,Manolas,Kostas,1991-06-14,0,0,1,0,0,1,2014,https://en.wikipedia.org/wiki/Kostas_Manolas
5829,P-43850,Manolas,Stelios,1961-07-13,0,0,1,0,0,1,1994,https://en.wikipedia.org/wiki/Stelios_Manolas
5830,P-61411,Manolo,not applicable,1965-01-17,0,0,0,0,1,1,1990,"https://en.wikipedia.org/wiki/Manolo_(footballer,_born_1965)"
5832,P-41133,Mansız,İlhan,1975-08-10,0,0,0,0,1,1,2002,https://en.wikipedia.org/wiki/%C4%B0lhan_Mans%C4%B1z
5834,P-63564,Mansouri,Faouzi,1956-01-17,0,0,1,0,0,2,"1982, 1986",https://en.wikipedia.org/wiki/Faouzi_Mansouri
5836,P-62874,Mansourian,Alireza,1971-12-12,0,0,0,1,0,1,1998,https://en.wikipedia.org/wiki/Alireza_Mansourian
5838,P-49087,Mantantu,Kidumu,1946-11-17,0,0,0,1,0,1,1974,https://en.wikipedia.org/wiki/Kidumu_Mantantu
5839,P-11707,Mantegazza,Walter,1952-06-17,0,0,0,1,0,1,1974,https://en.wikipedia.org/wiki/Walter_Mantegazza
5841,P-86226,Mantorras,not applicable,1982-03-18,0,0,0,0,1,1,2006,https://en.wikipedia.org/wiki/Mantorras
5843,P-81444,Manuel,Carlos,1958-01-15,0,0,0,1,0,1,1986,https://en.wikipedia.org/wiki/Carlos_Manuel
5845,P-98965,Manzano,Mauricio,1943-09-30,0,0,1,0,0,1,1970,https://en.wikipedia.org/wiki/Mauricio_Manzano
5847,P-32373,Manzo,Rodolfo,1949-06-05,0,0,1,0,0,1,1978,https://en.wikipedia.org/wiki/Rodolfo_Manzo
5848,P-22470,Manzur,Julio César,1981-01-22,0,0,1,0,0,1,2006,https://en.wikipedia.org/wiki/Julio_C%C3%A9sar_Manzur
5851,P-33765,Maradiaga,Ramón,1954-10-30,0,0,0,1,0,1,1982,https://en.wikipedia.org/wiki/Ram%C3%B3n_Maradiaga
5852,P-80404,Maradona,Diego,1960-10-30,0,0,0,1,0,4,"1982, 1986, 1990, 1994",https://en.wikipedia.org/wiki/Diego_Maradona
5853,P-83956,Marangos,Spiros,1967-02-20,0,0,0,1,0,1,1994,https://en.wikipedia.org/wiki/Spiros_Marangos
5855,P-28376,Marashliev,Dimitar,1947-08-31,0,0,0,0,1,1,1970,https://en.wikipedia.org/wiki/Dimitar_Marashliev
5859,P-50273,Marcelino,not applicable,1955-08-13,0,0,1,0,0,1,1978,https://en.wikipedia.org/wiki/Marcelino_P%C3%A9rez
5860,P-70650,Marcelo,not applicable,1988-05-12,0,0,1,0,0,2,"2014, 2018","https://en.wikipedia.org/wiki/Marcelo_(footballer,_born_1988)"
5862,P-93900,Marchegiani,Luca,1966-02-22,0,1,0,0,0,1,1994,https://en.wikipedia.org/wiki/Luca_Marchegiani
5863,P-15314,Marchena,Carlos,1979-07-31,0,0,1,0,0,2,"2006, 2010",https://en.wikipedia.org/wiki/Carlos_Marchena
5864,P-37790,Marchena,Héctor,1965-01-04,0,0,1,0,0,1,1990,https://en.wikipedia.org/wiki/H%C3%A9ctor_Marchena
5865,P-30116,Marchetti,Federico,1983-02-07,0,1,0,0,0,1,2010,https://en.wikipedia.org/wiki/Federico_Marchetti
5867,P-37848,Marchisio,Claudio,1986-01-19,0,0,0,1,0,2,"2010, 2014",https://en.wikipedia.org/wiki/Claudio_Marchisio
5870,P-64377,Marcos,not applicable,1973-08-04,0,1,0,0,0,1,2002,https://en.wikipedia.org/wiki/Marcos_Roberto_Silveira_Reis
5871,P-83441,Marcos,Rubén,1942-12-06,0,0,0,1,0,1,1966,https://en.wikipedia.org/wiki/Rub%C3%A9n_Marcos
5874,P-63929,Margairaz,Xavier,1984-01-17,0,0,0,1,0,1,2006,https://en.wikipedia.org/wiki/Xavier_Margairaz
5875,P-08453,Margas,Javier,1969-05-10,0,0,1,0,0,1,1998,https://en.wikipedia.org/wiki/Javier_Margas
5878,P-84648,Marić,Enver,1948-04-23,0,1,0,0,0,1,1974,https://en.wikipedia.org/wiki/Enver_Mari%C4%87
5879,P-18926,Marić,Silvio,1975-03-20,0,0,0,1,0,1,1998,https://en.wikipedia.org/wiki/Silvio_Mari%C4%87
5880,P-97093,Marin,Marko,1989-03-13,0,0,0,1,0,1,2010,https://en.wikipedia.org/wiki/Marko_Marin
5881,P-50749,Marín,Luis,1974-08-10,0,0,1,0,0,2,"2002, 2006",https://en.wikipedia.org/wiki/Luis_Mar%C3%ADn_Murillo
5885,P-83210,Mariner,Paul,1953-05-22,0,0,0,0,1,1,1982,https://en.wikipedia.org/wiki/Paul_Mariner
5886,P-66588,Marinescu,Lucian,1972-06-24,0,0,0,1,0,1,1998,https://en.wikipedia.org/wiki/Lucian_Marinescu
5888,P-06193,Marini,Giampiero,1951-02-25,0,0,0,1,0,1,1982,https://en.wikipedia.org/wiki/Giampiero_Marini
5889,P-31133,Mário,João,1993-01-19,0,0,0,1,0,2,"2018, 2022","https://en.wikipedia.org/wiki/Jo%C3%A3o_M%C3%A1rio_(footballer,_born_January_1993)"
5890,P-60582,Mariona,Salvador,1943-12-16,0,0,1,0,0,1,1970,https://en.wikipedia.org/wiki/Salvador_Mariona
5897,P-75929,Marjanović,Blagoje,1907-09-09,0,0,0,0,1,1,1930,https://en.wikipedia.org/wiki/Blagoje_Marjanovi%C4%87
5902,P-62546,Markov,Aleksandar,1961-08-17,0,0,1,0,0,1,1986,https://en.wikipedia.org/wiki/Aleksandar_Markov
5903,P-07363,Markov,Plamen,1957-09-11,0,0,0,1,0,1,1986,https://en.wikipedia.org/wiki/Plamen_Markov
5907,P-16403,Maroc,Karim,1958-03-05,0,0,0,1,0,2,"1982, 1986",https://en.wikipedia.org/wiki/Karim_Maroc
5911,P-40794,Marques,Rui,1977-09-03,0,0,1,0,0,1,2006,https://en.wikipedia.org/wiki/Rui_Marques
5912,P-44763,Márquez,Rafael,1979-02-13,0,0,1,0,0,5,"2002, 2006, 2010, 2014, 2018",https://en.wikipedia.org/wiki/Rafael_M%C3%A1rquez
5913,P-76060,Marquinhos,not applicable,1994-05-14,0,0,1,0,0,2,"2018, 2022",https://en.wikipedia.org/wiki/Marquinhos
5914,P-62028,Marschall,Olaf,1966-03-19,0,0,0,0,1,1,1998,https://en.wikipedia.org/wiki/Olaf_Marschall
5921,P-29522,Martin,Alvin,1958-07-29,0,0,1,0,0,1,1986,https://en.wikipedia.org/wiki/Alvin_Martin
5923,P-49482,Martín,Henry,1992-11-18,0,0,0,0,1,1,2022,https://en.wikipedia.org/wiki/Henry_Mart%C3%ADn
5924,P-70483,Martinelli,Gabriel,2001-06-18,0,0,0,0,1,1,2022,https://en.wikipedia.org/wiki/Gabriel_Martinelli
5926,P-39281,Martínez,Carlos,1999-03-30,0,0,1,0,0,1,2022,"https://en.wikipedia.org/wiki/Carlos_Mart%C3%ADnez_(footballer,_born_1999)"
5927,P-13162,Martínez,Emiliano,1992-09-02,0,1,0,0,0,1,2022,https://en.wikipedia.org/wiki/Emiliano_Mart%C3%ADnez
5930,P-32696,Martínez,Gilberto,1979-10-01,0,0,1,0,0,2,"2002, 2006",https://en.wikipedia.org/wiki/Gilberto_Mart%C3%ADnez
5931,P-01068,Martínez,Jackson,1986-10-03,0,0,0,0,1,1,2014,https://en.wikipedia.org/wiki/Jackson_Mart%C3%ADnez
5932,P-05758,Martínez,Javi,1988-09-02,0,0,0,1,0,2,"2010, 2014",https://en.wikipedia.org/wiki/Javi_Mart%C3%ADnez
5933,P-64464,Martínez,Jesús,1952-06-07,0,0,1,0,0,1,1978,https://en.wikipedia.org/wiki/Jes%C3%BAs_Mart%C3%ADnez_(footballer)
5934,P-49544,Martínez,Juan Ramón,1948-04-20,0,0,0,1,0,1,1970,https://en.wikipedia.org/wiki/Juan_Ram%C3%B3n_Mart%C3%ADnez_(footballer)
5935,P-81505,Martínez,Lautaro,1997-08-22,0,0,0,0,1,1,2022,https://en.wikipedia.org/wiki/Lautaro_Mart%C3%ADnez
5936,P-23070,Martínez,Lisandro,1998-01-18,0,0,1,0,0,1,2022,https://en.wikipedia.org/wiki/Lisandro_Mart%C3%ADnez
5937,P-05369,Martínez,Mario,1989-07-30,0,0,0,1,0,1,2014,"https://en.wikipedia.org/wiki/Mario_Mart%C3%ADnez_(footballer,_born_1989)"
5940,P-97602,Martínez,Sergio,1969-02-15,0,0,0,0,1,1,1990,https://en.wikipedia.org/wiki/Sergio_Daniel_Mart%C3%ADnez
5941,P-88160,Martínez,Walter,1982-03-29,0,0,0,0,1,1,2010,"https://en.wikipedia.org/wiki/Walter_Mart%C3%ADnez_(footballer,_born_1982)"
5943,P-63951,Martins,Gelson,1995-05-11,0,0,0,0,1,1,2018,https://en.wikipedia.org/wiki/Gelson_Martins
5946,P-52510,Martins,Obafemi,1984-10-28,0,0,0,0,1,1,2010,https://en.wikipedia.org/wiki/Obafemi_Martins
5947,P-69329,Martins Indi,Bruno,1992-02-08,0,0,1,0,0,1,2014,https://en.wikipedia.org/wiki/Bruno_Martins_Indi
5949,P-70353,Martos,Győző,1949-12-15,0,0,1,0,0,2,"1978, 1982",https://en.wikipedia.org/wiki/Gy%C5%91z%C5%91_Martos
5958,P-77063,Mascherano,Javier,1984-06-08,0,0,1,1,0,4,"2006, 2010, 2014, 2018",https://en.wikipedia.org/wiki/Javier_Mascherano
5960,P-60620,Maschinot,André,1903-06-28,0,0,0,0,1,1,1930,https://en.wikipedia.org/wiki/Andr%C3%A9_Maschinot
5962,P-88346,Mašek,Václav,1941-03-21,0,0,0,0,1,1,1962,https://en.wikipedia.org/wiki/V%C3%A1clav_Ma%C5%A1ek
5964,P-37930,Masilela,Tsepo,1985-05-05,0,0,1,0,0,1,2010,https://en.wikipedia.org/wiki/Tsepo_Masilela
5965,P-05915,Masinga,Phil,1969-06-28,0,0,0,0,1,1,1998,https://en.wikipedia.org/wiki/Phil_Masinga
5969,P-32274,Masnik,Juan Carlos,1943-03-02,0,0,1,0,0,1,1974,https://en.wikipedia.org/wiki/Juan_Carlos_Masnik
5970,P-81007,Masný,Marián,1950-08-13,0,0,0,0,1,1,1982,https://en.wikipedia.org/wiki/Mari%C3%A1n_Masn%C3%BD
5971,P-37610,Masopust,Josef,1931-02-09,0,0,0,1,0,2,"1958, 1962",https://en.wikipedia.org/wiki/Josef_Masopust
5973,P-33367,Massad,Mohammad,1983-02-17,0,0,1,0,0,1,2006,https://en.wikipedia.org/wiki/Mohammad_Massad
5974,P-01597,Massamba,Kilasu,1950-12-22,0,0,0,1,0,1,1974,https://en.wikipedia.org/wiki/Kilasu_Massamba
5975,P-31072,Massaro,Daniele,1961-05-23,0,0,0,0,1,2,"1982, 1994",https://en.wikipedia.org/wiki/Daniele_Massaro
5976,P-31657,Massing,Benjamin,1962-06-20,0,0,1,0,0,1,1990,https://en.wikipedia.org/wiki/Benjamin_Massing
5977,P-58552,Masson,Don,1946-08-26,0,0,0,1,0,1,1978,https://en.wikipedia.org/wiki/Don_Masson
5978,P-58649,Mastroeni,Pablo,1976-08-29,0,0,1,1,0,2,"2002, 2006",https://en.wikipedia.org/wiki/Pablo_Mastroeni
5979,P-65840,Maszczyk,Zygmunt,1945-05-03,0,0,0,1,0,1,1974,https://en.wikipedia.org/wiki/Zygmunt_Maszczyk
5980,P-37521,Masztaler,Bohdan,1949-09-19,0,0,0,1,0,1,1978,https://en.wikipedia.org/wiki/Bohdan_Masztaler
5981,P-47597,Mata,Juan,1988-04-28,0,0,0,1,0,2,"2010, 2014",https://en.wikipedia.org/wiki/Juan_Mata
5982,P-37189,Matarrita,Rónald,1994-07-09,0,0,1,0,0,1,2022,https://en.wikipedia.org/wiki/R%C3%B3nald_Matarrita
5983,P-75538,Matavž,Tim,1989-01-13,0,0,0,0,1,1,2010,https://en.wikipedia.org/wiki/Tim_Matav%C5%BE
5984,P-37126,Materazzi,Marco,1973-08-19,0,0,1,0,0,2,"2002, 2006",https://en.wikipedia.org/wiki/Marco_Materazzi
5985,P-22865,Mateus,not applicable,1984-06-19,0,0,0,0,1,1,2006,https://en.wikipedia.org/wiki/Mateus_Galiano_da_Costa
5986,P-34184,Mateuț,Dorin,1965-08-05,0,0,0,1,0,1,1990,https://en.wikipedia.org/wiki/Dorin_Mateu%C8%9B
5990,P-40197,Mathijsen,Joris,1980-04-05,0,0,1,0,0,2,"2006, 2010",https://en.wikipedia.org/wiki/Joris_Mathijsen
5991,P-38074,Mathis,Clint,1976-11-25,0,0,0,0,1,1,2002,https://en.wikipedia.org/wiki/Clint_Mathis
5993,P-25989,Mathlouthi,Aymen,1984-09-14,0,1,0,0,0,2,"2018, 2022",https://en.wikipedia.org/wiki/Aymen_Mathlouthi
5994,P-66184,Matić,Nemanja,1988-08-01,0,0,0,1,0,1,2018,https://en.wikipedia.org/wiki/Nemanja_Mati%C4%87
5995,P-47974,Matip,Joël,1991-08-08,0,0,0,1,0,2,"2010, 2014",https://en.wikipedia.org/wiki/Jo%C3%ABl_Matip
5997,P-63647,Matmour,Karim,1985-06-25,0,0,0,0,1,1,2010,https://en.wikipedia.org/wiki/Karim_Matmour
5998,P-83747,Matosas,Roberto,1940-05-11,0,0,1,0,0,1,1970,https://en.wikipedia.org/wiki/Roberto_Matosas
6001,P-21222,Matsuda,Naoki,1977-03-14,0,0,1,0,0,1,2002,https://en.wikipedia.org/wiki/Naoki_Matsuda
6002,P-03497,Matsui,Daisuke,1981-05-11,0,0,0,0,1,1,2010,https://en.wikipedia.org/wiki/Daisuke_Matsui
6003,P-49502,Matthäus,Lothar,1961-03-21,0,0,1,1,0,5,"1982, 1986, 1990, 1994, 1998",https://en.wikipedia.org/wiki/Lothar_Matth%C3%A4us
6008,P-04964,Matuidi,Blaise,1987-04-09,0,0,0,1,0,2,"2014, 2018",https://en.wikipedia.org/wiki/Blaise_Matuidi
6011,P-02493,Matysik,Waldemar,1961-09-27,0,0,0,1,0,2,"1982, 1986",https://en.wikipedia.org/wiki/Waldemar_Matysik
6018,P-98143,Mavuba,Rio,1984-03-08,0,0,0,1,0,1,2014,https://en.wikipedia.org/wiki/Rio_Mavuba
6019,P-47180,Maxwell,not applicable,1981-08-27,0,0,1,0,0,1,2014,"https://en.wikipedia.org/wiki/Maxwell_(footballer,_born_1981)"
6025,P-65991,Mayouf,Abdullah,1953-12-03,0,0,1,0,0,1,1982,https://en.wikipedia.org/wiki/Abdullah_Mayouf
6027,P-78793,Mazinho,not applicable,1966-04-08,0,0,1,1,0,2,"1990, 1994",https://en.wikipedia.org/wiki/Mazinho
6028,P-09614,Mazraoui,Noussair,1997-11-14,0,0,1,0,0,1,2022,https://en.wikipedia.org/wiki/Noussair_Mazraoui
6029,P-60895,Mazur,Włodzimierz,1954-04-18,0,0,0,0,1,1,1978,https://en.wikipedia.org/wiki/W%C5%82odzimierz_Mazur
6030,P-53140,Mazurkiewicz,Ladislao,1945-02-14,0,1,0,0,0,3,"1966, 1970, 1974",https://en.wikipedia.org/wiki/Ladislao_Mazurkiewicz
6031,P-91195,Mazzola,Sandro,1942-11-08,0,0,0,1,1,3,"1966, 1970, 1974",https://en.wikipedia.org/wiki/Sandro_Mazzola
6035,P-64077,Mbappé,Kylian,1998-12-20,0,0,0,0,1,2,"2018, 2022",https://en.wikipedia.org/wiki/Kylian_Mbapp%C3%A9
6037,P-39394,Mbeumo,Bryan,1999-08-07,0,0,0,0,1,1,2022,https://en.wikipedia.org/wiki/Bryan_Mbeumo
6038,P-48783,Mbia,Stéphane,1986-05-20,0,0,1,1,0,2,"2010, 2014",https://en.wikipedia.org/wiki/St%C3%A9phane_Mbia
6043,P-12458,Mbouh,Émile,1966-05-30,0,0,0,1,0,2,"1990, 1994",https://en.wikipedia.org/wiki/%C3%89mile_Mbouh
6045,P-15705,McAteer,Jason,1971-06-18,0,0,0,1,0,2,"1994, 2002",https://en.wikipedia.org/wiki/Jason_McAteer
6046,P-31710,McAvennie,Frank,1959-11-22,0,0,0,0,1,1,1986,https://en.wikipedia.org/wiki/Frank_McAvennie
6047,P-60597,McBride,Brian,1972-06-19,0,0,0,0,1,3,"1998, 2002, 2006",https://en.wikipedia.org/wiki/Brian_McBride
6049,P-49470,McCall,Stuart,1964-06-10,0,0,0,1,0,1,1990,https://en.wikipedia.org/wiki/Stuart_McCall
6051,P-59298,McCarthy,Benni,1977-11-12,0,0,0,0,1,2,"1998, 2002",https://en.wikipedia.org/wiki/Benni_McCarthy
6052,P-08289,McCarthy,Mick,1959-02-07,0,0,1,0,0,1,1990,https://en.wikipedia.org/wiki/Mick_McCarthy
6053,P-76981,McClelland,John,1955-12-07,0,0,1,0,0,2,"1982, 1986","https://en.wikipedia.org/wiki/John_McClelland_(footballer,_born_1955)"
6056,P-10580,McCoist,Ally,1962-09-24,0,0,0,0,1,1,1990,https://en.wikipedia.org/wiki/Ally_McCoist
6059,P-99050,McCreery,David,1957-09-16,0,0,0,1,0,2,"1982, 1986",https://en.wikipedia.org/wiki/David_McCreery
6062,P-98708,McDonald,Alan,1963-10-12,0,0,1,0,0,1,1986,https://en.wikipedia.org/wiki/Alan_McDonald_(Northern_Irish_footballer)
6067,P-65185,McGhee,Bart,1899-04-30,0,0,0,0,1,1,1930,https://en.wikipedia.org/wiki/Bart_McGhee
6070,P-95590,McGowan,Ryan,1989-08-15,0,0,1,0,0,1,2014,https://en.wikipedia.org/wiki/Ryan_McGowan
6071,P-66125,McGrain,Danny,1950-05-01,0,0,1,0,0,2,"1974, 1982",https://en.wikipedia.org/wiki/Danny_McGrain
6072,P-96122,McGrath,Paul,1959-12-04,0,0,1,0,0,2,"1990, 1994",https://en.wikipedia.org/wiki/Paul_McGrath_(footballer)
6073,P-51406,McGree,Riley,1998-11-02,0,0,0,1,0,1,2022,https://en.wikipedia.org/wiki/Riley_McGree
6075,P-32829,McIlroy,Sammy,1954-08-02,0,0,0,1,1,2,"1982, 1986",https://en.wikipedia.org/wiki/Sammy_McIlroy
6077,P-34150,McInally,Alan,1963-02-10,0,0,0,0,1,1,1990,https://en.wikipedia.org/wiki/Alan_McInally
6078,P-93567,McKay,Matt,1983-01-11,0,0,0,1,0,1,2014,https://en.wikipedia.org/wiki/Matt_McKay
6079,P-68952,McKennie,Weston,1998-08-28,0,0,0,1,0,1,2022,https://en.wikipedia.org/wiki/Weston_McKennie
6080,P-76645,McKimmie,Stewart,1962-10-27,0,0,1,0,0,1,1990,https://en.wikipedia.org/wiki/Stewart_McKimmie
6081,P-02421,McKinlay,Billy,1969-04-22,0,0,0,1,0,1,1998,https://en.wikipedia.org/wiki/Billy_McKinlay
6082,P-39255,McKinlay,Tosh,1964-12-03,0,0,1,0,0,1,1998,https://en.wikipedia.org/wiki/Tosh_McKinlay
6085,P-53843,McLeish,Alex,1959-01-21,0,0,1,0,0,3,"1982, 1986, 1990",https://en.wikipedia.org/wiki/Alex_McLeish
6087,P-87036,McLoughlin,Alan,1967-04-20,0,0,0,1,0,2,"1990, 1994",https://en.wikipedia.org/wiki/Alan_McLoughlin
6088,P-27404,McMahon,Steve,1961-08-20,0,0,0,1,0,1,1990,https://en.wikipedia.org/wiki/Steve_McMahon
6089,P-03532,McManaman,Steve,1972-02-11,0,0,0,1,0,1,1998,https://en.wikipedia.org/wiki/Steve_McManaman
6095,P-95707,McNamara,Jackie,1973-10-24,0,0,0,1,0,1,1998,https://en.wikipedia.org/wiki/Jackie_McNamara
6096,P-77851,McParland,Peter,1934-04-25,0,0,0,0,1,1,1958,https://en.wikipedia.org/wiki/Peter_McParland
6097,P-95626,McPherson,David,1964-01-28,0,0,1,0,0,1,1990,https://en.wikipedia.org/wiki/Dave_McPherson_(footballer)
6100,P-42726,McStay,Paul,1964-10-22,0,0,0,1,0,2,"1986, 1990",https://en.wikipedia.org/wiki/Paul_McStay
6102,P-34536,Meazza,Giuseppe,1910-08-23,0,0,0,1,0,2,"1934, 1938",https://en.wikipedia.org/wiki/Giuseppe_Meazza
6105,P-49014,Medel,Gary,1987-08-03,0,0,1,0,0,2,"2010, 2014",https://en.wikipedia.org/wiki/Gary_Medel
6106,P-02273,Medford,Hernán,1968-05-23,0,0,0,1,1,2,"1990, 2002",https://en.wikipedia.org/wiki/Hern%C3%A1n_Medford
6111,P-16961,Medina Bello,Ramón,1966-04-29,0,0,0,0,1,1,1994,https://en.wikipedia.org/wiki/Ram%C3%B3n_Medina_Bello
6112,P-52965,Medjadi Liegeon,Abdellah,1957-12-01,0,0,1,0,0,1,1986,https://en.wikipedia.org/wiki/Abdellah_Liegeon
6113,P-21704,Medjani,Carl,1985-05-15,0,0,1,0,0,2,"2010, 2014",https://en.wikipedia.org/wiki/Carl_Medjani
6114,P-34727,Medunjanin,Haris,1985-03-08,0,0,0,1,0,1,2014,https://en.wikipedia.org/wiki/Haris_Medunjanin
6115,P-72736,Medved,Dirk,1968-06-15,0,0,1,0,0,1,1994,https://en.wikipedia.org/wiki/Dirk_Medved
6116,P-90482,Medwin,Terry,1932-09-25,0,0,0,0,1,1,1958,https://en.wikipedia.org/wiki/Terry_Medwin
6118,P-27206,Meer,Eissa,1967-07-16,0,0,1,0,0,1,1990,https://en.wikipedia.org/wiki/Eissa_Meer
6119,P-99834,Meer,Ibrahim,1967-07-16,0,0,1,0,0,1,1990,https://en.wikipedia.org/wiki/Ibrahim_Meer
6121,P-86900,Meeuws,Walter,1951-07-11,0,0,1,0,0,1,1982,https://en.wikipedia.org/wiki/Walter_Meeuws
6125,P-80405,Megharia,Fodil,1961-05-23,0,0,1,0,0,1,1986,https://en.wikipedia.org/wiki/Fodil_Megharia
6126,P-51579,Mehmedi,Admir,1991-03-16,0,0,0,0,1,1,2014,https://en.wikipedia.org/wiki/Admir_Mehmedi
6130,P-53943,Meira,Fernando,1978-06-05,0,0,1,0,0,1,2006,https://en.wikipedia.org/wiki/Fernando_Meira
6131,P-88101,Meireles,Raul,1983-03-17,0,0,0,1,0,2,"2010, 2014",https://en.wikipedia.org/wiki/Raul_Meireles
6132,P-12127,Méïté,Abdoulaye,1980-10-06,0,0,1,0,0,1,2006,https://en.wikipedia.org/wiki/Abdoulaye_M%C3%A9%C3%AFt%C3%A9
6133,P-48887,Mejbri,Hannibal,2003-01-21,0,0,0,1,0,1,2022,https://en.wikipedia.org/wiki/Hannibal_Mejbri
6134,P-01538,Mejía,Alexander,1988-07-11,0,0,0,1,0,1,2014,https://en.wikipedia.org/wiki/Alexander_Mej%C3%ADa
6136,P-59235,Melgar,José Milton,1959-09-20,0,0,0,1,0,1,1994,https://en.wikipedia.org/wiki/Jos%C3%A9_Milton_Melgar
6137,P-55272,Melić,Vojislav,1940-01-05,0,0,0,1,0,1,1962,https://en.wikipedia.org/wiki/Vojislav_Meli%C4%87
6139,P-00668,Melki,Mourad,1975-05-09,0,0,0,1,1,2,"1998, 2002",https://en.wikipedia.org/wiki/Mourad_Melki
6140,P-59295,Mellberg,Bror,1923-12-09,0,0,0,0,1,2,"1950, 1958",https://en.wikipedia.org/wiki/Bror_Mellberg
6141,P-06256,Mellberg,Olof,1977-09-03,0,0,1,0,0,2,"2002, 2006",https://en.wikipedia.org/wiki/Olof_Mellberg
6144,P-58840,Melo,Felipe,1983-08-26,0,0,0,1,0,1,2010,https://en.wikipedia.org/wiki/Felipe_Melo
6147,P-09990,Mena,Eugenio,1988-07-18,0,0,1,0,0,1,2014,https://en.wikipedia.org/wiki/Eugenio_Mena
6149,P-08861,Menad,Djamel,1960-07-22,0,0,0,0,1,1,1986,https://en.wikipedia.org/wiki/Djamel_Menad
6151,P-87003,Mendes,Nuno,2002-06-19,0,0,1,0,0,1,2022,"https://en.wikipedia.org/wiki/Nuno_Mendes_(footballer,_born_2002)"
6152,P-47801,Mendes,Pedro,1979-02-26,0,0,0,1,0,1,2010,"https://en.wikipedia.org/wiki/Pedro_Mendes_(footballer,_born_1979)"
6153,P-42534,Méndez,Édison,1979-03-16,0,0,0,1,1,3,"2002, 2006, 2014",https://en.wikipedia.org/wiki/%C3%89dison_M%C3%A9ndez
6154,P-17321,Méndez,Gustavo,1971-02-03,0,0,1,0,0,1,2002,https://en.wikipedia.org/wiki/Gustavo_M%C3%A9ndez
6156,P-77467,Méndez,Mario,1979-06-01,0,0,1,0,0,1,2006,https://en.wikipedia.org/wiki/Mario_M%C3%A9ndez_(Mexican_footballer)
6159,P-56839,Méndez,Sebas,1997-04-26,0,0,0,1,0,1,2022,https://en.wikipedia.org/wiki/Sebas_M%C3%A9ndez
6160,P-55432,Méndez,Sergio,1942-02-14,0,0,0,1,0,1,1970,https://en.wikipedia.org/wiki/Sergio_M%C3%A9ndez
6162,P-37161,Mendieta,Gaizka,1974-03-27,0,0,0,1,0,1,2002,https://en.wikipedia.org/wiki/Gaizka_Mendieta
6163,P-55869,Mendizábal,Guillermo,1954-10-08,0,0,0,1,0,1,1978,https://en.wikipedia.org/wiki/Guillermo_Mendiz%C3%A1bal
6164,P-23407,Mendonça,Jorge,1954-06-06,0,0,0,0,1,1,1978,"https://en.wikipedia.org/wiki/Jorge_Mendon%C3%A7a_(footballer,_born_1954)"
6165,P-74131,Mendonça,not applicable,1982-10-09,0,0,0,1,0,1,2006,https://en.wikipedia.org/wiki/Ant%C3%B3nio_Mendon%C3%A7a
6166,P-33086,Mendoza,Alexis,1961-11-08,0,0,1,0,0,2,"1990, 1994",https://en.wikipedia.org/wiki/Alexis_Mendoza
6167,P-97522,Mendoza,Alfredo,1963-12-31,0,0,0,0,1,1,1986,https://en.wikipedia.org/wiki/Alfredo_Mendoza
6168,P-07624,Mendoza,Sergio,1981-05-23,0,0,1,0,0,1,2010,https://en.wikipedia.org/wiki/Sergio_Mendoza
6169,P-71816,Mendy,Benjamin,1994-07-17,0,0,1,0,0,1,2018,https://en.wikipedia.org/wiki/Benjamin_Mendy
6170,P-45399,Mendy,Édouard,1992-03-01,0,1,0,0,0,1,2022,https://en.wikipedia.org/wiki/%C3%89douard_Mendy
6172,P-96697,Mendy,Nampalys,1992-06-23,0,0,0,1,0,1,2022,https://en.wikipedia.org/wiki/Nampalys_Mendy
6175,P-98280,Menéndez,Norberto,1936-12-14,0,0,0,0,1,1,1958,https://en.wikipedia.org/wiki/Norberto_Men%C3%A9ndez
6178,P-28517,Mensah,Gideon,1998-07-18,0,0,1,0,0,1,2022,"https://en.wikipedia.org/wiki/Gideon_Mensah_(footballer,_born_1998)"
6179,P-29967,Mensah,John,1982-11-29,0,0,1,0,0,2,"2006, 2010",https://en.wikipedia.org/wiki/John_Mensah
6180,P-93750,Mensah,Jonathan,1990-07-13,0,0,1,0,0,2,"2010, 2014",https://en.wikipedia.org/wiki/Jonathan_Mensah
6184,P-43736,Meola,Tony,1969-02-21,0,1,0,0,0,3,"1990, 1994, 2002",https://en.wikipedia.org/wiki/Tony_Meola
6185,P-74888,Mepham,Chris,1997-11-05,0,0,1,0,0,1,2022,https://en.wikipedia.org/wiki/Chris_Mepham
6186,P-32508,Mercado,Gabriel,1987-03-18,0,0,1,0,0,1,2018,https://en.wikipedia.org/wiki/Gabriel_Mercado
6189,P-87229,Mercado,Sigifredo,1968-12-21,0,0,0,1,0,1,2002,https://en.wikipedia.org/wiki/Sigifredo_Mercado
6191,P-81706,Meriah,Yassine,1993-07-02,0,0,1,0,0,2,"2018, 2022",https://en.wikipedia.org/wiki/Yassine_Meriah
6195,P-32922,Merry,Abdelkrim,1955-01-13,0,0,0,0,1,1,1986,https://en.wikipedia.org/wiki/Abdelkrim_Merry
6196,P-87575,Merry,Mustafa,1958-04-21,0,0,0,0,1,1,1986,https://en.wikipedia.org/wiki/Mustafa_Merry
6197,P-69168,Merson,Paul,1968-03-20,0,0,0,1,0,1,1998,https://en.wikipedia.org/wiki/Paul_Merson
6198,P-84852,Mertens,Dries,1987-05-06,0,0,0,0,1,3,"2014, 2018, 2022",https://en.wikipedia.org/wiki/Dries_Mertens
6199,P-02328,Mertesacker,Per,1984-09-29,0,0,1,0,0,3,"2006, 2010, 2014",https://en.wikipedia.org/wiki/Per_Mertesacker
6200,P-73411,Merzekane,Chaabane,1959-03-08,0,0,1,0,0,1,1982,https://en.wikipedia.org/wiki/Chaabane_Merzekane
6201,P-09059,Mesbah,Djamel,1984-10-09,0,0,1,0,0,2,"2010, 2014",https://en.wikipedia.org/wiki/Djamel_Mesbah
6207,P-14758,Messi,Lionel,1987-06-24,0,0,0,0,1,5,"2006, 2010, 2014, 2018, 2022",https://en.wikipedia.org/wiki/Lionel_Messi
6209,P-67438,Mészáros,Ferenc,1950-04-11,0,1,0,0,0,2,"1978, 1982","https://en.wikipedia.org/wiki/Ferenc_M%C3%A9sz%C3%A1ros_(footballer,_born_1950)"
6210,P-95637,Mészöly,Kálmán,1941-07-16,0,0,1,0,0,2,"1962, 1966",https://en.wikipedia.org/wiki/K%C3%A1lm%C3%A1n_M%C3%A9sz%C3%B6ly
6214,P-04065,Metzelder,Christoph,1980-11-05,0,0,1,0,0,2,"2002, 2006",https://en.wikipedia.org/wiki/Christoph_Metzelder
6216,P-22930,Meunier,Thomas,1991-09-12,0,0,1,1,0,2,"2018, 2022",https://en.wikipedia.org/wiki/Thomas_Meunier
6220,P-95278,Meza,Maximiliano,1992-12-15,0,0,0,1,0,1,2018,"https://en.wikipedia.org/wiki/Maximiliano_Meza_(footballer,_born_1992)"
6221,P-72780,Mhedhebi,Imed,1976-03-22,0,0,0,0,1,1,2002,https://en.wikipedia.org/wiki/Imed_Mhedhebi
6227,P-48925,Michel,Henri,1947-10-28,0,0,0,1,0,1,1978,https://en.wikipedia.org/wiki/Henri_Michel
6231,P-06498,Míchel,not applicable,1963-03-23,0,0,0,1,0,2,"1986, 1990","https://en.wikipedia.org/wiki/M%C3%ADchel_(footballer,_born_1963)"
6234,P-57906,Micoud,Johan,1973-07-24,0,0,0,1,0,1,2002,https://en.wikipedia.org/wiki/Johan_Micoud
6237,P-39336,Mifflin,Ramón,1947-04-05,0,0,0,1,0,1,1970,https://en.wikipedia.org/wiki/Ram%C3%B3n_Mifflin
6238,P-95896,Migas,Václav,1944-09-16,0,0,1,0,0,1,1970,https://en.wikipedia.org/wiki/V%C3%A1clav_Migas
6240,P-28497,Miguel,not applicable,1980-01-04,0,0,1,0,0,2,"2006, 2010",https://en.wikipedia.org/wiki/Miguel_Monteiro
6241,P-90350,Migueli,not applicable,1951-12-19,0,0,1,0,0,1,1978,https://en.wikipedia.org/wiki/Migueli
6242,P-18523,Míguez,Oscar,1927-12-05,0,0,0,0,1,2,"1950, 1954",https://en.wikipedia.org/wiki/Oscar_M%C3%ADguez
6243,P-95083,Mihailov,Atanas,1949-07-05,0,0,0,0,1,1,1974,https://en.wikipedia.org/wiki/Atanas_Mihailov
6246,P-04188,Mihajlović,Siniša,1969-02-20,0,0,1,0,0,1,1998,https://en.wikipedia.org/wiki/Sini%C5%A1a_Mihajlovi%C4%87
6247,P-81047,Mihali,Gheorghe,1965-12-09,0,0,1,0,0,1,1994,https://en.wikipedia.org/wiki/Gheorghe_Mihali
6248,P-94024,Mihaylov,Borislav,1963-02-12,0,1,0,0,0,3,"1986, 1994, 1998",https://en.wikipedia.org/wiki/Borislav_Mikhailov
6249,P-24215,Mihtarski,Petar,1966-07-15,0,0,0,0,1,1,1994,https://en.wikipedia.org/wiki/Petar_Mihtarski
6250,P-82329,Mijatović,Predrag,1969-01-19,0,0,0,0,1,1,1998,https://en.wikipedia.org/wiki/Predrag_Mijatovi%C4%87
6252,P-01164,Mikel,John Obi,1987-04-22,0,0,0,1,0,2,"2014, 2018",https://en.wikipedia.org/wiki/John_Obi_Mikel
6256,P-82387,Milar,Denis,1952-06-20,0,0,0,0,1,1,1974,https://en.wikipedia.org/wiki/Denis_Milar
6259,P-66178,Mild,Håkan,1971-06-14,0,0,0,1,0,1,1994,https://en.wikipedia.org/wiki/H%C3%A5kan_Mild
6261,P-57535,Milenković,Nikola,1997-10-12,0,0,1,0,0,2,"2018, 2022",https://en.wikipedia.org/wiki/Nikola_Milenkovi%C4%87
6262,P-69073,Milevskyi,Artem,1985-01-12,0,0,0,0,1,1,2006,https://en.wikipedia.org/wiki/Artem_Milevskyi
6263,P-39459,Milijaš,Nenad,1983-04-30,0,0,0,1,0,1,2010,https://en.wikipedia.org/wiki/Nenad_Milija%C5%A1
6264,P-12381,Milik,Arkadiusz,1994-02-28,0,0,0,0,1,2,"2018, 2022",https://en.wikipedia.org/wiki/Arkadiusz_Milik
6265,P-27744,Milinković-Savić,Sergej,1995-02-27,0,0,0,1,0,2,"2018, 2022",https://en.wikipedia.org/wiki/Sergej_Milinkovi%C4%87-Savi%C4%87
6266,P-24245,Milinković-Savić,Vanja,1997-02-20,0,1,0,0,0,1,2022,https://en.wikipedia.org/wiki/Vanja_Milinkovi%C4%87-Savi%C4%87
6267,P-84477,Milinovič,Željko,1969-10-12,0,0,1,0,0,1,2002,https://en.wikipedia.org/wiki/%C5%BDeljko_Milinovi%C4%8D
6269,P-55590,Militão,Éder,1998-01-18,0,0,1,0,0,1,2022,https://en.wikipedia.org/wiki/%C3%89der_Milit%C3%A3o
6270,P-28014,Milito,Diego,1979-06-12,0,0,0,0,1,1,2010,https://en.wikipedia.org/wiki/Diego_Milito
6271,P-91357,Milito,Gabriel,1980-09-07,0,0,1,0,0,1,2006,https://en.wikipedia.org/wiki/Gabriel_Milito
6272,P-44932,Milivojević,Luka,1991-04-07,0,0,0,1,0,1,2018,https://en.wikipedia.org/wiki/Luka_Milivojevi%C4%87
6274,P-58080,Milla,Roger,1952-05-20,0,0,0,0,1,3,"1982, 1990, 1994",https://en.wikipedia.org/wiki/Roger_Milla
6275,P-00809,Millar,Liam,1999-09-27,0,0,0,1,0,1,2022,https://en.wikipedia.org/wiki/Liam_Millar
6276,P-39840,Millar,Rodrigo,1981-11-03,0,0,0,1,0,1,2010,https://en.wikipedia.org/wiki/Rodrigo_Millar
6277,P-07663,Millecamps,Luc,1951-09-10,0,0,1,0,0,1,1982,https://en.wikipedia.org/wiki/Luc_Millecamps
6278,P-52742,Millecamps,Marc,1950-10-09,0,0,0,1,0,1,1982,https://en.wikipedia.org/wiki/Marc_Millecamps
6280,P-31806,Miller,Kamal,1997-05-16,0,0,1,0,0,1,2022,https://en.wikipedia.org/wiki/Kamal_Miller
6281,P-88814,Miller,Roy,1984-11-24,0,0,1,0,0,1,2014,https://en.wikipedia.org/wiki/Roy_Miller_(footballer)
6282,P-11356,Miller,Willie,1955-05-02,0,0,1,0,0,2,"1982, 1986",https://en.wikipedia.org/wiki/Willie_Miller
6283,P-36196,Milligan,Mark,1985-08-04,0,0,1,1,0,4,"2006, 2010, 2014, 2018",https://en.wikipedia.org/wiki/Mark_Milligan
6284,P-68164,Mills,Danny,1977-05-18,0,0,1,0,0,1,2002,https://en.wikipedia.org/wiki/Danny_Mills
6285,P-47197,Mills,Mick,1949-01-04,0,0,1,0,0,1,1982,https://en.wikipedia.org/wiki/Mick_Mills
6287,P-95616,Milner,James,1986-01-04,0,0,0,1,0,2,"2010, 2014",https://en.wikipedia.org/wiki/James_Milner
6288,P-48250,Milošević,Savo,1973-09-02,0,0,0,0,1,2,"1998, 2006",https://en.wikipedia.org/wiki/Savo_Milo%C5%A1evi%C4%87
6290,P-45235,Miloy,not applicable,1981-05-27,0,0,0,1,0,1,2006,https://en.wikipedia.org/wiki/Miloy
6292,P-00042,Milutinović,Miloš,1933-02-05,0,0,0,0,1,2,"1954, 1958",https://en.wikipedia.org/wiki/Milo%C5%A1_Milutinovi%C4%87
6294,P-14360,Min-jae,Kim,1996-11-15,0,0,1,0,0,1,2022,https://en.wikipedia.org/wiki/Kim_Min-jae_(footballer)
6296,P-43196,Mina,Yerry,1994-09-23,0,0,1,0,0,1,2018,https://en.wikipedia.org/wiki/Yerry_Mina
6297,P-97482,Miñambres,Felipe,1965-04-29,0,0,0,1,0,1,1994,https://en.wikipedia.org/wiki/Felipe_Mi%C3%B1ambres
6299,P-05559,Minamino,Takumi,1995-01-16,0,0,0,1,0,1,2022,https://en.wikipedia.org/wiki/Takumi_Minamino
6300,P-32369,Minavand,Mehrdad,1975-11-30,0,0,0,1,0,1,1998,https://en.wikipedia.org/wiki/Mehrdad_Minavand
6301,P-01933,Minda,Oswaldo,1983-07-26,0,0,0,1,0,1,2014,https://en.wikipedia.org/wiki/Oswaldo_Minda
6309,P-07892,Minou,Antonis,1958-05-04,0,1,0,0,0,1,1994,https://en.wikipedia.org/wiki/Antonis_Minou
6311,P-25209,Mirallas,Kevin,1987-10-05,0,0,0,1,0,1,2014,https://en.wikipedia.org/wiki/Kevin_Mirallas
6312,P-11064,Miranchuk,Aleksei,1995-10-17,0,0,0,1,0,1,2018,https://en.wikipedia.org/wiki/Aleksei_Miranchuk
6315,P-84301,Miranda,not applicable,1984-09-07,0,0,1,0,0,1,2018,"https://en.wikipedia.org/wiki/Miranda_(footballer,_born_1984)"
6317,P-01779,Mirandinha,not applicable,1952-02-26,0,0,0,0,1,1,1974,https://en.wikipedia.org/wiki/Sebasti%C3%A3o_Miranda_da_Silva_Filho
6320,P-12268,Mirković,Zoran,1971-09-21,0,0,1,0,0,1,1998,https://en.wikipedia.org/wiki/Zoran_Mirkovi%C4%87
6321,P-18605,Mirzapour,Ebrahim,1978-09-16,0,1,0,0,0,1,2006,https://en.wikipedia.org/wiki/Ebrahim_Mirzapour
6322,P-75995,Misimović,Zvjezdan,1982-06-05,0,0,0,1,0,1,2014,https://en.wikipedia.org/wiki/Zvjezdan_Misimovi%C4%87
6323,P-67430,Mitchell,Dale,1958-04-21,0,0,0,0,1,1,1986,https://en.wikipedia.org/wiki/Dale_Mitchell_(soccer)
6324,P-50931,Mitić,Rajko,1922-11-19,0,0,0,0,1,2,"1950, 1954",https://en.wikipedia.org/wiki/Rajko_Miti%C4%87
6325,P-27243,Mitkov,Vasil,1943-09-17,0,0,0,1,0,1,1970,https://en.wikipedia.org/wiki/Vasil_Mitkov
6326,P-22633,Mitoma,Kaoru,1997-05-20,0,0,0,1,0,1,2022,https://en.wikipedia.org/wiki/Kaoru_Mitoma
6327,P-97050,Mitroglou,Kostas,1988-03-12,0,0,0,0,1,1,2014,https://en.wikipedia.org/wiki/Kostas_Mitroglou
6328,P-12695,Mitropoulos,Tasos,1957-08-23,0,0,0,1,0,1,1994,https://en.wikipedia.org/wiki/Tasos_Mitropoulos
6329,P-85696,Mitrović,Aleksandar,1994-09-16,0,0,0,0,1,2,"2018, 2022",https://en.wikipedia.org/wiki/Aleksandar_Mitrovi%C4%87
6330,P-19069,Mitrović,Stefan,1990-05-22,0,0,1,0,0,1,2022,"https://en.wikipedia.org/wiki/Stefan_Mitrovi%C4%87_(footballer,_born_1990)"
6338,P-11915,Miyamoto,Tsuneyasu,1977-02-07,0,0,1,0,0,2,"2002, 2006",https://en.wikipedia.org/wiki/Tsuneyasu_Miyamoto
6341,P-56718,Mjällby,Johan,1971-02-09,0,0,1,0,0,1,2002,https://en.wikipedia.org/wiki/Johan_Mj%C3%A4llby
6343,P-44407,Mkacher,Mohamed,1975-05-25,0,0,1,0,0,1,2002,https://en.wikipedia.org/wiki/Mohamed_Mkacher
6345,P-88704,Mkhalele,Helman,1969-10-20,0,0,0,1,0,1,1998,https://en.wikipedia.org/wiki/Helman_Mkhalele
6346,P-91932,Mladenov,Stoycho,1957-04-24,0,0,0,0,1,1,1986,https://en.wikipedia.org/wiki/Stoycho_Mladenov
6347,P-82143,Mladenović,Filip,1991-08-15,0,0,1,0,0,1,2022,https://en.wikipedia.org/wiki/Filip_Mladenovi%C4%87
6348,P-50717,Młynarczyk,Józef,1953-09-20,0,1,0,0,0,2,"1982, 1986",https://en.wikipedia.org/wiki/J%C3%B3zef_M%C5%82ynarczyk
6350,P-61850,Mnari,Jawhar,1976-11-08,0,0,0,1,0,1,2006,https://en.wikipedia.org/wiki/Jawhar_Mnari
6355,P-61942,Mocanu,Mihai,1942-02-24,0,0,1,0,0,1,1970,https://en.wikipedia.org/wiki/Mihai_Mocanu
6358,P-83987,Moderato,not applicable,1902-07-14,0,0,0,0,1,1,1930,https://en.wikipedia.org/wiki/Moderato_Wisintainer
6359,P-26472,Modise,Teko,1982-12-22,0,0,0,1,0,1,2010,https://en.wikipedia.org/wiki/Teko_Modise
6360,P-29491,Modrić,Luka,1985-09-09,0,0,0,1,0,4,"2006, 2014, 2018, 2022",https://en.wikipedia.org/wiki/Luka_Modri%C4%87
6365,P-35056,Mohamed,Abdulrahman,1963-10-01,0,0,1,0,0,1,1990,https://en.wikipedia.org/wiki/Abdulrahman_Mohamed
6366,P-00384,Mohamed,Habib,1983-12-10,0,0,1,0,0,1,2006,https://en.wikipedia.org/wiki/Habib_Mohamed
6367,P-96771,Mohamed,Hassan,1962-08-23,0,0,0,1,0,1,1990,https://en.wikipedia.org/wiki/Hassan_Mohamed_(footballer)
6368,P-15566,Mohamedi,Munir,1989-05-10,0,1,0,0,0,2,"2018, 2022",https://en.wikipedia.org/wiki/Munir_Mohamedi
6369,P-01077,Mohammad,Ismaeel,1990-04-05,0,0,1,0,0,1,2022,https://en.wikipedia.org/wiki/Ismaeel_Mohammad
6370,P-74098,Mohammadi,Milad,1993-09-29,0,0,1,0,0,2,"2018, 2022",https://en.wikipedia.org/wiki/Milad_Mohammadi
6371,P-31741,Mohammadkhani,Nader,1963-08-23,0,0,1,0,0,1,1998,https://en.wikipedia.org/wiki/Nader_Mohammadkhani
6373,P-97678,Mohammed,Haris,1958-03-03,0,0,0,1,0,1,1986,https://en.wikipedia.org/wiki/Haris_Mohammed
6375,P-84382,Moharrami,Sadegh,1996-03-01,0,0,1,0,0,1,2022,https://en.wikipedia.org/wiki/Sadegh_Moharrami
6377,P-37703,Mohsen,Marwan,1989-02-26,0,0,0,0,1,1,2018,https://en.wikipedia.org/wiki/Marwan_Mohsen
6378,P-07796,Mojica,Johan,1992-08-21,0,0,1,0,0,1,2018,https://en.wikipedia.org/wiki/Johan_Mojica
6380,P-65611,Mokoena,Aaron,1980-11-25,0,0,1,0,0,2,"2002, 2010",https://en.wikipedia.org/wiki/Aaron_Mokoena
6381,P-99521,Mokoena,Teboho,1974-07-10,0,0,0,1,0,1,2002,"https://en.wikipedia.org/wiki/Teboho_Mokoena_(footballer,_born_1974)"
6384,P-49069,Mølby,Jan,1963-07-04,0,0,0,1,0,1,1986,https://en.wikipedia.org/wiki/Jan_M%C3%B8lby
6385,P-67833,Moldovan,Viorel,1972-07-08,0,0,0,0,1,2,"1994, 1998",https://en.wikipedia.org/wiki/Viorel_Moldovan
6387,P-68024,Molefe,Thabang,1979-04-11,0,0,1,0,0,1,2002,https://en.wikipedia.org/wiki/Thabang_Molefe
6389,P-84430,Molina,Nahuel,1998-04-06,0,0,1,0,0,1,2022,https://en.wikipedia.org/wiki/Nahuel_Molina
6390,P-37963,Möller,Andreas,1967-09-02,0,0,0,1,0,3,"1990, 1994, 1998",https://en.wikipedia.org/wiki/Andreas_M%C3%B6ller
6392,P-87668,Møller,Peter,1972-03-23,0,0,0,0,1,1,1998,https://en.wikipedia.org/wiki/Peter_M%C3%B8ller
6393,P-75330,Molnar,Miklos,1970-04-10,0,0,0,0,1,1,1998,https://en.wikipedia.org/wiki/Miklos_Molnar
6398,P-87975,Mommens,Raymond,1958-12-27,0,0,0,0,1,2,"1982, 1986",https://en.wikipedia.org/wiki/Raymond_Mommens
6399,P-02080,Mondragón,Faryd,1971-06-21,0,1,0,0,0,3,"1994, 1998, 2014",https://en.wikipedia.org/wiki/Faryd_Mondrag%C3%B3n
6400,P-58367,Monge,Mario,1938-11-27,0,0,0,0,1,1,1970,https://en.wikipedia.org/wiki/Mario_Monge
6404,P-65411,Moniwa,Teruyuki,1981-09-08,0,0,1,0,0,1,2006,https://en.wikipedia.org/wiki/Teruyuki_Moniwa
6409,P-23272,Montazeri,Pejman,1983-09-06,0,0,1,0,0,2,"2014, 2018",https://en.wikipedia.org/wiki/Pejman_Montazeri
6410,P-01311,Montella,Vincenzo,1974-06-18,0,0,0,0,1,1,2002,https://en.wikipedia.org/wiki/Vincenzo_Montella
6412,P-55935,Montero,Jefferson,1989-09-01,0,0,0,1,0,1,2014,https://en.wikipedia.org/wiki/Jefferson_Montero
6413,P-48788,Montero,Mauricio,1963-10-19,0,0,1,0,0,1,1990,https://en.wikipedia.org/wiki/Mauricio_Montero
6414,P-38683,Montero,Paolo,1971-09-03,0,0,1,0,0,1,2002,https://en.wikipedia.org/wiki/Paolo_Montero
6415,P-83931,Montero Castillo,Julio,1944-04-25,0,0,1,1,0,2,"1970, 1974",https://en.wikipedia.org/wiki/Julio_Montero_Castillo
6416,P-36212,Montes,César,1997-02-24,0,0,1,0,0,1,2022,https://en.wikipedia.org/wiki/C%C3%A9sar_Montes
6419,P-25760,Monti,Luis,1901-05-15,0,0,0,1,0,2,"1930, 1934",https://en.wikipedia.org/wiki/Luis_Monti
6420,P-91431,Montiel,Gonzalo,1997-01-01,0,0,1,0,0,1,2022,https://en.wikipedia.org/wiki/Gonzalo_Montiel
6422,P-37678,Montolivo,Riccardo,1985-01-18,0,0,0,1,0,1,2010,https://en.wikipedia.org/wiki/Riccardo_Montolivo
6425,P-31161,Monzón,Pedro,1962-02-23,0,0,1,0,0,1,1990,https://en.wikipedia.org/wiki/Pedro_Monz%C3%B3n
6427,P-34018,Moon,Seon-min,1992-06-09,0,0,0,1,0,1,2018,https://en.wikipedia.org/wiki/Moon_Seon-min
6428,P-07233,Moon-hwan,Kim,1995-08-01,0,0,1,0,0,1,2022,https://en.wikipedia.org/wiki/Kim_Moon-hwan
6429,P-52816,Moore,Bobby,1941-04-12,0,0,1,0,0,3,"1962, 1966, 1970",https://en.wikipedia.org/wiki/Bobby_Moore
6430,P-66908,Moore,Craig,1975-12-12,0,0,1,0,0,2,"2006, 2010",https://en.wikipedia.org/wiki/Craig_Moore
6432,P-86464,Moore,Joe-Max,1971-02-23,0,0,0,0,1,3,"1994, 1998, 2002",https://en.wikipedia.org/wiki/Joe-Max_Moore
6433,P-10657,Moore,Kieffer,1992-08-08,0,0,0,0,1,1,2022,https://en.wikipedia.org/wiki/Kieffer_Moore
6436,P-48265,Moore,Shaq,1996-11-02,0,0,1,0,0,1,2022,https://en.wikipedia.org/wiki/Shaq_Moore
6440,P-95847,Mooy,Aaron,1990-09-15,0,0,0,1,0,2,"2018, 2022",https://en.wikipedia.org/wiki/Aaron_Mooy
6441,P-14709,Mora,Bruno,1937-03-29,0,0,0,0,1,1,1962,https://en.wikipedia.org/wiki/Bruno_Mora
6442,P-18894,Mora,Cristian,1979-08-26,0,1,0,0,0,1,2006,https://en.wikipedia.org/wiki/Cristian_Mora
6447,P-22146,Morales,Carlos,1968-11-04,0,0,0,1,0,1,1998,"https://en.wikipedia.org/wiki/Carlos_Morales_(footballer,_born_1968)"
6448,P-93811,Morales,Julio,1945-02-16,0,0,0,0,1,1,1970,https://en.wikipedia.org/wiki/Julio_Morales_(Uruguayan_footballer)
6449,P-98036,Morales,Ramón,1975-10-10,0,0,0,1,0,2,"2002, 2006",https://en.wikipedia.org/wiki/Ram%C3%B3n_Morales
6450,P-48761,Morales,Richard,1975-02-21,0,0,0,0,1,1,2002,https://en.wikipedia.org/wiki/Richard_Morales
6452,P-15882,Moran,Kevin,1956-04-29,0,0,1,0,0,2,"1990, 1994",https://en.wikipedia.org/wiki/Kevin_Moran_(footballer)
6454,P-47188,Moras,Vangelis,1981-08-26,0,0,1,0,0,2,"2010, 2014",https://en.wikipedia.org/wiki/Vangelis_Moras
6455,P-29274,Morata,Álvaro,1992-10-23,0,0,0,0,1,1,2022,https://en.wikipedia.org/wiki/%C3%81lvaro_Morata
6458,P-85306,Moravčík,Ľubomír,1965-06-22,0,0,0,1,0,1,1990,https://en.wikipedia.org/wiki/%C4%BDubom%C3%ADr_Morav%C4%8D%C3%ADk
6462,P-53028,Morel,Claudio,1978-02-02,0,0,1,0,0,1,2010,https://en.wikipedia.org/wiki/Claudio_Morel_Rodr%C3%ADguez
6463,P-36986,Morena,Fernando,1952-02-02,0,0,0,0,1,1,1974,https://en.wikipedia.org/wiki/Fernando_Morena
6464,P-21208,Moreno,Héctor,1988-01-17,0,0,1,0,0,4,"2010, 2014, 2018, 2022",https://en.wikipedia.org/wiki/H%C3%A9ctor_Moreno
6465,P-11058,Moreno,Jaime,1974-01-19,0,0,0,0,1,1,1994,"https://en.wikipedia.org/wiki/Jaime_Moreno_(footballer,_born_1974)"
6466,P-75570,Moreno,Luis Antonio,1970-12-25,0,0,1,0,0,1,1998,https://en.wikipedia.org/wiki/Luis_Antonio_Moreno
6471,P-87723,Morgan,Willie,1944-10-02,0,0,0,0,1,1,1974,https://en.wikipedia.org/wiki/Willie_Morgan
6472,P-08514,Morientes,Fernando,1976-04-05,0,0,0,0,1,2,"1998, 2002",https://en.wikipedia.org/wiki/Fernando_Morientes
6473,P-69680,Moriero,Francesco,1969-03-31,0,0,0,1,0,1,1998,https://en.wikipedia.org/wiki/Francesco_Moriero
6476,P-72137,Morini,Francesco,1944-08-12,0,0,1,0,0,1,1974,https://en.wikipedia.org/wiki/Francesco_Morini
6477,P-03401,Morínigo,Gustavo,1977-01-23,0,0,0,1,0,1,2002,https://en.wikipedia.org/wiki/Gustavo_Mor%C3%ADnigo
6478,P-49610,Morioka,Ryuzo,1975-10-07,0,0,1,0,0,1,2002,https://en.wikipedia.org/wiki/Ryuzo_Morioka
6479,P-22568,Moriri,Surprise,1980-03-20,0,0,0,1,0,1,2010,https://en.wikipedia.org/wiki/Surprise_Moriri
6480,P-27263,Morishige,Masato,1987-05-21,0,0,1,0,0,1,2014,https://en.wikipedia.org/wiki/Masato_Morishige
6481,P-17348,Morishima,Hiroaki,1972-04-30,0,0,0,1,0,2,"1998, 2002",https://en.wikipedia.org/wiki/Hiroaki_Morishima
6482,P-75751,Morita,Hidemasa,1995-05-10,0,0,0,1,0,1,2022,https://en.wikipedia.org/wiki/Hidemasa_Morita
6483,P-05766,Morlock,Max,1925-05-11,0,0,0,0,1,1,1954,https://en.wikipedia.org/wiki/Max_Morlock
6486,P-04915,Morozov,Gennady,1962-12-30,0,0,1,0,0,1,1986,https://en.wikipedia.org/wiki/Gennady_Morozov
6487,P-69082,Morrell,Joe,1997-01-03,0,0,0,1,0,1,2022,https://en.wikipedia.org/wiki/Joe_Morrell
6488,P-24199,Morris,Chris,1963-12-24,0,0,1,0,0,1,1990,https://en.wikipedia.org/wiki/Chris_Morris_(footballer)
6489,P-77402,Morris,Jordan,1994-10-26,0,0,0,0,1,1,2022,https://en.wikipedia.org/wiki/Jordan_Morris
6491,P-50801,Morsy,Sam,1991-09-10,0,0,0,1,0,1,2018,https://en.wikipedia.org/wiki/Sam_Morsy
6492,P-89453,Mortensen,Stan,1921-05-26,0,0,0,0,1,1,1950,https://en.wikipedia.org/wiki/Stan_Mortensen
6497,P-56491,Moscoso,Gustavo,1955-08-10,0,0,0,0,1,1,1982,https://en.wikipedia.org/wiki/Gustavo_Moscoso
6499,P-26900,Moses,Victor,1990-12-12,0,0,0,1,1,2,"2014, 2018",https://en.wikipedia.org/wiki/Victor_Moses
6500,P-85624,Moshoeu,John,1965-12-18,0,0,0,1,0,1,1998,https://en.wikipedia.org/wiki/John_Moshoeu
6503,P-09673,Mostefa,Mehdi,1983-08-30,0,0,0,1,0,1,2014,https://en.wikipedia.org/wiki/Mehdi_Mostefa
6504,P-76220,Mostovoi,Aleksandr,1968-08-22,0,0,0,1,0,2,"1994, 2002",https://en.wikipedia.org/wiki/Aleksandr_Mostovoi
6509,P-32717,Motta,Thiago,1982-08-28,0,0,0,1,0,1,2014,https://en.wikipedia.org/wiki/Thiago_Motta
6510,P-69611,Mouath,Malek,1981-08-10,0,0,0,0,1,1,2006,https://en.wikipedia.org/wiki/Malek_Mouath
6513,P-65896,Moukandjo,Benjamin,1988-11-12,0,0,0,0,1,1,2014,https://en.wikipedia.org/wiki/Benjamin_Moukandjo
6514,P-04137,Moukoko,Youssoufa,2004-11-20,0,0,0,0,1,1,2022,https://en.wikipedia.org/wiki/Youssoufa_Moukoko
6515,P-90012,Mount,Mason,1999-01-10,0,0,0,1,0,1,2022,https://en.wikipedia.org/wiki/Mason_Mount
6517,P-89743,Moutinho,João,1986-09-08,0,0,0,1,0,2,"2014, 2018",https://en.wikipedia.org/wiki/Jo%C3%A3o_Moutinho
6518,P-49445,Mouyémé,Georges,1971-04-15,0,0,0,0,1,1,1994,https://en.wikipedia.org/wiki/Georges_Mouy%C3%A9m%C3%A9
6521,P-62375,Mozer,Carlos,1960-09-19,0,0,1,0,0,1,1990,https://en.wikipedia.org/wiki/Carlos_Mozer
6522,P-01706,Mpenza,Émile,1978-07-04,0,0,0,0,1,1,1998,https://en.wikipedia.org/wiki/%C3%89mile_Mpenza
6523,P-90633,Mpenza,Mbo,1976-12-04,0,0,0,0,1,2,"1998, 2002",https://en.wikipedia.org/wiki/Mbo_Mpenza
6524,P-39078,Mphela,Katlego,1984-11-29,0,0,0,0,1,1,2010,https://en.wikipedia.org/wiki/Katlego_Mphela
6530,P-25741,Msakni,Youssef,1990-10-28,0,0,0,0,1,1,2022,https://en.wikipedia.org/wiki/Youssef_Msakni
6533,P-49869,Muccinelli,Ermes,1927-07-28,0,0,0,0,1,2,"1950, 1954",https://en.wikipedia.org/wiki/Ermes_Muccinelli
6534,P-83904,Mucha,Ján,1982-12-05,0,1,0,0,0,1,2010,https://en.wikipedia.org/wiki/J%C3%A1n_Mucha
6535,P-19215,Mudie,Jackie,1930-04-10,0,0,0,0,1,1,1958,https://en.wikipedia.org/wiki/Jackie_Mudie
6539,P-63525,Mujdža,Mensur,1984-03-28,0,0,1,0,0,1,2014,https://en.wikipedia.org/wiki/Mensur_Mujd%C5%BEa
6541,P-50162,Mujica,Juan,1943-12-22,0,0,1,0,0,1,1970,https://en.wikipedia.org/wiki/Juan_Mujica
6542,P-65059,Mukansi,MacDonald,1975-05-26,0,0,0,1,0,1,2002,https://en.wikipedia.org/wiki/MacDonald_Mukansi
6543,P-44782,Mukombo,Mwanza,1945-12-17,0,0,1,0,0,1,1974,https://en.wikipedia.org/wiki/Mwanza_Mukombo
6545,P-88955,Mulamba,Ndaye,1948-11-04,0,0,0,1,0,1,1974,https://en.wikipedia.org/wiki/Ndaye_Mulamba
6547,P-82512,Mullen,Jimmy,1923-01-06,0,0,0,0,1,2,"1950, 1954",https://en.wikipedia.org/wiki/Jimmy_Mullen_(footballer_born_1923)
6550,P-34993,Müller,Dieter,1954-04-01,0,0,0,0,1,1,1978,https://en.wikipedia.org/wiki/Dieter_M%C3%BCller
6551,P-72441,Müller,Gerd,1945-11-03,0,0,0,0,1,2,"1970, 1974",https://en.wikipedia.org/wiki/Gerd_M%C3%BCller
6552,P-95747,Müller,Hansi,1957-07-27,0,0,0,1,0,2,"1978, 1982",https://en.wikipedia.org/wiki/Hansi_M%C3%BCller
6554,P-60969,Müller,not applicable,1966-01-31,0,0,0,0,1,3,"1986, 1990, 1994","https://en.wikipedia.org/wiki/M%C3%BCller_(footballer,_born_1966)"
6555,P-37656,Müller,Patrick,1976-12-17,0,0,1,0,0,1,2006,https://en.wikipedia.org/wiki/Patrick_M%C3%BCller_(footballer)
6556,P-77109,Müller,Sándor,1948-09-21,0,0,0,1,0,1,1982,https://en.wikipedia.org/wiki/S%C3%A1ndor_M%C3%BCller
6557,P-28154,Müller,Thomas,1989-09-13,0,0,0,1,1,4,"2010, 2014, 2018, 2022",https://en.wikipedia.org/wiki/Thomas_M%C3%BCller
6558,P-62668,Mullery,Alan,1941-11-23,0,0,0,1,0,1,1970,https://en.wikipedia.org/wiki/Alan_Mullery
6561,P-91408,Mun,In-guk,1978-09-29,0,0,0,1,0,1,2010,https://en.wikipedia.org/wiki/Mun_In-guk
6562,P-91524,Muñante,Juan,1948-06-12,0,0,0,0,1,1,1978,https://en.wikipedia.org/wiki/Juan_Mu%C3%B1ante
6563,P-38187,Munaron,Jacky,1956-09-08,0,1,0,0,0,2,"1982, 1986",https://en.wikipedia.org/wiki/Jacky_Munaron
6565,P-96873,Munguía,Antonio,1942-06-27,0,0,0,1,0,1,1970,https://en.wikipedia.org/wiki/Antonio_Mungu%C3%ADa
6568,P-67053,Muñoz,Carlos,1962-09-08,0,0,0,1,0,1,1986,https://en.wikipedia.org/wiki/Carlos_Mu%C3%B1oz_(Mexican_footballer)
6574,P-17048,Muntari,Mohammed,1993-12-20,0,0,0,0,1,1,2022,https://en.wikipedia.org/wiki/Mohammed_Muntari
6575,P-50641,Muntari,Sulley,1984-08-27,0,0,0,1,0,3,"2006, 2010, 2014",https://en.wikipedia.org/wiki/Sulley_Muntari
6576,P-04888,Munteanu,Dorinel,1968-06-25,0,0,0,1,0,2,"1994, 1998",https://en.wikipedia.org/wiki/Dorinel_Munteanu
6577,P-50044,Muntyan,Vladimir,1946-09-14,0,0,0,1,0,1,1970,https://en.wikipedia.org/wiki/Vladimir_Muntyan
6580,P-68833,Murawski,Maciej,1974-02-20,0,0,1,0,0,1,2002,https://en.wikipedia.org/wiki/Maciej_Murawski
6581,P-16245,Muriel,Luis,1991-04-16,0,0,0,0,1,1,2018,https://en.wikipedia.org/wiki/Luis_Muriel
6583,P-72819,Murillo,Michael Amir,1996-02-11,0,0,1,0,0,1,2018,https://en.wikipedia.org/wiki/Michael_Amir_Murillo
6585,P-26542,Murillo,Óscar,1988-04-18,0,0,1,0,0,1,2018,https://en.wikipedia.org/wiki/%C3%93scar_Murillo
6586,P-93627,Murray,Bruce,1966-01-25,0,0,0,0,1,1,1990,https://en.wikipedia.org/wiki/Bruce_Murray_(soccer)
6588,P-07282,Murray,Jimmy,1933-02-04,0,0,0,0,1,1,1958,https://en.wikipedia.org/wiki/Jimmy_Murray_(footballer_born_1933)
6592,P-19591,Musa,Ahmed,1992-10-14,0,0,0,0,1,2,"2014, 2018",https://en.wikipedia.org/wiki/Ahmed_Musa
6593,P-00234,Musabah,Muhsin,1964-10-01,0,1,0,0,0,1,1990,https://en.wikipedia.org/wiki/Muhsin_Musabah
6594,P-59571,Musah,Yunus,2002-11-29,0,0,0,1,0,1,2022,https://en.wikipedia.org/wiki/Yunus_Musah
6595,P-39234,Musiał,Adam,1948-12-18,0,0,1,0,0,1,1974,https://en.wikipedia.org/wiki/Adam_Musia%C5%82
6596,P-47182,Musiala,Jamal,2003-02-26,0,0,0,1,0,1,2022,https://en.wikipedia.org/wiki/Jamal_Musiala
6598,P-10014,Muslera,Fernando,1986-06-16,0,1,0,0,0,4,"2010, 2014, 2018, 2022",https://en.wikipedia.org/wiki/Fernando_Muslera
6600,P-51514,Musrri,Luis,1969-12-24,0,0,0,1,0,1,1998,https://en.wikipedia.org/wiki/Luis_Musrri
6601,P-02430,Mussi,Roberto,1963-08-25,0,0,1,0,0,1,1994,https://en.wikipedia.org/wiki/Roberto_Mussi
6603,P-67414,Mustafi,Shkodran,1992-04-17,0,0,1,0,0,1,2014,https://en.wikipedia.org/wiki/Shkodran_Mustafi
6604,P-36278,Muto,Yoshinori,1992-07-15,0,0,0,0,1,1,2018,https://en.wikipedia.org/wiki/Yoshinori_Muto
6606,P-02400,Mužinić,Dražen,1953-01-25,0,0,0,1,0,1,1974,https://en.wikipedia.org/wiki/Dra%C5%BEen_Mu%C5%BEini%C4%87
6609,P-49497,Mwamba,Kazadi,1947-03-06,0,1,0,0,0,1,1974,https://en.wikipedia.org/wiki/Kazadi_Mwamba
6610,P-87653,Myers,Roy,1969-04-13,0,0,0,1,0,1,1990,https://en.wikipedia.org/wiki/Roy_Myers
6613,P-48934,Mykland,Erik,1971-07-21,0,0,0,1,0,2,"1994, 1998",https://en.wikipedia.org/wiki/Erik_Mykland
6615,P-58878,Myojin,Tomokazu,1978-01-24,0,0,0,1,0,1,2002,https://en.wikipedia.org/wiki/Tomokazu_Myojin
6616,P-39550,Myrie,David,1988-06-01,0,0,1,0,0,1,2014,https://en.wikipedia.org/wiki/David_Myrie
6617,P-12707,N'Diaye,Alfred,1990-03-06,0,0,0,1,0,1,2018,https://en.wikipedia.org/wiki/Alfred_N%27Diaye
6618,P-17986,N'Diaye,Khadim,1985-04-05,0,1,0,0,0,1,2018,https://en.wikipedia.org/wiki/Khadim_N%27Diaye
6620,P-62939,N'Diaye,Moussa,1979-02-20,0,0,0,1,0,1,2002,https://en.wikipedia.org/wiki/Moussa_N%27Diaye
6623,P-53341,N'Dip,Victor,1967-08-18,0,0,1,0,0,2,"1990, 1994",https://en.wikipedia.org/wiki/Victor_N%27Dip
6624,P-59682,N'Djeya,René,1953-10-09,0,0,1,0,0,1,1982,https://en.wikipedia.org/wiki/Ren%C3%A9_N%27Djeya
6625,P-78387,N'Do,Joseph,1976-04-28,0,0,0,1,0,2,"1998, 2002",https://en.wikipedia.org/wiki/Joseph_N%27Do
6627,P-82601,N'Dour,Alassane,1981-12-12,0,0,1,0,0,1,2002,https://en.wikipedia.org/wiki/Alassane_N%27Dour
6628,P-51960,N'Doye,Cheikh,1986-03-29,0,0,0,1,0,1,2018,https://en.wikipedia.org/wiki/Cheikh_N%27Doye
6630,P-41427,N'Guea,Jacques,1955-11-08,0,0,0,0,1,1,1982,https://en.wikipedia.org/wiki/Jacques_N%27Guea
6631,P-88732,N'Guémo,Landry,1985-11-28,0,0,0,1,0,2,"2010, 2014",https://en.wikipedia.org/wiki/Landry_N%27Gu%C3%A9mo
6633,P-95667,N'Kono,Thomas,1956-07-20,0,1,0,0,0,3,"1982, 1990, 1994",https://en.wikipedia.org/wiki/Thomas_N%27Kono
6634,P-56615,N'Tumba,Jean Kalala,1949-01-07,0,0,0,0,1,1,1974,https://en.wikipedia.org/wiki/Jean_Kalala_N%27Tumba
6635,P-91329,Nabbout,Andrew,1992-12-17,0,0,0,0,1,1,2018,https://en.wikipedia.org/wiki/Andrew_Nabbout
6636,P-15848,Nacho,not applicable,1990-01-18,0,0,1,0,0,1,2018,"https://en.wikipedia.org/wiki/Nacho_(footballer,_born_1990)"
6637,P-85128,Nađ,Albert,1974-10-29,0,0,0,1,0,1,2006,https://en.wikipedia.org/wiki/Albert_Na%C4%91
6638,P-03307,Nadal,Miguel Ángel,1966-07-28,0,0,1,0,0,3,"1994, 1998, 2002",https://en.wikipedia.org/wiki/Miguel_%C3%81ngel_Nadal
6639,P-89133,Nader,Hassan,1965-07-08,0,0,0,0,1,1,1994,https://en.wikipedia.org/wiki/Hassan_Nader
6641,P-69034,Nafti,Mehdi,1978-11-28,0,0,0,1,0,1,2006,https://en.wikipedia.org/wiki/Mehdi_Nafti
6645,P-26303,Nagatomo,Yuto,1986-09-12,0,0,1,0,0,4,"2010, 2014, 2018, 2022",https://en.wikipedia.org/wiki/Yuto_Nagatomo
6646,P-39664,Nagguez,Hamdi,1992-10-28,0,0,1,0,0,1,2018,https://en.wikipedia.org/wiki/Hamdi_Nagguez
6648,P-99704,Nagy,Antal,1956-10-17,0,0,1,0,0,1,1986,"https://en.wikipedia.org/wiki/Antal_Nagy_(footballer,_born_1956)"
6651,P-15153,Nagy,László,1949-10-21,0,0,0,1,0,1,1978,https://en.wikipedia.org/wiki/L%C3%A1szl%C3%B3_Nagy_(footballer)
6654,P-99636,Naili,Mokhtar,1953-09-03,0,1,0,0,0,1,1978,https://en.wikipedia.org/wiki/Mokhtar_Naili
6655,P-34878,Najar,Andy,1993-03-16,0,0,0,1,0,1,2014,https://en.wikipedia.org/wiki/Andy_Najar
6661,P-16260,Nakamura,Kengo,1980-10-31,0,0,0,1,0,1,2010,https://en.wikipedia.org/wiki/Kengo_Nakamura
6663,P-77277,Nakamura,Shunsuke,1978-06-24,0,0,0,1,0,2,"2006, 2010",https://en.wikipedia.org/wiki/Shunsuke_Nakamura
6664,P-36022,Nakanishi,Eisuke,1973-06-23,0,0,1,0,0,1,1998,https://en.wikipedia.org/wiki/Eisuke_Nakanishi
6665,P-09349,Nakata,Hidetoshi,1977-01-22,0,0,0,1,0,3,"1998, 2002, 2006",https://en.wikipedia.org/wiki/Hidetoshi_Nakata
6666,P-95259,Nakata,Kōji,1979-07-09,0,0,1,0,0,2,"2002, 2006",https://en.wikipedia.org/wiki/K%C5%8Dji_Nakata
6667,P-84762,Nakayama,Masashi,1967-09-23,0,0,0,0,1,2,"1998, 2002",https://en.wikipedia.org/wiki/Masashi_Nakayama
6668,P-90430,Nakazawa,Yuji,1978-02-25,0,0,1,0,0,2,"2006, 2010",https://en.wikipedia.org/wiki/Yuji_Nakazawa
6669,P-68937,Nakisa,Nima,1975-05-01,0,1,0,0,0,1,1998,https://en.wikipedia.org/wiki/Nima_Nakisa
6671,P-98982,Nam,Song-chol,1982-05-07,0,0,1,0,0,1,2010,https://en.wikipedia.org/wiki/Nam_Song-chol
6673,P-61670,Namouchi,Hamed,1984-01-12,0,0,0,1,0,1,2006,https://en.wikipedia.org/wiki/Hamed_Namouchi
6674,P-33594,Nanami,Hiroshi,1972-11-28,0,0,0,1,0,1,1998,https://en.wikipedia.org/wiki/Hiroshi_Nanami
6675,P-85532,Nández,Nahitan,1995-12-28,0,0,0,1,0,1,2018,https://en.wikipedia.org/wiki/Nahitan_N%C3%A1ndez
6678,P-78296,Nani,not applicable,1986-11-17,0,0,0,1,0,1,2014,https://en.wikipedia.org/wiki/Nani_(footballer)
6679,P-16713,Nankov,Anatoli,1969-07-15,0,0,0,1,0,1,1998,https://en.wikipedia.org/wiki/Anatoli_Nankov
6680,P-48111,Nanninga,Dick,1949-01-17,0,0,0,0,1,1,1978,https://en.wikipedia.org/wiki/Dick_Nanninga
6682,P-45752,Narahashi,Akira,1971-11-26,0,0,1,0,0,1,1998,https://en.wikipedia.org/wiki/Akira_Narahashi
6684,P-24251,Narazaki,Seigo,1976-04-15,0,1,0,0,0,4,"1998, 2002, 2006, 2010",https://en.wikipedia.org/wiki/Seigo_Narazaki
6686,P-12472,Narey,David,1956-06-12,0,0,1,0,0,2,"1982, 1986",https://en.wikipedia.org/wiki/David_Narey
6694,P-67187,Navarro,José,1948-09-24,0,0,1,0,0,1,1978,https://en.wikipedia.org/wiki/Jos%C3%A9_Navarro_(footballer)
6699,P-69284,Navas,Jesús,1985-11-21,0,0,0,1,0,1,2010,https://en.wikipedia.org/wiki/Jes%C3%BAs_Navas
6700,P-81392,Navas,Keylor,1986-12-15,0,1,0,0,0,3,"2014, 2018, 2022",https://en.wikipedia.org/wiki/Keylor_Navas
6702,P-42824,Nawałka,Adam,1957-10-23,0,0,0,1,0,1,1978,https://en.wikipedia.org/wiki/Adam_Nawa%C5%82ka
6704,P-96824,Naybet,Noureddine,1970-02-10,0,0,1,0,0,2,"1994, 1998",https://en.wikipedia.org/wiki/Noureddine_Naybet
6706,P-36227,Nayebagha,Hassan,1950-09-17,0,0,0,1,0,1,1978,https://en.wikipedia.org/wiki/Hassan_Nayebagha
6708,P-14414,Nazaire,Wilner,1950-03-30,0,0,1,0,0,1,1974,https://en.wikipedia.org/wiki/Wilner_Nazaire
6711,P-33083,Nazari,Hassan,1955-08-19,0,0,1,0,0,1,1978,https://en.wikipedia.org/wiki/Hassan_Nazari
6713,P-15988,Ndiaye,Badou,1990-10-27,0,0,0,1,0,1,2018,https://en.wikipedia.org/wiki/Badou_Ndiaye
6714,P-33958,Ndiaye,Iliman,2000-03-06,0,0,0,0,1,1,2022,https://en.wikipedia.org/wiki/Iliman_Ndiaye
6715,P-61893,Ndidi,Wilfred,1996-12-16,0,0,0,1,0,1,2018,https://en.wikipedia.org/wiki/Wilfred_Ndidi
6716,P-67466,Ndiefi,Pius,1975-07-05,0,0,0,0,1,1,2002,https://en.wikipedia.org/wiki/Pius_Ndiefi
6717,P-71914,Ndimbi,Tubilandu,1948-03-15,0,1,0,0,0,1,1974,https://en.wikipedia.org/wiki/Tubilandu_Ndimbi
6720,P-50489,Neagu,Alexandru,1948-07-19,0,0,0,1,0,1,1970,https://en.wikipedia.org/wiki/Alexandru_Neagu
6721,P-52968,Neal,Phil,1951-02-20,0,0,1,0,0,1,1982,https://en.wikipedia.org/wiki/Phil_Neal
6723,P-64760,Nedvěd,Pavel,1972-08-30,0,0,0,1,0,1,2006,https://en.wikipedia.org/wiki/Pavel_Nedv%C4%9Bd
6724,P-16991,Neeskens,Johan,1951-09-15,0,0,0,1,0,2,"1974, 1978",https://en.wikipedia.org/wiki/Johan_Neeskens
6727,P-66199,Negrete,Manuel,1959-05-15,0,0,0,1,0,1,1986,https://en.wikipedia.org/wiki/Manuel_Negrete_Arias
6729,P-12019,Nehoda,Zdeněk,1952-05-09,0,0,0,0,1,1,1982,https://en.wikipedia.org/wiki/Zden%C4%9Bk_Nehoda
6732,P-91832,Neill,Lucas,1978-03-09,0,0,1,0,0,2,"2006, 2010",https://en.wikipedia.org/wiki/Lucas_Neill
6734,P-71032,Neira,Miguel Ángel,1952-10-09,0,0,0,1,0,1,1982,https://en.wikipedia.org/wiki/Miguel_%C3%81ngel_Neira
6735,P-60513,Nejedlý,Oldřich,1909-12-26,0,0,0,0,1,2,"1934, 1938",https://en.wikipedia.org/wiki/Old%C5%99ich_Nejedl%C3%BD
6736,P-59901,Nekounam,Javad,1980-09-07,0,0,0,1,0,2,"2006, 2014",https://en.wikipedia.org/wiki/Javad_Nekounam
6738,P-48382,Nelinho,not applicable,1950-07-26,0,0,1,0,0,2,"1974, 1978",https://en.wikipedia.org/wiki/Nelinho
6740,P-81126,Nelsen,Ryan,1977-10-18,0,0,1,0,0,1,2010,https://en.wikipedia.org/wiki/Ryan_Nelsen
6741,P-65462,Nelson,Sammy,1949-04-01,0,0,1,0,0,1,1982,https://en.wikipedia.org/wiki/Sammy_Nelson
6742,P-49454,Nelsson,Victor,1998-10-14,0,0,1,0,0,1,2022,https://en.wikipedia.org/wiki/Victor_Nelsson
6745,P-48690,Němeček,Václav,1967-01-25,0,0,0,1,0,1,1990,https://en.wikipedia.org/wiki/V%C3%A1clav_N%C4%9Bme%C4%8Dek
6748,P-36579,Neqrouz,Rachid,1972-04-10,0,0,1,0,0,2,"1994, 1998",https://en.wikipedia.org/wiki/Rachid_Neqrouz
6750,P-17420,Nesmachniy,Andriy,1979-02-28,0,0,1,0,0,1,2006,https://en.wikipedia.org/wiki/Andriy_Nesmachniy
6753,P-55511,Nesta,Alessandro,1976-03-19,0,0,1,0,0,3,"1998, 2002, 2006",https://en.wikipedia.org/wiki/Alessandro_Nesta
6754,P-17534,Nesti,Fulvio,1925-06-08,0,0,0,1,0,1,1954,https://en.wikipedia.org/wiki/Fulvio_Nesti
6756,P-67433,Neto,Rodrigues,1949-12-06,0,0,1,0,0,1,1978,https://en.wikipedia.org/wiki/Jos%C3%A9_Rodrigues_Neto
6758,P-66405,Netzer,Günter,1944-09-14,0,0,0,1,0,1,1974,https://en.wikipedia.org/wiki/G%C3%BCnter_Netzer
6759,P-19408,Neuer,Manuel,1986-03-27,0,1,0,0,0,4,"2010, 2014, 2018, 2022",https://en.wikipedia.org/wiki/Manuel_Neuer
6762,P-55504,Neuville,Oliver,1973-05-01,0,0,0,0,1,2,"2002, 2006",https://en.wikipedia.org/wiki/Oliver_Neuville
6763,P-22983,Neves,Rúben,1997-03-13,0,0,0,1,0,1,2022,https://en.wikipedia.org/wiki/R%C3%BAben_Neves
6764,P-66658,Neville,Gary,1975-02-18,0,0,1,0,0,2,"1998, 2006",https://en.wikipedia.org/wiki/Gary_Neville
6765,P-79568,Newton,Keith,1941-06-23,0,0,1,0,0,1,1970,https://en.wikipedia.org/wiki/Keith_Newton_(footballer)
6766,P-87008,Neymar,not applicable,1992-02-05,0,0,0,0,1,3,"2014, 2018, 2022",https://en.wikipedia.org/wiki/Neymar
6768,P-27913,Ngamaleu,Moumi,1994-07-09,0,0,0,0,1,1,2022,https://en.wikipedia.org/wiki/Moumi_Ngamaleu
6771,P-06967,Ngcongca,Anele,1987-10-20,0,0,1,0,0,1,2010,https://en.wikipedia.org/wiki/Anele_Ngcongca
6776,P-32773,Ngom Mbekeli,Jerome,1998-09-30,0,0,1,0,0,1,2022,https://en.wikipedia.org/wiki/Jerome_Ngom_Mbekeli
6779,P-23774,Niang,M'Baye,1994-12-19,0,0,0,0,1,1,2018,https://en.wikipedia.org/wiki/M%27Baye_Niang
6781,P-41085,Nibombé,Daré,1980-06-16,0,0,1,0,0,1,2006,https://en.wikipedia.org/wiki/Dar%C3%A9_Nibomb%C3%A9
6782,P-77413,Niccolai,Comunardo,1946-12-15,0,0,0,1,0,1,1970,https://en.wikipedia.org/wiki/Comunardo_Niccolai
6783,P-97239,Nicholas,Charlie,1961-12-30,0,0,0,0,1,1,1986,https://en.wikipedia.org/wiki/Charlie_Nicholas
6784,P-52771,Nicholl,Chris,1946-10-12,0,0,1,0,0,1,1982,https://en.wikipedia.org/wiki/Chris_Nicholl
6785,P-53798,Nicholl,Jimmy,1956-12-28,0,0,1,0,0,2,"1982, 1986",https://en.wikipedia.org/wiki/Jimmy_Nicholl
6788,P-05872,Nicklasson,Göran,1942-08-20,0,0,0,1,0,1,1970,https://en.wikipedia.org/wiki/G%C3%B6ran_Nicklasson
6789,P-36038,Nicol,Steve,1961-12-11,0,0,1,0,0,1,1986,https://en.wikipedia.org/wiki/Steve_Nicol
6790,P-70804,Nicolas,Jean,1913-06-09,0,0,0,0,1,2,"1934, 1938",https://en.wikipedia.org/wiki/Jean_Nicolas
6791,P-27750,Niculescu,Radu,1975-03-02,0,0,0,1,0,1,1998,https://en.wikipedia.org/wiki/Radu_Niculescu
6792,P-62564,Nielsen,Allan,1971-03-13,0,0,0,1,0,1,1998,https://en.wikipedia.org/wiki/Allan_Nielsen
6793,P-62631,Nielsen,Ivan,1956-10-09,0,0,1,0,0,1,1986,https://en.wikipedia.org/wiki/Ivan_Nielsen
6798,P-86448,Nigmatullin,Ruslan,1974-10-07,0,1,0,0,0,1,2002,https://en.wikipedia.org/wiki/Ruslan_Nigmatullin
6799,P-70700,Nikiforov,Yuri,1970-09-16,0,0,1,0,0,2,"1994, 2002",https://en.wikipedia.org/wiki/Yuriy_Nikiforov
6800,P-45469,Nikodimov,Asparuh,1945-08-21,0,0,0,1,0,2,"1970, 1974",https://en.wikipedia.org/wiki/Asparuh_Nikodimov
6803,P-31099,Nikolov,Plamen,1961-08-20,0,1,0,0,0,1,1994,"https://en.wikipedia.org/wiki/Plamen_Nikolov_(footballer,_born_1961)"
6805,P-51869,Nilis,Luc,1967-05-25,0,0,0,0,1,2,"1994, 1998",https://en.wikipedia.org/wiki/Luc_Nilis
6806,P-25449,Nilmar,not applicable,1984-07-14,0,0,0,0,1,1,2010,https://en.wikipedia.org/wiki/Nilmar
6815,P-71492,Nilsson,Joakim,1966-03-31,0,0,0,1,0,1,1990,"https://en.wikipedia.org/wiki/Joakim_Nilsson_(footballer,_born_1966)"
6819,P-23360,Nilsson,Roland,1963-11-27,0,0,1,0,0,2,"1990, 1994",https://en.wikipedia.org/wiki/Roland_Nilsson
6821,P-55852,Nilsson,Torbjörn,1954-07-09,0,0,0,0,1,1,1978,https://en.wikipedia.org/wiki/Torbj%C3%B6rn_Nilsson
6823,P-45647,Ninis,Sotiris,1990-04-03,0,0,0,1,0,1,2010,https://en.wikipedia.org/wiki/Sotiris_Ninis
6824,P-71962,Ninković,Miloš,1984-12-25,0,0,0,1,0,1,2010,https://en.wikipedia.org/wiki/Milo%C5%A1_Ninkovi%C4%87
6826,P-68233,Nioplias,Nikos,1965-01-17,0,0,0,1,0,1,1994,https://en.wikipedia.org/wiki/Nikos_Nioplias
6831,P-99721,Nishizawa,Akinori,1976-06-18,0,0,0,0,1,1,2002,https://en.wikipedia.org/wiki/Akinori_Nishizawa
6834,P-53197,Njanka,Pierre,1975-03-15,0,0,1,0,0,2,"1998, 2002",https://en.wikipedia.org/wiki/Pierre_Njanka
6836,P-68058,Nkoudou,Georges-Kévin,1995-02-13,0,0,0,1,0,1,2022,https://en.wikipedia.org/wiki/Georges-K%C3%A9vin_Nkoudou
6837,P-93209,Nkoulou,Nicolas,1990-03-27,0,0,1,0,0,3,"2010, 2014, 2022",https://en.wikipedia.org/wiki/Nicolas_Nkoulou
6839,P-27813,Nkufo,Blaise,1975-05-25,0,0,0,0,1,1,2010,https://en.wikipedia.org/wiki/Blaise_Nkufo
6843,P-30818,Noack,Rudolf,1913-03-20,0,0,0,0,1,1,1934,https://en.wikipedia.org/wiki/Rudolf_Noack
6845,P-33117,Noboa,Christian,1985-04-09,0,0,0,1,0,1,2014,https://en.wikipedia.org/wiki/Christian_Noboa
6846,P-13744,Nobre,Edson,1980-02-03,0,0,0,1,0,1,2006,https://en.wikipedia.org/wiki/Edson_Nobre
6848,P-43733,Nodia,Givi,1948-01-02,0,0,0,0,1,1,1970,https://en.wikipedia.org/wiki/Givi_Nodia
6850,P-09742,Noh,Jung-yoon,1971-03-28,0,0,0,1,0,2,"1994, 1998",https://en.wikipedia.org/wiki/Noh_Jung-yoon
6851,P-66410,Noh,Soo-jin,1962-02-10,0,0,0,1,0,2,"1986, 1990",https://en.wikipedia.org/wiki/Noh_Soo-jin
6852,P-22393,Nomvethe,Siyabonga,1977-12-02,0,0,0,0,1,2,"2002, 2010",https://en.wikipedia.org/wiki/Siyabonga_Nomvethe
6854,P-90435,Noor,Mohammed,1978-02-26,0,0,0,1,0,2,"2002, 2006",https://en.wikipedia.org/wiki/Mohammed_Noor
6855,P-82000,Noppert,Andries,1994-04-07,0,1,0,0,0,1,2022,https://en.wikipedia.org/wiki/Andries_Noppert
6856,P-88933,Norales,Prudencio,1956-04-20,0,0,0,1,0,1,1982,https://en.wikipedia.org/wiki/Prudencio_Norales
6858,P-63446,Nordahl,Tomas,1946-05-24,0,0,0,0,1,1,1970,https://en.wikipedia.org/wiki/Tomas_Nordahl
6864,P-06774,Nordin,Olle,1949-11-23,0,0,0,1,0,1,1978,https://en.wikipedia.org/wiki/Olle_Nordin
6866,P-29454,Nordqvist,Björn,1942-10-06,0,0,1,1,0,3,"1970, 1974, 1978",https://en.wikipedia.org/wiki/Bj%C3%B6rn_Nordqvist
6867,P-56182,Nørgaard,Christian,1994-03-10,0,0,0,1,0,1,2022,https://en.wikipedia.org/wiki/Christian_N%C3%B8rgaard
6868,P-50657,Norman,David,1962-05-06,0,0,0,1,0,1,1986,https://en.wikipedia.org/wiki/David_Norman_(soccer)
6872,P-56844,Nosrati,Mohammad,1982-01-11,0,0,1,0,0,1,2006,https://en.wikipedia.org/wiki/Mohammad_Nosrati
6874,P-89372,Nounkeu,Dany,1986-04-11,0,0,1,0,0,1,2014,https://en.wikipedia.org/wiki/Dany_Nounkeu
6876,P-42215,Nourollahi,Ahmad,1993-02-01,0,0,0,1,0,1,2022,https://en.wikipedia.org/wiki/Ahmad_Nourollahi
6878,P-75494,Novak,Džoni,1969-09-04,0,0,0,1,0,1,2002,https://en.wikipedia.org/wiki/D%C5%BEoni_Novak
6880,P-58094,Novaković,Milivoje,1979-05-18,0,0,0,0,1,1,2010,https://en.wikipedia.org/wiki/Milivoje_Novakovi%C4%87
6882,P-94304,Nowotny,Jens,1974-01-11,0,0,1,0,0,1,2006,https://en.wikipedia.org/wiki/Jens_Nowotny
6887,P-33838,Nsaief,Fatah,1951-02-02,0,1,0,0,0,1,1986,https://en.wikipedia.org/wiki/Fatah_Nsaief
6889,P-62618,Ntcham,Olivier,1996-02-09,0,0,0,1,0,1,2022,https://en.wikipedia.org/wiki/Olivier_Ntcham
6891,P-92458,Numan,Arthur,1969-12-14,0,0,1,0,0,2,"1994, 1998",https://en.wikipedia.org/wiki/Arthur_Numan
6892,P-56811,Nunes,Jorge Amado,1961-10-18,0,0,0,1,0,1,1986,https://en.wikipedia.org/wiki/Jorge_Amado_Nunes
6893,P-57759,Nunes,Matheus,1998-08-27,0,0,0,1,0,1,2022,https://en.wikipedia.org/wiki/Matheus_Nunes
6894,P-18885,Núñez,Darwin,1999-06-24,0,0,0,0,1,1,2022,https://en.wikipedia.org/wiki/Darwin_N%C3%BA%C3%B1ez
6896,P-00429,Núñez,Jorge,1978-01-22,0,0,1,0,0,1,2006,"https://en.wikipedia.org/wiki/Jorge_N%C3%BA%C3%B1ez_(footballer,_born_1978)"
6897,P-50967,Núñez,Ramón,1984-11-14,0,0,0,1,0,1,2010,https://en.wikipedia.org/wiki/Ram%C3%B3n_N%C3%BA%C3%B1ez
6899,P-41601,Nunweiller,Radu,1944-11-16,0,0,0,1,0,1,1970,https://en.wikipedia.org/wiki/Radu_Nunweiller
6904,P-55236,Nwankwo,Simeon,1992-05-07,0,0,0,0,1,1,2018,https://en.wikipedia.org/wiki/Simeon_Nwankwo
6905,P-91949,Nwanu,Chidi,1967-01-01,0,0,1,0,0,1,1994,https://en.wikipedia.org/wiki/Chidi_Nwanu
6906,P-97867,Nwofor,Uche,1991-09-17,0,0,0,0,1,1,2014,https://en.wikipedia.org/wiki/Uche_Nwofor
6907,P-10490,Nyathi,David,1969-03-22,0,0,1,0,0,1,1998,https://en.wikipedia.org/wiki/David_Nyathi
6908,P-97601,Nyberg,Arne,1913-06-20,0,0,0,0,1,1,1938,https://en.wikipedia.org/wiki/Arne_Nyberg
6914,P-34326,Nyilasi,Tibor,1955-01-18,0,0,0,0,1,2,"1978, 1982",https://en.wikipedia.org/wiki/Tibor_Nyilasi
6917,P-05805,Nyom,Allan,1988-05-10,0,0,1,0,0,1,2014,https://en.wikipedia.org/wiki/Allan_Nyom
6918,P-72876,Nzama,Cyril,1974-06-26,0,0,1,0,0,1,2002,https://en.wikipedia.org/wiki/Cyril_Nzama
6919,P-69451,Nzonzi,Steven,1988-12-15,0,0,0,1,0,1,2018,https://en.wikipedia.org/wiki/Steven_Nzonzi
6922,P-88043,O'Brien,John,1977-08-29,0,0,0,1,0,2,"2002, 2006",https://en.wikipedia.org/wiki/John_O%27Brien_(soccer)
6925,P-64796,O'Leary,David,1958-05-02,0,0,1,0,0,1,1990,https://en.wikipedia.org/wiki/David_O%27Leary
6927,P-62565,O'Neill,John,1958-03-11,0,0,1,0,0,2,"1982, 1986",https://en.wikipedia.org/wiki/John_O%27Neill_(Northern_Irish_footballer)
6928,P-85997,O'Neill,Martin,1952-03-01,0,0,0,1,0,1,1982,https://en.wikipedia.org/wiki/Martin_O%27Neill
6931,P-84412,Oar,Tommy,1991-12-10,0,0,0,1,0,1,2014,https://en.wikipedia.org/wiki/Tommy_Oar
6932,P-50080,Obando,Marvin,1960-04-04,0,0,1,0,0,1,1990,https://en.wikipedia.org/wiki/Marvin_Obando
6933,P-62448,Obasi,Chinedu,1986-06-01,0,0,0,0,1,1,2010,https://en.wikipedia.org/wiki/Chinedu_Obasi
6935,P-75962,Oberacher,Franz,1954-03-24,0,0,0,0,1,1,1978,https://en.wikipedia.org/wiki/Franz_Oberacher
6938,P-61365,Obermayer,Erich,1953-01-23,0,0,1,0,0,2,"1978, 1982",https://en.wikipedia.org/wiki/Erich_Obermayer
6941,P-04567,Obinna,Victor,1987-03-25,0,0,0,0,1,1,2010,https://en.wikipedia.org/wiki/Victor_Obinna
6942,P-52108,Obiorah,James,1978-08-24,0,0,0,1,0,1,2002,https://en.wikipedia.org/wiki/James_Obiorah
6943,P-26214,Oblak,Branko,1947-05-27,0,0,0,1,0,1,1974,https://en.wikipedia.org/wiki/Branko_Oblak
6944,P-50099,Oblitas,Carlos Juan,1951-02-16,0,0,0,0,1,2,"1978, 1982",https://en.wikipedia.org/wiki/Juan_Carlos_Oblitas
6945,P-14952,Oboabona,Godfrey,1990-08-16,0,0,1,0,0,1,2014,https://en.wikipedia.org/wiki/Godfrey_Oboabona
6946,P-59023,Obradović,Ivan,1988-07-25,0,0,1,0,0,1,2010,https://en.wikipedia.org/wiki/Ivan_Obradovi%C4%87
6947,P-37753,Obregón,Alfonso,1972-05-12,0,0,0,1,0,1,2002,https://en.wikipedia.org/wiki/Alfonso_Obreg%C3%B3n
6950,P-80826,Ochoa,Guillermo,1985-07-13,0,1,0,0,0,5,"2006, 2010, 2014, 2018, 2022",https://en.wikipedia.org/wiki/Guillermo_Ochoa
6954,P-53882,Ocwirk,Ernst,1926-03-07,0,0,0,1,0,1,1954,https://en.wikipedia.org/wiki/Ernst_Ocwirk
6955,P-70140,Oddo,Massimo,1976-06-14,0,0,1,0,0,1,2006,https://en.wikipedia.org/wiki/Massimo_Oddo
6957,P-70006,Odemwingie,Peter,1981-07-15,0,0,0,0,1,2,"2010, 2014",https://en.wikipedia.org/wiki/Peter_Odemwingie
6959,P-65327,Odiah,Chidi,1983-12-17,0,0,1,0,0,1,2010,https://en.wikipedia.org/wiki/Chidi_Odiah
6960,P-08359,Odoi,Denis,1988-05-27,0,0,1,0,0,1,2022,https://en.wikipedia.org/wiki/Denis_Odoi
6961,P-24324,Odonkor,David,1984-02-21,0,0,0,1,0,1,2006,https://en.wikipedia.org/wiki/David_Odonkor
6966,P-12376,Ogasawara,Mitsuo,1979-04-05,0,0,0,1,0,2,"2002, 2006",https://en.wikipedia.org/wiki/Mitsuo_Ogasawara
6967,P-48550,Ogbeche,Bartholomew,1984-10-01,0,0,0,0,1,1,2002,https://en.wikipedia.org/wiki/Bartholomew_Ogbeche
6970,P-87730,Ognjanov,Tihomir,1927-03-02,0,0,0,0,1,2,"1950, 1954",https://en.wikipedia.org/wiki/Tihomir_Ognjanov
6971,P-47145,Ognjanović,Radivoje,1933-07-01,0,0,0,0,1,1,1958,https://en.wikipedia.org/wiki/Radivoje_Ognjanovi%C4%87
6972,P-85140,Ognjenović,Perica,1977-02-24,0,0,0,0,1,1,1998,https://en.wikipedia.org/wiki/Perica_Ognjenovi%C4%87
6973,P-07284,Ogris,Andreas,1964-10-07,0,0,0,0,1,1,1990,https://en.wikipedia.org/wiki/Andreas_Ogris
6976,P-10636,Oguro,Masashi,1980-05-04,0,0,0,0,1,1,2006,https://en.wikipedia.org/wiki/Masashi_Oguro
6978,P-61649,Oh,Beom-seok,1984-07-29,0,0,1,0,0,1,2010,https://en.wikipedia.org/wiki/Oh_Beom-seok
6980,P-53803,Oh,Yun-kyo,1960-05-25,0,1,0,0,0,1,1986,https://en.wikipedia.org/wiki/Oh_Yun-kyo
6986,P-92672,Ohrel,Christophe,1968-04-07,0,0,1,0,0,1,1994,https://en.wikipedia.org/wiki/Christophe_Ohrel
6989,P-85577,Okafor,Noah,2000-05-24,0,0,0,0,1,1,2022,https://en.wikipedia.org/wiki/Noah_Okafor
6990,P-34180,Okafor,Uche,1967-08-08,0,0,1,0,0,2,"1994, 1998",https://en.wikipedia.org/wiki/Uche_Okafor
6992,P-07585,Okano,Masayuki,1972-07-25,0,0,0,0,1,1,1998,https://en.wikipedia.org/wiki/Masayuki_Okano
6993,P-84807,Okazaki,Shinji,1986-04-16,0,0,0,0,1,3,"2010, 2014, 2018",https://en.wikipedia.org/wiki/Shinji_Okazaki
6994,P-74808,Okechukwu,Uche,1967-09-27,0,0,1,0,0,2,"1994, 1998",https://en.wikipedia.org/wiki/Uche_Okechukwu
6998,P-83122,Okocha,Jay-Jay,1973-08-14,0,0,0,1,0,3,"1994, 1998, 2002",https://en.wikipedia.org/wiki/Jay-Jay_Okocha
7003,P-19121,Okoronkwo,Isaac,1978-05-01,0,0,1,0,0,1,2002,https://en.wikipedia.org/wiki/Isaac_Okoronkwo
7005,P-71220,Okpara,Godwin,1972-09-20,0,0,1,0,0,1,1998,https://en.wikipedia.org/wiki/Godwin_Okpara
7007,P-90491,Ōkubo,Yoshito,1982-06-09,0,0,0,0,1,2,"2010, 2014",https://en.wikipedia.org/wiki/Yoshito_%C5%8Ckubo
7008,P-55653,Olaechea,Jorge,1956-08-27,0,0,1,0,0,1,1982,https://en.wikipedia.org/wiki/Jorge_Olaechea
7009,P-46907,Olarticoechea,Julio,1958-10-18,0,0,1,0,0,3,"1982, 1986, 1990",https://en.wikipedia.org/wiki/Julio_Olarticoechea
7010,P-84152,Olembé,Salomon,1980-12-08,0,0,0,1,0,2,"1998, 2002",https://en.wikipedia.org/wiki/Salomon_Olemb%C3%A9
7012,P-06976,Olguín,Jorge,1952-05-17,0,0,1,0,0,2,"1978, 1982",https://en.wikipedia.org/wiki/Jorge_Olgu%C3%ADn
7013,P-13265,Olić,Ivica,1979-09-14,0,0,0,0,1,3,"2002, 2006, 2014",https://en.wikipedia.org/wiki/Ivica_Oli%C4%87
7014,P-91871,Oliha,Thompson,1968-10-04,0,0,0,1,0,1,1994,https://en.wikipedia.org/wiki/Thompson_Oliha
7016,P-75230,Olisadebe,Emmanuel,1978-12-22,0,0,0,0,1,1,2002,https://en.wikipedia.org/wiki/Emmanuel_Olisadebe
7017,P-41790,Oliseh,Sunday,1974-09-14,0,0,0,1,0,2,"1994, 1998",https://en.wikipedia.org/wiki/Sunday_Oliseh
7020,P-48881,Oliveira,António,1958-06-08,0,0,1,0,0,1,1986,https://en.wikipedia.org/wiki/Ant%C3%B3nio_Henriques_Jesus_Oliveira
7022,P-00109,Oliveira,Luís,1969-03-24,0,0,0,0,1,1,1998,https://en.wikipedia.org/wiki/Lu%C3%ADs_Oliveira
7026,P-90796,Olivera,Mathías,1997-10-31,0,0,1,0,0,1,2022,https://en.wikipedia.org/wiki/Math%C3%ADas_Olivera
7030,P-71410,Ollerton,Peter,1951-05-20,0,0,0,1,0,1,1974,https://en.wikipedia.org/wiki/Peter_Ollerton
7033,P-40419,Olmo,Antonio,1954-01-18,0,0,1,0,0,1,1978,https://en.wikipedia.org/wiki/Antonio_Olmo
7034,P-40007,Olmo,Dani,1998-05-07,0,0,0,0,1,1,2022,https://en.wikipedia.org/wiki/Dani_Olmo
7035,P-82313,Olsen,Andreas Skov,1999-12-29,0,0,0,1,0,1,2022,https://en.wikipedia.org/wiki/Andreas_Skov_Olsen
7036,P-60945,Olsen,Ben,1977-05-03,0,0,0,1,0,1,2006,https://en.wikipedia.org/wiki/Ben_Olsen
7037,P-21213,Olsen,Jesper,1961-03-20,0,0,0,0,1,1,1986,https://en.wikipedia.org/wiki/Jesper_Olsen
7039,P-40610,Olsen,Morten,1949-08-14,0,0,1,0,0,1,1986,https://en.wikipedia.org/wiki/Morten_Olsen
7040,P-26943,Olsen,Robin,1990-01-08,0,1,0,0,0,1,2018,https://en.wikipedia.org/wiki/Robin_Olsen
7044,P-96792,Olsson,Jan,1942-03-30,0,0,1,0,0,1,1974,"https://en.wikipedia.org/wiki/Jan_Olsson_(footballer,_born_1942)"
7045,P-48546,Olsson,Jan,1944-03-18,0,0,1,0,0,1,1970,"https://en.wikipedia.org/wiki/Jan_Olsson_(footballer,_born_1944)"
7046,P-90129,Olsson,Martin,1988-05-17,0,0,1,0,0,1,2018,https://en.wikipedia.org/wiki/Martin_Olsson
7049,P-44097,Olufadé,Adékambi,1980-01-07,0,0,0,1,0,1,2006,https://en.wikipedia.org/wiki/Ad%C3%A9kambi_Olufad%C3%A9
7053,P-77989,Omam-Biyik,François,1966-05-21,0,0,0,0,1,3,"1990, 1994, 1998",https://en.wikipedia.org/wiki/Fran%C3%A7ois_Omam-Biyik
7056,P-98806,Omeruo,Kenneth,1993-10-17,0,0,1,0,0,2,"2014, 2018",https://en.wikipedia.org/wiki/Kenneth_Omeruo
7058,P-43163,Omura,Norio,1969-09-06,0,0,1,0,0,1,1998,https://en.wikipedia.org/wiki/Norio_Omura
7059,P-21652,Onana,Amadou,2001-08-16,0,0,0,1,0,1,2022,https://en.wikipedia.org/wiki/Amadou_Onana
7060,P-67127,Onana,André,1996-04-02,0,1,0,0,0,1,2022,https://en.wikipedia.org/wiki/Andr%C3%A9_Onana
7061,P-66008,Onana,Elie,1951-10-13,0,0,1,0,0,1,1982,https://en.wikipedia.org/wiki/Elie_Onana
7062,P-56577,Onana,Jules,1964-06-12,0,0,0,1,0,1,1990,https://en.wikipedia.org/wiki/Jules_Onana
7064,P-94774,Onazi,Ogenyi,1992-12-25,0,0,0,1,0,2,"2014, 2018",https://en.wikipedia.org/wiki/Ogenyi_Onazi
7065,P-36707,Ondoua,Gaël,1995-11-04,0,0,0,1,0,1,2022,https://en.wikipedia.org/wiki/Ga%C3%ABl_Ondoua
7066,P-20306,Onega,Ermindo,1940-04-30,0,0,0,0,1,1,1966,https://en.wikipedia.org/wiki/Ermindo_Onega
7069,P-04785,Ono,Shinji,1979-09-27,0,0,0,1,0,3,"1998, 2002, 2006",https://en.wikipedia.org/wiki/Shinji_Ono
7071,P-83394,Onopko,Viktor,1969-10-14,0,0,1,0,0,2,"1994, 2002",https://en.wikipedia.org/wiki/Viktor_Onopko
7072,P-87765,Onyewu,Oguchi,1982-05-13,0,0,1,0,0,2,"2006, 2010",https://en.wikipedia.org/wiki/Oguchi_Onyewu
7073,P-96131,Ooijer,André,1974-07-11,0,0,1,0,0,3,"1998, 2006, 2010",https://en.wikipedia.org/wiki/Andr%C3%A9_Ooijer
7076,P-52099,Opabunmi,Femi,1985-03-03,0,0,0,1,0,1,2002,https://en.wikipedia.org/wiki/Femi_Opabunmi
7079,P-01364,Oparaku,Mobi,1976-12-01,0,0,1,0,0,1,1998,https://en.wikipedia.org/wiki/Mobi_Oparaku
7081,P-04420,Opare,Daniel,1990-10-18,0,0,1,0,0,1,2014,https://en.wikipedia.org/wiki/Daniel_Opare
7082,P-70691,Openda,Loïs,2000-02-16,0,0,0,0,1,1,2022,https://en.wikipedia.org/wiki/Lo%C3%AFs_Openda
7085,P-83361,Orabi,Osama,1962-01-22,0,0,0,1,0,1,1990,https://en.wikipedia.org/wiki/Osama_Orabi
7086,P-42180,Oraibi,Ghanim,1961-08-16,0,0,1,0,0,1,1986,https://en.wikipedia.org/wiki/Ghanim_Oraibi
7090,P-77010,Ordiales,Jaime,1963-12-23,0,0,0,1,0,1,1998,https://en.wikipedia.org/wiki/Jaime_Ordiales
7092,P-31755,Orellana,Fabián,1986-01-27,0,0,0,1,1,2,"2010, 2014",https://en.wikipedia.org/wiki/Fabi%C3%A1n_Orellana
7093,P-75736,Oriali,Gabriele,1952-11-25,0,0,0,1,0,1,1982,https://en.wikipedia.org/wiki/Gabriele_Oriali
7094,P-77619,Origi,Divock,1995-04-18,0,0,0,0,1,1,2014,https://en.wikipedia.org/wiki/Divock_Origi
7103,P-03638,Orsi,Raimundo,1901-12-02,0,0,0,0,1,1,1934,https://en.wikipedia.org/wiki/Raimundo_Orsi
7104,P-26942,Oršić,Mislav,1992-12-29,0,0,0,0,1,1,2022,https://en.wikipedia.org/wiki/Mislav_Or%C5%A1i%C4%87
7106,P-00065,Ortega,Ariel,1974-03-04,0,0,0,1,0,3,"1994, 1998, 2002",https://en.wikipedia.org/wiki/Ariel_Ortega
7107,P-10248,Ortega,Cristóbal,1956-07-25,0,0,0,0,1,2,"1978, 1986",https://en.wikipedia.org/wiki/Crist%C3%B3bal_Ortega
7110,P-37133,Ortigoza,Néstor,1984-10-07,0,0,0,1,0,1,2010,https://en.wikipedia.org/wiki/N%C3%A9stor_Ortigoza
7111,P-36858,Ortiz,Héctor,1928-12-20,0,0,0,1,0,1,1950,https://en.wikipedia.org/wiki/H%C3%A9ctor_Ortiz_(footballer)
7115,P-34830,Ortiz,Oscar,1953-04-08,0,0,0,0,1,1,1978,https://en.wikipedia.org/wiki/Oscar_Alberto_Ortiz
7118,P-89782,Oruma,Wilson,1976-12-30,0,0,0,1,0,1,1998,https://en.wikipedia.org/wiki/Wilson_Oruma
7119,P-23371,Osako,Yuya,1990-05-18,0,0,0,0,1,2,"2014, 2018",https://en.wikipedia.org/wiki/Yuya_Osako
7120,P-10055,Osbén,Mario,1950-07-14,0,1,0,0,0,1,1982,https://en.wikipedia.org/wiki/Mario_Osb%C3%A9n
7122,P-69644,Oscar,not applicable,1954-06-20,0,0,1,0,0,3,"1978, 1982, 1986","https://en.wikipedia.org/wiki/Oscar_(footballer,_born_1954)"
7123,P-37239,Oscar,not applicable,1991-09-09,0,0,0,1,0,1,2014,"https://en.wikipedia.org/wiki/Oscar_(footballer,_born_1991)"
7126,P-11917,Osgood,Peter,1947-02-20,0,0,0,0,1,1,1970,https://en.wikipedia.org/wiki/Peter_Osgood
7127,P-79048,Oshaniwa,Juwon,1990-09-14,0,0,1,0,0,1,2014,https://en.wikipedia.org/wiki/Juwon_Oshaniwa
7131,P-27541,Osorio,Jonathan,1992-06-12,0,0,0,1,0,1,2022,https://en.wikipedia.org/wiki/Jonathan_Osorio
7132,P-98486,Osorio,Ricardo,1980-03-30,0,0,1,0,0,2,"2006, 2010",https://en.wikipedia.org/wiki/Ricardo_Osorio
7133,P-33258,Osorio,Saturnino,1945-01-06,0,0,1,0,0,1,1970,https://en.wikipedia.org/wiki/Saturnino_Osorio
7134,P-86679,Osorto,Francisco,1957-03-20,0,0,1,0,0,1,1982,https://en.wikipedia.org/wiki/Francisco_Osorto
7135,P-94838,Ospina,David,1988-08-31,0,1,0,0,0,2,"2014, 2018",https://en.wikipedia.org/wiki/David_Ospina
7139,P-94822,Østenstad,Egil,1972-01-02,0,0,0,0,1,1,1998,https://en.wikipedia.org/wiki/Egil_%C3%98stenstad
7140,P-48910,Osterc,Milan,1975-07-04,0,0,0,0,1,1,2002,https://en.wikipedia.org/wiki/Milan_Osterc
7141,P-68471,Ostolaza,Santiago,1962-07-10,0,0,0,1,0,1,1990,https://en.wikipedia.org/wiki/Santiago_Ostolaza
7143,P-00146,Ostrowski,Marek,1959-11-22,0,0,1,0,0,1,1986,https://en.wikipedia.org/wiki/Marek_Ostrowski
7145,P-49114,Otamendi,Nicolás,1988-02-12,0,0,1,0,0,3,"2010, 2018, 2022",https://en.wikipedia.org/wiki/Nicol%C3%A1s_Otamendi
7147,P-78787,Otávio,not applicable,1995-02-09,0,0,0,1,0,1,2022,"https://en.wikipedia.org/wiki/Ot%C3%A1vio_(footballer,_born_1995)"
7148,P-99177,Otayf,Abdullah,1992-08-03,0,0,0,1,0,2,"2018, 2022",https://en.wikipedia.org/wiki/Abdullah_Otayf
7151,P-20256,Otero,Jorge,1969-03-08,0,0,1,0,0,1,1994,https://en.wikipedia.org/wiki/Jorge_Otero
7154,P-74260,Ouadani,Lahcen,1959-07-14,0,0,1,0,0,1,1986,https://en.wikipedia.org/wiki/Lahcen_Ouadani
7158,P-40619,Ounahi,Azzedine,2000-04-19,0,0,0,1,0,1,2022,https://en.wikipedia.org/wiki/Azzedine_Ounahi
7159,P-22016,Ovalle,Luis,1988-09-07,0,0,1,0,0,1,2018,https://en.wikipedia.org/wiki/Luis_Ovalle
7160,P-60896,Overath,Wolfgang,1943-09-29,0,0,0,1,0,3,"1966, 1970, 1974",https://en.wikipedia.org/wiki/Wolfgang_Overath
7162,P-33834,Overmars,Marc,1973-03-29,0,0,0,1,1,2,"1994, 1998",https://en.wikipedia.org/wiki/Marc_Overmars
7163,P-10740,Oviedo,Bryan,1990-02-18,0,0,1,0,0,2,"2018, 2022",https://en.wikipedia.org/wiki/Bryan_Oviedo
7164,P-45194,Oviedo,Miguel,1950-10-12,0,0,0,1,0,1,1978,https://en.wikipedia.org/wiki/Miguel_Oviedo
7166,P-51130,Owen,Michael,1979-12-14,0,0,0,0,1,3,"1998, 2002, 2006",https://en.wikipedia.org/wiki/Michael_Owen
7170,P-06223,Owusu-Abeyie,Quincy,1986-04-15,0,0,0,1,0,1,2010,https://en.wikipedia.org/wiki/Quincy_Owusu-Abeyie
7172,P-44850,Özalan,Alpay,1973-05-29,0,0,1,0,0,1,2002,https://en.wikipedia.org/wiki/Alpay_%C3%96zalan
7173,P-04455,Özat,Ümit,1976-10-30,0,0,1,0,0,1,2002,https://en.wikipedia.org/wiki/%C3%9Cmit_%C3%96zat
7176,P-12818,Özil,Mesut,1988-10-15,0,0,0,1,0,3,"2010, 2014, 2018",https://en.wikipedia.org/wiki/Mesut_%C3%96zil
7180,P-97302,Pacheco,Jaime,1958-07-22,0,0,0,1,0,1,1986,https://en.wikipedia.org/wiki/Jaime_Pacheco
7185,P-91914,Padilla,Aarón,1942-07-10,0,0,0,0,1,2,"1966, 1970",https://en.wikipedia.org/wiki/Aar%C3%B3n_Padilla_Guti%C3%A9rrez
7187,P-27772,Páez,Guillermo,1945-04-18,0,0,0,1,0,1,1974,https://en.wikipedia.org/wiki/Guillermo_P%C3%A1ez
7189,P-81131,Pagal,Jean-Claude,1964-09-15,0,0,1,0,0,1,1990,https://en.wikipedia.org/wiki/Jean-Claude_Pagal
7191,P-88002,Pagliuca,Gianluca,1966-12-18,0,1,0,0,0,3,"1990, 1994, 1998",https://en.wikipedia.org/wiki/Gianluca_Pagliuca
7194,P-25083,Paintsil,John,1981-06-15,0,0,1,1,0,2,"2006, 2010",https://en.wikipedia.org/wiki/John_Paintsil
7195,P-35746,Pak,Chol-jin,1985-09-05,0,0,1,0,0,1,2010,https://en.wikipedia.org/wiki/Pak_Chol-jin
7196,P-64788,Pak,Doo-ik,1942-03-17,0,0,0,0,1,1,1966,https://en.wikipedia.org/wiki/Pak_Doo-ik
7201,P-56547,Pak,Nam-chol,1985-07-02,0,0,0,1,0,1,2010,"https://en.wikipedia.org/wiki/Pak_Nam-chol_(footballer,_born_1985)"
7203,P-87203,Pak,Seung-zin,1941-01-11,0,0,0,0,1,1,1966,https://en.wikipedia.org/wiki/Pak_Seung-zin
7204,P-21914,Pakos,George,1952-08-14,0,0,0,0,1,1,1986,https://en.wikipedia.org/wiki/George_Pakos
7205,P-27419,Palacio,Rodrigo,1982-02-05,0,0,0,0,1,2,"2006, 2014",https://en.wikipedia.org/wiki/Rodrigo_Palacio
7207,P-00848,Palacios,Ever,1969-01-18,0,0,1,0,0,1,1998,https://en.wikipedia.org/wiki/Ever_Palacios
7208,P-40147,Palacios,Exequiel,1998-10-05,0,0,0,1,0,1,2022,https://en.wikipedia.org/wiki/Exequiel_Palacios
7209,P-73160,Palacios,Jerry,1981-11-01,0,0,0,0,1,2,"2010, 2014",https://en.wikipedia.org/wiki/Jerry_Palacios
7212,P-15185,Palacios,Wilson,1984-07-29,0,0,0,1,0,2,"2010, 2014",https://en.wikipedia.org/wiki/Wilson_Palacios
7213,P-98924,Pałasz,Andrzej,1960-07-22,0,0,0,1,0,2,"1982, 1986",https://en.wikipedia.org/wiki/Andrzej_Pa%C5%82asz
7214,P-80183,Palencia,Francisco,1973-04-28,0,0,0,0,1,2,"1998, 2002",https://en.wikipedia.org/wiki/Francisco_Palencia
7215,P-60592,Palermo,Martín,1973-11-07,0,0,0,0,1,1,2010,https://en.wikipedia.org/wiki/Mart%C3%ADn_Palermo
7216,P-73649,Paletta,Gabriel,1986-02-15,0,0,1,0,0,1,2014,https://en.wikipedia.org/wiki/Gabriel_Paletta
7218,P-46583,Palhinha,João,1995-07-09,0,0,0,1,0,1,2022,https://en.wikipedia.org/wiki/Jo%C3%A3o_Palhinha
7221,P-52190,Palmér,Karl-Erik,1929-04-17,0,0,0,0,1,1,1950,https://en.wikipedia.org/wiki/Karl-Erik_Palm%C3%A9r
7224,P-42138,Palotás,Péter,1929-06-27,0,0,0,0,1,1,1954,https://en.wikipedia.org/wiki/P%C3%A9ter_Palot%C3%A1s
7225,P-31050,Pålsson,Sten,1945-12-04,0,0,0,1,0,1,1970,https://en.wikipedia.org/wiki/Sten_P%C3%A5lsson
7231,P-31892,Pančev,Darko,1965-09-07,0,0,0,0,1,1,1990,https://en.wikipedia.org/wiki/Darko_Pan%C4%8Dev
7233,P-00152,Pandolfini,Egisto,1926-02-19,0,0,0,0,1,2,"1950, 1954",https://en.wikipedia.org/wiki/Egisto_Pandolfini
7234,P-11979,Panduru,Basarab,1970-07-11,0,0,0,1,0,1,1994,https://en.wikipedia.org/wiki/Basarab_Panduru
7235,P-19209,Panenka,Antonín,1948-12-02,0,0,0,1,0,1,1982,https://en.wikipedia.org/wiki/Anton%C3%ADn_Panenka
7240,P-66322,Panov,Pavel,1950-09-14,0,0,0,0,1,1,1974,https://en.wikipedia.org/wiki/Pavel_Panov
7241,P-76922,Pantelić,Dragan,1951-12-09,0,1,0,0,0,1,1982,https://en.wikipedia.org/wiki/Dragan_Panteli%C4%87
7242,P-07371,Pantelić,Marko,1978-09-15,0,0,0,0,1,1,2010,https://en.wikipedia.org/wiki/Marko_Panteli%C4%87
7244,P-45258,Panucci,Christian,1973-04-12,0,0,1,0,0,1,2002,https://en.wikipedia.org/wiki/Christian_Panucci
7245,P-36090,Papadopoulos,Avraam,1984-12-03,0,0,1,0,0,1,2010,https://en.wikipedia.org/wiki/Avraam_Papadopoulos
7246,P-11436,Papastathopoulos,Sokratis,1988-06-09,0,0,1,0,0,2,"2010, 2014",https://en.wikipedia.org/wiki/Sokratis_Papastathopoulos
7249,P-50374,Papi,Claude,1949-04-16,0,0,0,1,0,1,1978,https://en.wikipedia.org/wiki/Claude_Papi
7250,P-31235,Papin,Jean-Pierre,1963-11-05,0,0,0,0,1,1,1986,https://en.wikipedia.org/wiki/Jean-Pierre_Papin
7252,P-03949,Pappoe,Emmanuel,1981-03-03,0,0,1,0,0,1,2006,https://en.wikipedia.org/wiki/Emmanuel_Pappoe
7253,P-42028,Papură,Corneliu,1973-09-05,0,0,1,0,0,1,1994,https://en.wikipedia.org/wiki/Corneliu_Papur%C4%83
7254,P-05164,Paquetá,Lucas,1997-08-27,0,0,0,1,0,1,2022,https://en.wikipedia.org/wiki/Lucas_Paquet%C3%A1
7256,P-46166,Pardeza,Miguel,1965-02-08,0,0,0,0,1,1,1990,https://en.wikipedia.org/wiki/Miguel_Pardeza
7258,P-34636,Pardo,Pável,1976-07-26,0,0,0,1,0,2,"1998, 2006",https://en.wikipedia.org/wiki/P%C3%A1vel_Pardo
7260,P-42797,Paredes,Carlos,1976-07-16,0,0,0,1,0,3,"1998, 2002, 2006",https://en.wikipedia.org/wiki/Carlos_Humberto_Paredes
7262,P-08708,Paredes,Esteban,1980-08-01,0,0,0,0,1,2,"2010, 2014",https://en.wikipedia.org/wiki/Esteban_Paredes
7264,P-43280,Paredes,Juan Carlos,1987-07-08,0,0,1,0,0,1,2014,https://en.wikipedia.org/wiki/Juan_Carlos_Paredes
7265,P-27582,Paredes,Leandro,1994-06-29,0,0,0,1,0,1,2022,https://en.wikipedia.org/wiki/Leandro_Paredes
7266,P-88982,Pariani,Gino,1928-02-21,0,0,0,0,1,1,1950,https://en.wikipedia.org/wiki/Gino_Pariani
7268,P-99813,Park,Chang-sun,1954-02-02,0,0,0,1,0,1,1986,https://en.wikipedia.org/wiki/Park_Chang-sun
7269,P-06608,Park,Chu-young,1985-07-10,0,0,0,0,1,3,"2006, 2010, 2014",https://en.wikipedia.org/wiki/Park_Chu-young
7276,P-25724,Park,Ji-sung,1981-02-25,0,0,0,1,0,3,"2002, 2006, 2010",https://en.wikipedia.org/wiki/Park_Ji-sung
7278,P-16489,Park,Joo-ho,1987-01-16,0,0,1,0,0,2,"2014, 2018",https://en.wikipedia.org/wiki/Park_Joo-ho
7279,P-92215,Park,Jung-bae,1967-02-19,0,0,1,0,0,1,1994,https://en.wikipedia.org/wiki/Park_Jung-bae_(footballer)
7281,P-43950,Park,Kyung-hoon,1961-01-19,0,0,1,0,0,2,"1986, 1990",https://en.wikipedia.org/wiki/Park_Kyung-hoon
7283,P-36316,Parker,Bernard,1986-03-16,0,0,0,0,1,1,2010,https://en.wikipedia.org/wiki/Bernard_Parker
7285,P-96960,Parker,Paul,1964-04-04,0,0,1,0,0,1,1990,https://en.wikipedia.org/wiki/Paul_Parker_(footballer)
7286,P-20880,Parks,Winston,1981-10-12,0,0,0,0,1,1,2002,https://en.wikipedia.org/wiki/Winston_Parks
7290,P-22636,Parodi,José,1932-08-30,0,0,0,0,1,1,1958,https://en.wikipedia.org/wiki/Jos%C3%A9_Parodi
7292,P-61270,Parolo,Marco,1985-01-25,0,0,0,1,0,1,2014,https://en.wikipedia.org/wiki/Marco_Parolo
7295,P-91710,Parraguez,Nelson,1971-04-05,0,0,0,1,0,1,1998,https://en.wikipedia.org/wiki/Nelson_Parraguez
7298,P-07875,Partey,Thomas,1993-06-13,0,0,0,1,0,1,2022,https://en.wikipedia.org/wiki/Thomas_Partey
7299,P-81360,Parvin,Ali,1946-10-12,0,0,0,1,0,1,1978,https://en.wikipedia.org/wiki/Ali_Parvin
7300,P-89948,Pašalić,Mario,1995-02-09,0,0,0,1,0,1,2022,https://en.wikipedia.org/wiki/Mario_Pa%C5%A1ali%C4%87
7301,P-09954,Pascolo,Marco,1966-05-09,0,1,0,0,0,1,1994,https://en.wikipedia.org/wiki/Marco_Pascolo
7302,P-12666,Pasculli,Pedro,1960-05-17,0,0,0,0,1,1,1986,https://en.wikipedia.org/wiki/Pedro_Pasculli
7304,P-06693,Pashazadeh,Mehdi,1973-12-27,0,0,1,0,0,1,1998,https://en.wikipedia.org/wiki/Mehdi_Pashazadeh
7305,P-19526,Pashev,Atanas,1963-11-21,0,0,0,0,1,1,1986,https://en.wikipedia.org/wiki/Atanas_Pashev
7309,P-80376,Passarella,Daniel,1953-05-25,0,0,1,0,0,3,"1978, 1982, 1986",https://en.wikipedia.org/wiki/Daniel_Passarella
7311,P-60304,Paston,Mark,1976-12-13,0,1,0,0,0,1,2010,https://en.wikipedia.org/wiki/Mark_Paston
7312,P-91484,Pastore,Javier,1989-06-20,0,0,0,1,0,1,2010,https://en.wikipedia.org/wiki/Javier_Pastore
7315,P-71973,Patenaude,Bert,1909-11-04,0,0,0,0,1,1,1930,https://en.wikipedia.org/wiki/Bert_Patenaude
7318,P-72028,Patrício,Rui,1988-02-15,0,1,0,0,0,3,"2014, 2018, 2022",https://en.wikipedia.org/wiki/Rui_Patr%C3%ADcio
7319,P-70421,Patsatzoglou,Christos,1979-03-19,0,0,1,0,0,1,2010,https://en.wikipedia.org/wiki/Christos_Patsatzoglou
7323,P-83141,Patzke,Bernd,1943-03-14,0,0,1,0,0,2,"1966, 1970",https://en.wikipedia.org/wiki/Bernd_Patzke
7326,P-57982,Pauleta,not applicable,1973-04-28,0,0,0,0,1,2,"2002, 2006",https://en.wikipedia.org/wiki/Pauleta
7328,P-54013,Paulinho,not applicable,1988-07-25,0,0,0,1,0,2,"2014, 2018","https://en.wikipedia.org/wiki/Paulinho_(footballer,_born_July_1988)"
7329,P-20389,Paulista,Juninho,1973-02-22,0,0,0,1,0,1,2002,https://en.wikipedia.org/wiki/Juninho_Paulista
7331,P-60652,Pavard,Benjamin,1996-03-28,0,0,1,0,0,2,"2018, 2022",https://en.wikipedia.org/wiki/Benjamin_Pavard
7333,P-06135,Pavlin,Miran,1971-10-08,0,0,0,1,0,1,2002,https://en.wikipedia.org/wiki/Miran_Pavlin
7334,P-62762,Pavlović,Miroslav,1942-10-23,0,0,0,1,0,1,1974,https://en.wikipedia.org/wiki/Miroslav_Pavlovi%C4%87
7335,P-98435,Pavlović,Strahinja,2001-05-24,0,0,1,0,0,1,2022,https://en.wikipedia.org/wiki/Strahinja_Pavlovi%C4%87
7338,P-59301,Pavón,Carlos,1973-10-19,0,0,0,0,1,1,2010,https://en.wikipedia.org/wiki/Carlos_Pav%C3%B3n
7339,P-85116,Pavón,Cristian,1996-01-21,0,0,0,1,0,1,2018,https://en.wikipedia.org/wiki/Cristian_Pav%C3%B3n
7340,P-46047,Pavoni,Ricardo,1943-07-08,0,0,1,0,0,1,1974,https://en.wikipedia.org/wiki/Ricardo_Pavoni
7341,P-59285,Pawlak,Krzysztof,1958-02-12,0,0,1,0,0,1,1986,https://en.wikipedia.org/wiki/Krzysztof_Pawlak
7344,P-43717,Paz,Pablo,1973-01-27,0,0,1,0,0,1,1998,https://en.wikipedia.org/wiki/Pablo_Paz
7345,P-10514,Paz,Rafael,1965-08-02,0,0,0,1,0,1,1990,https://en.wikipedia.org/wiki/Rafael_Paz
7346,P-83805,Paz,Rubén,1959-08-08,0,0,0,1,0,2,"1986, 1990",https://en.wikipedia.org/wiki/Rub%C3%A9n_Paz
7347,P-70794,Pazdan,Michał,1987-09-21,0,0,1,0,0,1,2018,https://en.wikipedia.org/wiki/Micha%C5%82_Pazdan
7350,P-27627,Pazzini,Giampaolo,1984-08-02,0,0,0,0,1,1,2010,https://en.wikipedia.org/wiki/Giampaolo_Pazzini
7353,P-67307,Pearce,Stuart,1962-04-24,0,0,1,0,0,1,1990,https://en.wikipedia.org/wiki/Stuart_Pearce
7355,P-57468,Pecl,Robert,1965-11-15,0,0,1,0,0,1,1990,https://en.wikipedia.org/wiki/Robert_Pecl
7356,P-14953,Pečnik,Nejc,1986-01-03,0,0,0,0,1,1,2010,https://en.wikipedia.org/wiki/Nejc_Pe%C4%8Dnik
7362,P-24897,Pedri,not applicable,2002-11-25,0,0,0,1,0,1,2022,https://en.wikipedia.org/wiki/Pedri
7364,P-78418,Pedro,not applicable,1987-07-28,0,0,0,0,1,2,"2010, 2014","https://en.wikipedia.org/wiki/Pedro_(footballer,_born_1987)"
7365,P-15197,Pedro,not applicable,1997-06-20,0,0,0,0,1,1,2022,"https://en.wikipedia.org/wiki/Pedro_(footballer,_born_1997)"
7371,P-12842,Peeters,Jacky,1969-12-13,0,0,1,0,0,1,2002,https://en.wikipedia.org/wiki/Jacky_Peeters
7372,P-15268,Peiró,Joaquín,1936-01-29,0,0,0,1,0,2,"1962, 1966",https://en.wikipedia.org/wiki/Joaqu%C3%ADn_Peir%C3%B3
7373,P-55404,Pekarík,Peter,1986-10-30,0,0,1,0,0,1,2010,https://en.wikipedia.org/wiki/Peter_Pekar%C3%ADk
7374,P-50252,Peláez,Ricardo,1963-03-14,0,0,0,0,1,1,1998,https://en.wikipedia.org/wiki/Ricardo_Pel%C3%A1ez
7375,P-38906,Pelé,not applicable,1940-10-23,0,0,0,0,1,4,"1958, 1962, 1966, 1970",https://en.wikipedia.org/wiki/Pel%C3%A9
7379,P-95062,Pellistri,Facundo,2001-12-20,0,0,0,0,1,1,2022,https://en.wikipedia.org/wiki/Facundo_Pellistri
7382,P-20960,Peña,Álvaro,1965-02-11,0,0,0,0,1,1,1994,https://en.wikipedia.org/wiki/%C3%81lvaro_Pe%C3%B1a_(Bolivian_footballer)
7383,P-77489,Peña,Carlos,1990-03-29,0,0,0,1,0,1,2014,https://en.wikipedia.org/wiki/Carlos_Pe%C3%B1a_(Mexican_footballer)
7384,P-64553,Peña,Gustavo,1941-11-22,0,0,1,0,0,2,"1966, 1970",https://en.wikipedia.org/wiki/Gustavo_Pe%C3%B1a
7385,P-06645,Peña,Juan Manuel,1973-01-17,0,0,1,0,0,1,1994,https://en.wikipedia.org/wiki/Juan_Manuel_Pe%C3%B1a
7387,P-65298,Penbe,Ergün,1972-05-17,0,0,0,1,0,1,2002,https://en.wikipedia.org/wiki/Erg%C3%BCn_Penbe
7388,P-77521,Penedo,Jaime,1981-09-26,0,1,0,0,0,1,2018,https://en.wikipedia.org/wiki/Jaime_Penedo
7389,P-59856,Penev,Dimitar,1945-07-12,0,0,1,0,0,3,"1966, 1970, 1974",https://en.wikipedia.org/wiki/Dimitar_Penev
7390,P-99418,Penev,Lyuboslav,1966-08-31,0,0,0,0,1,1,1998,https://en.wikipedia.org/wiki/Lyuboslav_Penev
7392,P-84808,Penney,Steve,1964-01-16,0,0,0,1,0,1,1986,https://en.wikipedia.org/wiki/Steve_Penney_(footballer)
7393,P-07577,Pensée,Michel,1973-06-16,0,0,1,0,0,1,1998,https://en.wikipedia.org/wiki/Michel_Pens%C3%A9e
7397,P-81972,Pepe,not applicable,1983-02-26,0,0,1,0,0,4,"2010, 2014, 2018, 2022","https://en.wikipedia.org/wiki/Pepe_(footballer,_born_1983)"
7398,P-47246,Pepe,Simone,1983-08-30,0,0,0,1,0,1,2010,https://en.wikipedia.org/wiki/Simone_Pepe
7399,P-70927,Perácio,not applicable,1917-11-02,0,0,0,0,1,1,1938,https://en.wikipedia.org/wiki/Jos%C3%A9_Per%C3%A1cio
7401,P-83642,Peralta,Oribe,1984-01-12,0,0,0,0,1,2,"2014, 2018",https://en.wikipedia.org/wiki/Oribe_Peralta
7405,P-69960,Perdomo,José,1965-01-05,0,0,0,1,0,1,1990,https://en.wikipedia.org/wiki/Jos%C3%A9_Perdomo
7406,P-92695,Perea,Luis Carlos,1963-12-29,0,0,1,0,0,2,"1990, 1994",https://en.wikipedia.org/wiki/Luis_Carlos_Perea
7407,P-11075,Pereira,Álvaro,1985-11-28,0,0,0,1,0,2,"2010, 2014",https://en.wikipedia.org/wiki/%C3%81lvaro_Pereira
7409,P-98929,Pereira,Danilo,1991-09-09,0,0,1,0,0,1,2022,https://en.wikipedia.org/wiki/Danilo_Pereira
7412,P-17971,Pereira,João,1984-02-25,0,0,1,0,0,1,2014,"https://en.wikipedia.org/wiki/Jo%C3%A3o_Pereira_(footballer,_born_1984)"
7414,P-87744,Pereira,Luís,1949-06-21,0,0,1,0,0,1,1974,https://en.wikipedia.org/wiki/Lu%C3%ADs_Pereira
7415,P-41944,Pereira,Maxi,1984-06-08,0,0,1,0,0,3,"2010, 2014, 2018",https://en.wikipedia.org/wiki/Maxi_Pereira
7417,P-35081,Pereira,Ricardo,1993-10-06,0,0,1,0,0,1,2018,"https://en.wikipedia.org/wiki/Ricardo_Pereira_(footballer,_born_1993)"
7418,P-80877,Pereira,Ruben,1968-01-28,0,0,0,1,0,1,1990,https://en.wikipedia.org/wiki/Ruben_Pereira
7420,P-89772,Peres,Marinho,1947-03-19,0,0,1,0,0,1,1974,https://en.wikipedia.org/wiki/Marinho_Peres
7421,P-60866,Peres,Waldir,1951-02-02,0,1,0,0,0,3,"1974, 1978, 1982",https://en.wikipedia.org/wiki/Waldir_Peres
7422,P-03963,Pereyra,Darío,1956-10-19,0,0,1,0,0,1,1986,https://en.wikipedia.org/wiki/Dar%C3%ADo_Pereyra
7427,P-76850,Pérez,Blas,1981-03-13,0,0,0,0,1,1,2018,https://en.wikipedia.org/wiki/Blas_P%C3%A9rez
7430,P-53254,Pérez,Diego,1980-05-18,0,0,0,1,0,2,"2010, 2014",https://en.wikipedia.org/wiki/Diego_P%C3%A9rez_(footballer)
7432,P-69019,Pérez,Enzo,1986-02-22,0,0,0,1,0,2,"2014, 2018",https://en.wikipedia.org/wiki/Enzo_P%C3%A9rez
7434,P-85613,Pérez,Hugo,1963-11-08,0,0,0,1,0,1,1994,https://en.wikipedia.org/wiki/Hugo_P%C3%A9rez_(soccer)
7439,P-84660,Pérez,Julio,1926-06-19,0,0,0,0,1,2,"1950, 1954",https://en.wikipedia.org/wiki/Julio_P%C3%A9rez
7441,P-17445,Pérez,Luis Ernesto,1981-01-12,0,0,0,1,0,1,2006,https://en.wikipedia.org/wiki/Luis_Ernesto_P%C3%A9rez
7443,P-42664,Pérez,Mario,1946-07-30,0,0,1,0,0,1,1970,"https://en.wikipedia.org/wiki/Mario_P%C3%A9rez_(footballer,_born_1946)"
7444,P-52784,Pérez,Óscar,1973-02-01,0,1,0,0,0,3,"1998, 2002, 2010",https://en.wikipedia.org/wiki/%C3%93scar_P%C3%A9rez_Rojas
7447,P-06957,Pérez,Wilson,1967-08-06,0,0,1,0,0,1,1994,https://en.wikipedia.org/wiki/Wilson_P%C3%A9rez
7448,P-94783,Perfumo,Roberto,1942-10-03,0,0,1,0,0,2,"1966, 1974",https://en.wikipedia.org/wiki/Roberto_Perfumo
7451,P-93884,Perišić,Ivan,1989-02-02,0,0,0,1,1,3,"2014, 2018, 2022",https://en.wikipedia.org/wiki/Ivan_Peri%C5%A1i%C4%87
7455,P-37735,Pernambucano,Juninho,1975-01-30,0,0,0,1,0,1,2006,https://en.wikipedia.org/wiki/Juninho_Pernambucano
7456,P-28485,Pernía,Mariano,1977-05-04,0,0,1,0,0,1,2006,https://en.wikipedia.org/wiki/Mariano_Pern%C3%ADa
7458,P-57529,Perrotta,Simone,1977-09-17,0,0,0,1,0,1,2006,https://en.wikipedia.org/wiki/Simone_Perrotta
7462,P-61494,Persson,Örjan,1942-08-27,0,0,0,1,0,2,"1970, 1974",https://en.wikipedia.org/wiki/%C3%96rjan_Persson
7463,P-19642,Peruzović,Luka,1952-02-26,0,0,1,0,0,1,1974,https://en.wikipedia.org/wiki/Luka_Peruzovi%C4%87
7469,P-74039,Pessotto,Gianluca,1970-08-11,0,0,1,0,0,1,1998,https://en.wikipedia.org/wiki/Gianluca_Pessotto
7470,P-27417,Peszko,Sławomir,1985-02-19,0,0,0,1,0,1,2018,https://en.wikipedia.org/wiki/S%C5%82awomir_Peszko
7471,P-85317,Petaković,Aleksandar,1930-02-06,0,0,0,0,1,2,"1954, 1958",https://en.wikipedia.org/wiki/Aleksandar_Petakovi%C4%87
7473,P-15144,Péter,Zoltán,1958-03-23,0,0,1,0,0,1,1986,https://en.wikipedia.org/wiki/Zolt%C3%A1n_P%C3%A9ter
7476,P-34233,Peters,Martin,1943-11-08,0,0,0,1,0,2,"1966, 1970",https://en.wikipedia.org/wiki/Martin_Peters
7479,P-40400,Petit,Emmanuel,1970-09-22,0,0,0,1,0,2,"1998, 2002",https://en.wikipedia.org/wiki/Emmanuel_Petit
7481,P-54760,Petit,Jean,1949-09-25,0,0,0,1,0,1,1978,"https://en.wikipedia.org/wiki/Jean_Petit_(footballer,_born_1949)"
7482,P-92307,Petit,not applicable,1976-09-25,0,0,0,1,0,2,"2002, 2006",https://en.wikipedia.org/wiki/Petit_(Portuguese_footballer)
7484,P-84375,Petkov,Ivaylo,1976-03-24,0,0,1,0,0,1,1998,https://en.wikipedia.org/wiki/Ivaylo_Petkov
7486,P-46461,Petković,Bruno,1994-09-16,0,0,0,0,1,1,2022,https://en.wikipedia.org/wiki/Bruno_Petkovi%C4%87
7488,P-46434,Petković,Ilija,1945-09-22,0,0,0,0,1,1,1974,https://en.wikipedia.org/wiki/Ilija_Petkovi%C4%87
7489,P-61272,Petráš,Ladislav,1946-12-01,0,0,0,0,1,1,1970,https://en.wikipedia.org/wiki/Ladislav_Petr%C3%A1%C5%A1
7490,P-77979,Petráš,Martin,1979-11-02,0,0,1,0,0,1,2010,https://en.wikipedia.org/wiki/Martin_Petr%C3%A1%C5%A1
7492,P-12625,Petrescu,Dan,1967-12-22,0,0,1,0,0,2,"1994, 1998",https://en.wikipedia.org/wiki/Dan_Petrescu
7494,P-28606,Petrov,Petar,1961-02-20,0,0,1,0,0,1,1986,"https://en.wikipedia.org/wiki/Petar_Petrov_(footballer,_born_1961)"
7496,P-30803,Petrović,Radosav,1989-03-08,0,0,0,1,0,1,2010,https://en.wikipedia.org/wiki/Radosav_Petrovi%C4%87
7497,P-43672,Petrović,Vladimir,1955-07-01,0,0,0,1,1,2,"1974, 1982",https://en.wikipedia.org/wiki/Vladimir_Petrovi%C4%87
7498,P-11960,Petrović,Željko,1965-11-13,0,0,1,0,0,1,1998,https://en.wikipedia.org/wiki/%C5%BDeljko_Petrovi%C4%87
7499,P-60697,Petržela,Vlastimil,1953-07-20,0,0,0,0,1,1,1982,https://en.wikipedia.org/wiki/Vlastimil_Petr%C5%BEela
7502,P-46228,Pettersson,Stefan,1963-03-22,0,0,0,0,1,1,1990,https://en.wikipedia.org/wiki/Stefan_Pettersson_(footballer)
7503,P-70166,Peucelle,Carlos,1908-09-13,0,0,0,0,1,1,1930,https://en.wikipedia.org/wiki/Carlos_Peucelle
7505,P-91754,Peyrovani,Afshin,1970-02-06,0,0,1,0,0,1,1998,https://en.wikipedia.org/wiki/Afshin_Peyrovani
7507,P-29298,Pezzella,Germán,1991-06-27,0,0,1,0,0,1,2022,https://en.wikipedia.org/wiki/Germ%C3%A1n_Pezzella
7508,P-92720,Pezzey,Bruno,1955-02-03,0,0,1,0,0,2,"1978, 1982",https://en.wikipedia.org/wiki/Bruno_Pezzey
7509,P-57739,Pfaff,Alfred,1926-07-16,0,0,0,1,0,1,1954,https://en.wikipedia.org/wiki/Alfred_Pfaff
7510,P-84816,Pfaff,Jean-Marie,1953-12-04,0,1,0,0,0,2,"1982, 1986",https://en.wikipedia.org/wiki/Jean-Marie_Pfaff
7511,P-46006,Pfeffer,Anton,1965-08-17,0,0,1,0,0,2,"1990, 1998",https://en.wikipedia.org/wiki/Anton_Pfeffer
7512,P-67358,Pfeifenberger,Heimo,1966-12-29,0,0,0,1,1,2,"1990, 1998",https://en.wikipedia.org/wiki/Heimo_Pfeifenberger
7513,P-55047,Pflügler,Hans,1960-03-27,0,0,1,0,0,1,1990,https://en.wikipedia.org/wiki/Hans_Pfl%C3%BCgler
7514,P-99685,Phelan,Terry,1967-03-16,0,0,1,0,0,1,1994,https://en.wikipedia.org/wiki/Terry_Phelan
7518,P-43567,Phillips,Kalvin,1995-12-02,0,0,0,1,0,1,2022,https://en.wikipedia.org/wiki/Kalvin_Phillips
7519,P-19030,Phiri,Alfred,1974-06-22,0,0,0,1,0,1,1998,https://en.wikipedia.org/wiki/Alfred_Phiri
7522,P-38969,Piantoni,Roger,1931-12-26,0,0,0,0,1,1,1958,https://en.wikipedia.org/wiki/Roger_Piantoni
7523,P-11013,Piątek,Krzysztof,1995-07-01,0,0,0,0,1,1,2022,https://en.wikipedia.org/wiki/Krzysztof_Pi%C4%85tek
7525,P-02965,Piazza,not applicable,1943-02-25,0,0,0,1,0,2,"1970, 1974",https://en.wikipedia.org/wiki/Wilson_da_Silva_Piazza
7527,P-96650,Pichler,Anton,1955-10-04,0,0,1,0,0,1,1982,https://en.wikipedia.org/wiki/Anton_Pichler_(footballer)
7530,P-70618,Pickford,Jordan,1994-03-07,0,1,0,0,0,2,"2018, 2022",https://en.wikipedia.org/wiki/Jordan_Pickford
7533,P-38095,Pienaar,Steven,1982-03-17,0,0,0,1,0,2,"2002, 2010",https://en.wikipedia.org/wiki/Steven_Pienaar
7539,P-76375,Pimenov,Ruslan,1981-11-25,0,0,0,0,1,1,2002,https://en.wikipedia.org/wiki/Ruslan_Pimenov
7541,P-70474,Pimpong,Razak,1982-12-30,0,0,0,0,1,1,2006,https://en.wikipedia.org/wiki/Razak_Pimpong
7542,P-10860,Pineda,Gonzalo,1982-10-19,0,0,1,0,0,1,2006,https://en.wikipedia.org/wiki/Gonzalo_Pineda
7543,P-28597,Pineda,Mauricio,1975-07-13,0,0,1,0,0,1,1998,"https://en.wikipedia.org/wiki/Mauricio_Pineda_(footballer,_born_1975)"
7545,P-95198,Pineda,Orbelín,1996-03-24,0,0,0,0,1,1,2022,https://en.wikipedia.org/wiki/Orbel%C3%ADn_Pineda
7549,P-15387,Pinga,not applicable,1924-02-11,0,0,0,0,1,1,1954,https://en.wikipedia.org/wiki/Jos%C3%A9_L%C3%A1zaro_Robles
7553,P-89582,Pinilla,Mauricio,1984-02-04,0,0,0,0,1,1,2014,https://en.wikipedia.org/wiki/Mauricio_Pinilla
7555,P-45243,Pintér,Sándor,1950-07-18,0,0,0,1,0,1,1978,https://en.wikipedia.org/wiki/S%C3%A1ndor_Pint%C3%A9r_(footballer)
7558,P-70698,Pinto,João,1971-08-19,0,0,0,0,1,1,2002,https://en.wikipedia.org/wiki/Jo%C3%A3o_Pinto
7560,P-02668,Pintos Saldanha,José,1964-03-25,0,0,1,0,0,1,1990,https://en.wikipedia.org/wiki/Jos%C3%A9_Pintos_Saldanha
7562,P-65885,Piola,Silvio,1913-09-29,0,0,0,0,1,1,1938,https://en.wikipedia.org/wiki/Silvio_Piola
7563,P-92631,Piot,Christian,1947-10-04,0,1,0,0,0,1,1970,https://en.wikipedia.org/wiki/Christian_Piot
7566,P-64348,Piqué,Gerard,1987-02-02,0,0,1,0,0,3,"2010, 2014, 2018",https://en.wikipedia.org/wiki/Gerard_Piqu%C3%A9
7567,P-99420,Pires,Robert,1973-10-29,0,0,0,1,0,1,1998,https://en.wikipedia.org/wiki/Robert_Pires
7569,P-82174,Pirkner,Hans,1946-03-25,0,0,0,0,1,1,1978,https://en.wikipedia.org/wiki/Hans_Pirkner
7570,P-99537,Pirlo,Andrea,1979-05-19,0,0,0,1,0,3,"2006, 2010, 2014",https://en.wikipedia.org/wiki/Andrea_Pirlo
7571,P-58423,Pirri,not applicable,1945-03-11,0,0,1,1,0,2,"1966, 1978",https://en.wikipedia.org/wiki/Pirri
7572,P-32858,Piszczek,Łukasz,1985-06-03,0,0,1,0,0,1,2018,https://en.wikipedia.org/wiki/%C5%81ukasz_Piszczek
7575,P-89420,Pivarić,Josip,1989-01-30,0,0,1,0,0,1,2018,https://en.wikipedia.org/wiki/Josip_Pivari%C4%87
7580,P-75598,Pizzi,Juan Antonio,1968-06-07,0,0,0,0,1,1,1998,https://en.wikipedia.org/wiki/Juan_Antonio_Pizzi
7582,P-14891,Pjaca,Marko,1995-05-06,0,0,0,0,1,1,2018,https://en.wikipedia.org/wiki/Marko_Pjaca
7583,P-19478,Pjanić,Miralem,1990-04-02,0,0,0,1,0,1,2014,https://en.wikipedia.org/wiki/Miralem_Pjani%C4%87
7584,P-02174,Placente,Diego,1977-04-24,0,0,1,0,0,1,2002,https://en.wikipedia.org/wiki/Diego_Placente
7587,P-65590,Plašil,Jaroslav,1982-01-05,0,0,0,1,0,1,2006,https://en.wikipedia.org/wiki/Jaroslav_Pla%C5%A1il
7588,P-13973,Plata,Gonzalo,2000-11-01,0,0,0,1,0,1,2022,https://en.wikipedia.org/wiki/Gonzalo_Plata
7589,P-08939,Platini,Michel,1955-06-21,0,0,0,1,0,3,"1978, 1982, 1986",https://en.wikipedia.org/wiki/Michel_Platini
7590,P-34450,Platt,David,1966-06-10,0,0,0,1,0,1,1990,https://en.wikipedia.org/wiki/David_Platt_(footballer)
7591,P-04514,Platt,Jim,1952-01-26,0,1,0,0,0,2,"1982, 1986",https://en.wikipedia.org/wiki/Jim_Platt
7592,P-69785,Plattenhardt,Marvin,1992-01-26,0,0,1,0,0,1,2018,https://en.wikipedia.org/wiki/Marvin_Plattenhardt
7595,P-47416,Plessers,Gerard,1959-03-30,0,0,1,0,0,1,1982,https://en.wikipedia.org/wiki/Gerard_Plessers
7596,P-85818,Pletikosa,Stipe,1979-01-08,0,1,0,0,0,3,"2002, 2006, 2014",https://en.wikipedia.org/wiki/Stipe_Pletikosa
7597,P-37431,Plovie,Pascal,1965-05-07,0,0,1,0,0,1,1990,https://en.wikipedia.org/wiki/Pascal_Plovie
7600,P-56023,Poborský,Karel,1972-03-30,0,0,0,1,0,1,2006,https://en.wikipedia.org/wiki/Karel_Poborsk%C3%BD
7601,P-31684,Pochettino,Mauricio,1972-03-02,0,0,1,0,0,1,2002,https://en.wikipedia.org/wiki/Mauricio_Pochettino
7602,P-36287,Podolski,Lukas,1985-06-04,0,0,0,1,1,3,"2006, 2010, 2014",https://en.wikipedia.org/wiki/Lukas_Podolski
7603,P-17509,Pogba,Paul,1993-03-15,0,0,0,1,0,2,"2014, 2018",https://en.wikipedia.org/wiki/Paul_Pogba
7608,P-30878,Polák,Jan,1981-03-14,0,0,0,1,0,1,2006,https://en.wikipedia.org/wiki/Jan_Pol%C3%A1k
7609,P-56668,Poletti,Fabrizio,1943-07-13,0,0,1,0,0,1,1970,https://en.wikipedia.org/wiki/Fabrizio_Poletti
7610,P-09454,Polga,Ânderson,1979-02-09,0,0,1,0,0,1,2002,https://en.wikipedia.org/wiki/%C3%82nderson_Polga
7615,P-46923,Pollák,Jaroslav,1947-07-11,0,0,0,1,0,1,1970,https://en.wikipedia.org/wiki/Jaroslav_Poll%C3%A1k
7616,P-42364,Polleunis,Odilon,1943-05-01,0,0,0,1,0,1,1970,https://en.wikipedia.org/wiki/Odilon_Polleunis
7618,P-60461,Pölöskei,Gábor,1960-10-11,0,0,0,0,1,1,1982,https://en.wikipedia.org/wiki/G%C3%A1bor_P%C3%B6l%C3%B6skei
7620,P-16938,Polster,Toni,1964-03-10,0,0,0,0,1,2,"1990, 1998",https://en.wikipedia.org/wiki/Toni_Polster
7622,P-24093,Pommerenke,Jürgen,1953-01-22,0,0,0,1,0,1,1974,https://en.wikipedia.org/wiki/J%C3%BCrgen_Pommerenke
7625,P-23300,Ponce,Waldo,1982-12-04,0,0,1,0,0,1,2010,https://en.wikipedia.org/wiki/Waldo_Ponce
7626,P-05819,Ponedelnik,Viktor,1937-05-22,0,0,0,0,1,1,1962,https://en.wikipedia.org/wiki/Viktor_Ponedelnik
7628,P-94249,Pooladi,Mehrdad,1987-02-26,0,0,1,0,0,1,2014,https://en.wikipedia.org/wiki/Mehrdad_Pooladi
7629,P-03270,Poortvliet,Jan,1955-09-21,0,0,1,0,0,1,1978,https://en.wikipedia.org/wiki/Jan_Poortvliet
7630,P-02842,Pope,Eddie,1973-12-24,0,0,1,0,0,3,"1998, 2002, 2006",https://en.wikipedia.org/wiki/Eddie_Pope
7633,P-53546,Popescu,Gabriel,1973-12-23,0,0,0,1,0,1,1998,https://en.wikipedia.org/wiki/Gabriel_Popescu
7634,P-19537,Popescu,Gheorghe,1967-10-09,0,0,1,1,0,3,"1990, 1994, 1998",https://en.wikipedia.org/wiki/Gheorghe_Popescu
7635,P-23309,Popivoda,Danilo,1947-05-01,0,0,0,0,1,1,1974,https://en.wikipedia.org/wiki/Danilo_Popivoda
7637,P-46886,Popov,Dmitri,1967-02-27,0,0,0,1,0,1,1994,https://en.wikipedia.org/wiki/Dmitri_Popov
7638,P-02372,Popov,Georgi,1944-07-14,0,0,0,0,1,1,1970,https://en.wikipedia.org/wiki/Georgi_Popov
7639,P-24935,Popovic,Tony,1973-07-04,0,0,1,0,0,1,2006,https://en.wikipedia.org/wiki/Tony_Popovic
7642,P-53800,Porkujan,Valeriy,1944-10-04,0,0,0,0,1,2,"1966, 1970",https://en.wikipedia.org/wiki/Valeriy_Porkujan
7643,P-59372,Porozo,Augusto,1974-04-13,0,0,1,0,0,1,2002,https://en.wikipedia.org/wiki/Augusto_Porozo
7644,P-73694,Porozo,Jackson,2000-08-04,0,0,1,0,0,1,2022,https://en.wikipedia.org/wiki/Jackson_Porozo
7645,P-66817,Porras,José Francisco,1970-11-08,0,1,0,0,0,1,2006,https://en.wikipedia.org/wiki/Jos%C3%A9_Porras
7646,P-65859,Portillo,Jaime,1947-09-18,0,0,0,0,1,1,1970,https://en.wikipedia.org/wiki/Jaime_Portillo
7650,P-83900,Postiga,Hélder,1982-08-02,0,0,0,0,1,2,"2006, 2014",https://en.wikipedia.org/wiki/H%C3%A9lder_Postiga
7654,P-46718,Poulsen,Christian,1980-02-28,0,0,0,1,0,2,"2002, 2010",https://en.wikipedia.org/wiki/Christian_Poulsen
7655,P-67264,Poulsen,Jakob,1983-07-07,0,0,0,1,0,1,2010,https://en.wikipedia.org/wiki/Jakob_Poulsen
7656,P-89870,Poulsen,Simon,1984-10-07,0,0,1,0,0,1,2010,https://en.wikipedia.org/wiki/Simon_Poulsen
7657,P-08442,Poulsen,Yussuf,1994-06-15,0,0,0,0,1,2,"2018, 2022",https://en.wikipedia.org/wiki/Yussuf_Poulsen
7658,P-29864,Pouraliganji,Morteza,1992-04-19,0,0,1,0,0,2,"2018, 2022",https://en.wikipedia.org/wiki/Morteza_Pouraliganji
7660,P-41974,Powell,Darryl,1971-11-15,0,0,0,1,0,1,1998,https://en.wikipedia.org/wiki/Darryl_Powell
7665,P-52946,Pranjić,Danijel,1981-12-02,0,0,1,0,0,1,2014,https://en.wikipedia.org/wiki/Danijel_Pranji%C4%87
7668,P-62543,Preciado,Ángelo,1998-02-18,0,0,1,0,0,1,2022,https://en.wikipedia.org/wiki/%C3%81ngelo_Preciado
7670,P-64415,Preciado,Léider,1977-02-26,0,0,0,0,1,1,1998,https://en.wikipedia.org/wiki/L%C3%A9ider_Preciado
7672,P-41829,Pregesbauer,Johann,1955-06-09,0,0,1,0,0,1,1982,https://en.wikipedia.org/wiki/Johann_Pregesbauer
7673,P-91171,Preguinho,not applicable,1905-02-08,0,0,0,0,1,1,1930,https://en.wikipedia.org/wiki/Preguinho
7676,P-00531,Preud'homme,Michel,1959-01-24,0,1,0,0,0,2,"1990, 1994",https://en.wikipedia.org/wiki/Michel_Preud%27homme
7677,P-56453,Prieto,Andrés,1928-12-19,0,0,0,0,1,1,1950,"https://en.wikipedia.org/wiki/Andr%C3%A9s_Prieto_(footballer,_born_1928)"
7680,P-40618,Prijović,Aleksandar,1990-04-21,0,0,0,0,1,1,2018,https://en.wikipedia.org/wiki/Aleksandar_Prijovi%C4%87
7681,P-87631,Primo,David,1946-05-05,0,0,0,1,0,1,1970,https://en.wikipedia.org/wiki/David_Primo
7686,P-85257,Probst,Erich,1927-12-05,0,0,0,1,0,1,1954,https://en.wikipedia.org/wiki/Erich_Probst
7688,P-87995,Prodan,Daniel,1972-03-23,0,0,1,0,0,1,1994,https://en.wikipedia.org/wiki/Daniel_Prodan
7689,P-03451,Prohaska,Herbert,1955-08-08,0,0,0,1,0,2,"1978, 1982",https://en.wikipedia.org/wiki/Herbert_Prohaska
7690,P-62861,Prosinečki,Robert,1969-01-12,0,0,0,1,0,3,"1990, 1998, 2002",https://en.wikipedia.org/wiki/Robert_Prosine%C4%8Dki
7692,P-10906,Protasov,Oleh,1964-02-04,0,0,0,0,1,2,"1986, 1990",https://en.wikipedia.org/wiki/Oleh_Protasov
7695,P-12373,Pršo,Dado,1974-11-05,0,0,0,0,1,1,2006,https://en.wikipedia.org/wiki/Dado_Pr%C5%A1o
7696,P-29644,Prunea,Florin,1968-08-08,0,1,0,0,0,2,"1994, 1998",https://en.wikipedia.org/wiki/Florin_Prunea
7697,P-31117,Przybyś,Kazimierz,1960-07-11,0,0,1,0,0,1,1986,https://en.wikipedia.org/wiki/Kazimierz_Przyby%C5%9B
7699,P-51219,Puč,Antonín,1907-05-16,0,0,0,0,1,2,"1934, 1938",https://en.wikipedia.org/wiki/Anton%C3%ADn_Pu%C4%8D
7705,P-67309,Puis,Wilfried,1943-02-18,0,0,0,0,1,1,1970,https://en.wikipedia.org/wiki/Wilfried_Puis
7706,P-27802,Pule,Jabu,1980-07-11,0,0,0,1,0,1,2002,https://en.wikipedia.org/wiki/Jabu_Mahlangu
7709,P-85808,Pulido,Héctor,1942-12-20,0,0,0,1,0,1,1970,https://en.wikipedia.org/wiki/H%C3%A9ctor_Pulido
7710,P-11737,Pulisic,Christian,1998-09-18,0,0,0,0,1,1,2022,https://en.wikipedia.org/wiki/Christian_Pulisic
7713,P-15637,Pumpido,Nery,1957-07-30,0,1,0,0,0,3,"1982, 1986, 1990",https://en.wikipedia.org/wiki/Nery_Pumpido
7716,P-12676,Puskás,Ferenc,1927-04-02,0,0,0,0,1,2,"1954, 1962",https://en.wikipedia.org/wiki/Ferenc_Pusk%C3%A1s
7719,P-77765,Pusztai,László,1946-03-01,0,0,0,0,1,1,1978,https://en.wikipedia.org/wiki/L%C3%A1szl%C3%B3_Pusztai
7722,P-51089,Puyol,Carles,1978-04-13,0,0,1,0,0,3,"2002, 2006, 2010",https://en.wikipedia.org/wiki/Carles_Puyol
7723,P-59828,Puzach,Anatoliy,1941-06-03,0,0,0,0,1,1,1970,https://en.wikipedia.org/wiki/Anatoliy_Puzach
7724,P-08785,Pyatnitsky,Andrey,1967-09-27,0,0,0,1,0,1,1994,https://en.wikipedia.org/wiki/Andrey_Pyatnitsky
7726,P-57174,Qasim,Basim,1963-03-22,0,0,1,0,0,1,1986,https://en.wikipedia.org/wiki/Basim_Qasim
7727,P-68056,Qi,Hong,1976-06-03,0,0,0,1,0,1,2002,https://en.wikipedia.org/wiki/Qi_Hong
7729,P-57338,Qu,Bo,1981-07-15,0,0,0,0,1,1,2002,https://en.wikipedia.org/wiki/Qu_Bo_(footballer)
7731,P-01045,Quagliarella,Fabio,1983-01-31,0,0,0,0,1,1,2010,https://en.wikipedia.org/wiki/Fabio_Quagliarella
7732,P-95670,Quaresma,Ricardo,1983-09-26,0,0,0,0,1,1,2018,https://en.wikipedia.org/wiki/Ricardo_Quaresma
7735,P-42555,Quentin,René-Pierre,1943-08-05,0,0,0,0,1,1,1966,https://en.wikipedia.org/wiki/Ren%C3%A9-Pierre_Quentin
7736,P-14226,Quentin,Yvan,1970-05-02,0,0,1,0,0,1,1994,https://en.wikipedia.org/wiki/Yvan_Quentin
7737,P-94706,Quesada,Alfredo,1949-09-22,0,0,0,1,0,1,1978,https://en.wikipedia.org/wiki/Alfredo_Quesada
7742,P-99707,Quini,not applicable,1949-09-23,0,0,0,0,1,2,"1978, 1982",https://en.wikipedia.org/wiki/Quini
7744,P-51629,Quinn,Niall,1966-10-06,0,0,0,0,1,2,"1990, 2002",https://en.wikipedia.org/wiki/Niall_Quinn
7750,P-02166,Quintanilla,José,1947-10-29,0,0,0,1,0,1,1970,https://en.wikipedia.org/wiki/Jos%C3%A9_Quintanilla
7751,P-78049,Quintano,Alberto,1946-04-26,0,0,1,0,0,1,1974,https://en.wikipedia.org/wiki/Alberto_Quintano
7752,P-14499,Quintero,Juan Fernando,1993-01-18,0,0,0,1,0,2,"2014, 2018",https://en.wikipedia.org/wiki/Juan_Fernando_Quintero
7753,P-74977,Quinteros,Gustavo,1965-02-15,0,0,1,0,0,1,1994,https://en.wikipedia.org/wiki/Gustavo_Quinteros
7755,P-28996,Quirarte,Fernando,1956-05-17,0,0,1,0,0,1,1986,https://en.wikipedia.org/wiki/Fernando_Quirarte
7756,P-07978,Quiroga,Ramón,1950-07-23,0,1,0,0,0,2,"1978, 1982",https://en.wikipedia.org/wiki/Ram%C3%B3n_Quiroga
7762,P-02094,Rab,Tibor,1955-10-02,0,0,1,0,0,2,"1978, 1982",https://en.wikipedia.org/wiki/Tibor_Rab
7763,P-57401,Rabiot,Adrien,1995-04-03,0,0,0,1,0,1,2022,https://en.wikipedia.org/wiki/Adrien_Rabiot
7764,P-96497,Rabiu,Mohammed,1989-12-31,0,0,0,1,0,1,2014,https://en.wikipedia.org/wiki/Mohammed_Rabiu
7766,P-11430,Racine,Serge,1951-10-09,0,0,1,0,0,1,1974,https://en.wikipedia.org/wiki/Serge_Racine
7767,P-31841,Rada,Antonio,1937-06-13,0,0,0,0,1,1,1962,https://en.wikipedia.org/wiki/Antonio_Rada
7768,P-67185,Radaković,Petar,1937-02-02,0,0,0,1,0,1,1962,https://en.wikipedia.org/wiki/Petar_Radakovi%C4%87
7769,P-42532,Radchenko,Dmitri,1970-12-02,0,0,0,0,1,1,1994,https://en.wikipedia.org/wiki/Dmitri_Radchenko
7770,P-56543,Radebe,Lucas,1969-04-12,0,0,1,0,0,2,"1998, 2002",https://en.wikipedia.org/wiki/Lucas_Radebe
7771,P-37600,Radhi,Ahmed,1964-03-21,0,0,0,0,1,1,1986,https://en.wikipedia.org/wiki/Ahmed_Radhi
7773,P-20020,Radimec,Libor,1950-05-22,0,0,1,0,0,1,1982,https://en.wikipedia.org/wiki/Libor_Radimec
7774,P-52481,Radomski,Arkadiusz,1977-06-27,0,0,0,1,0,1,2006,https://en.wikipedia.org/wiki/Arkadiusz_Radomski
7775,P-79900,Radonjić,Nemanja,1996-02-15,0,0,0,0,1,2,"2018, 2022",https://en.wikipedia.org/wiki/Nemanja_Radonji%C4%87
7776,P-06159,Radosavljević,Aleksandar,1979-04-25,0,0,0,1,0,1,2010,"https://en.wikipedia.org/wiki/Aleksandar_Radosavljevi%C4%87_(footballer,_born_1979)"
7777,P-25779,Radosavljević,Predrag,1963-06-24,0,0,0,1,0,1,1998,https://en.wikipedia.org/wiki/Preki
7780,P-04931,Răducanu,Necula,1946-05-10,0,1,0,0,0,1,1970,https://en.wikipedia.org/wiki/Necula_R%C4%83ducanu
7781,P-69340,Răducioiu,Florin,1970-03-17,0,0,0,0,1,2,"1990, 1994",https://en.wikipedia.org/wiki/Florin_R%C4%83ducioiu
7790,P-07554,Ragan,Randy,1959-06-07,0,0,0,1,0,1,1986,https://en.wikipedia.org/wiki/Randy_Ragan
7793,P-94579,Rahman,Baba,1994-07-02,0,0,1,0,0,1,2022,https://en.wikipedia.org/wiki/Baba_Rahman
7796,P-08136,Rahn,Helmut,1929-08-16,0,0,0,0,1,2,"1954, 1958",https://en.wikipedia.org/wiki/Helmut_Rahn
7798,P-93386,Raí,not applicable,1965-05-15,0,0,0,1,0,1,1994,https://en.wikipedia.org/wiki/Ra%C3%AD
7799,P-24259,Rajkov,Zdravko,1927-12-05,0,0,0,1,0,1,1958,https://en.wikipedia.org/wiki/Zdravko_Rajkov
7802,P-65979,Rakitić,Ivan,1988-03-10,0,0,0,1,0,2,"2014, 2018",https://en.wikipedia.org/wiki/Ivan_Rakiti%C4%87
7806,P-97920,Ramallo,William,1963-07-04,0,0,0,0,1,1,1994,https://en.wikipedia.org/wiki/William_Ramallo
7808,P-57588,Ramelow,Carsten,1974-03-20,0,0,0,1,0,1,2002,https://en.wikipedia.org/wiki/Carsten_Ramelow
7810,P-86499,Ramires,not applicable,1987-03-24,0,0,0,1,0,2,"2010, 2014",https://en.wikipedia.org/wiki/Ramires
7811,P-34676,Ramírez,César,1977-03-21,0,0,0,0,1,1,1998,https://en.wikipedia.org/wiki/C%C3%A9sar_Augusto_Ram%C3%ADrez
7812,P-79723,Ramírez,Gastón,1990-12-02,0,0,0,1,0,1,2014,https://en.wikipedia.org/wiki/Gast%C3%B3n_Ram%C3%ADrez
7813,P-98252,Ramírez,Jaime,1931-08-14,0,0,0,1,1,2,"1962, 1966","https://en.wikipedia.org/wiki/Jaime_Ram%C3%ADrez_(footballer,_born_1931)"
7815,P-30572,Ramírez,Miguel,1970-06-11,0,0,1,0,0,1,1998,https://en.wikipedia.org/wiki/Miguel_Ram%C3%ADrez
7818,P-27437,Ramírez,Oscar,1964-12-08,0,0,0,1,0,1,1990,"https://en.wikipedia.org/wiki/%C3%93scar_Ram%C3%ADrez_(footballer,_born_1964)"
7819,P-51451,Ramírez,Oswaldo,1947-03-29,0,0,0,0,1,1,1970,https://en.wikipedia.org/wiki/Oswaldo_Ram%C3%ADrez
7820,P-21741,Ramírez,Ramón,1969-12-05,0,0,0,1,0,2,"1994, 1998",https://en.wikipedia.org/wiki/Ram%C3%B3n_Ram%C3%ADrez_(footballer)
7821,P-41807,Ramírez Zapata,Luis,1954-01-06,0,0,0,0,1,1,1982,https://en.wikipedia.org/wiki/Luis_Ram%C3%ADrez_Zapata
7822,P-73564,Ramos,Adrián,1986-01-22,0,0,0,0,1,1,2014,https://en.wikipedia.org/wiki/Adri%C3%A1n_Ramos
7823,P-70241,Ramos,Christian,1988-11-04,0,0,1,0,0,1,2018,https://en.wikipedia.org/wiki/Christian_Ramos
7824,P-04466,Ramos,Eduardo,1949-11-08,0,0,1,0,0,1,1978,https://en.wikipedia.org/wiki/Eduardo_Ramos_(Mexican_footballer)
7825,P-41647,Ramos,Gonçalo,2001-06-20,0,0,0,0,1,1,2022,https://en.wikipedia.org/wiki/Gon%C3%A7alo_Ramos
7827,P-09423,Ramos,Mauricio,1969-09-23,0,0,0,1,0,1,1994,https://en.wikipedia.org/wiki/Mauricio_Ramos_(Bolivian_footballer)
7829,P-89177,Ramos,Sergio,1986-03-30,0,0,1,0,0,4,"2006, 2010, 2014, 2018",https://en.wikipedia.org/wiki/Sergio_Ramos
7830,P-07720,Ramos,Tab,1966-09-21,0,0,0,1,0,3,"1990, 1994, 1998",https://en.wikipedia.org/wiki/Tab_Ramos
7831,P-97584,Ramos,Venancio,1959-06-20,0,0,0,0,1,1,1986,https://en.wikipedia.org/wiki/Venancio_Ramos
7834,P-86951,Ramsey,Aaron,1990-12-26,0,0,0,1,0,1,2022,https://en.wikipedia.org/wiki/Aaron_Ramsey
7837,P-53055,Ramzy,Ahmed,1965-10-25,0,0,1,0,0,1,1990,https://en.wikipedia.org/wiki/Ahmed_Ramzy_(footballer)
7838,P-11562,Ramzy,Hany,1969-03-10,0,0,1,0,0,1,1990,https://en.wikipedia.org/wiki/Hany_Ramzy
7840,P-64532,Rangel,Víctor,1957-03-11,0,0,0,0,1,1,1978,https://en.wikipedia.org/wiki/V%C3%ADctor_Rangel_(Mexican_footballer)
7841,P-55293,Rapaić,Milan,1973-08-16,0,0,0,1,0,1,2002,https://en.wikipedia.org/wiki/Milan_Rapai%C4%87
7842,P-83169,Raphinha,not applicable,1996-12-14,0,0,0,0,1,1,2022,https://en.wikipedia.org/wiki/Raphinha
7848,P-59837,Rashford,Marcus,1997-10-31,0,0,0,0,1,2,"2018, 2022",https://en.wikipedia.org/wiki/Marcus_Rashford
7849,P-21451,Rasiak,Grzegorz,1979-01-12,0,0,0,0,1,1,2006,https://en.wikipedia.org/wiki/Grzegorz_Rasiak
7853,P-06115,Rasmussen,Troels,1961-07-04,0,1,0,0,0,1,1986,https://en.wikipedia.org/wiki/Troels_Rasmussen
7855,P-16126,Rats,Vasyl,1961-04-25,0,0,0,1,0,2,"1986, 1990",https://en.wikipedia.org/wiki/Vasyl_Rats
7859,P-24556,Raúl,not applicable,1977-06-27,0,0,0,0,1,3,"1998, 2002, 2006",https://en.wikipedia.org/wiki/Ra%C3%BAl_(footballer)
7860,P-20804,Raum,David,1998-04-22,0,0,1,0,0,1,2022,https://en.wikipedia.org/wiki/David_Raum
7862,P-94051,Ravelli,Thomas,1959-08-13,0,1,0,0,0,2,"1990, 1994",https://en.wikipedia.org/wiki/Thomas_Ravelli
7864,P-65484,Ré,Cayetano,1938-02-07,0,0,0,0,1,1,1958,https://en.wikipedia.org/wiki/Cayetano_R%C3%A9
7868,P-26367,Ream,Tim,1987-10-05,0,0,1,0,0,1,2022,https://en.wikipedia.org/wiki/Tim_Ream
7869,P-69217,Reasco,Djorkaeff,1999-01-18,0,0,0,0,1,1,2022,https://en.wikipedia.org/wiki/Djorkaeff_Reasco
7870,P-61229,Reasco,Néicer,1977-07-23,0,0,1,0,0,1,2006,https://en.wikipedia.org/wiki/N%C3%A9icer_Reasco
7871,P-44463,Rebić,Ante,1993-09-21,0,0,0,0,1,2,"2014, 2018",https://en.wikipedia.org/wiki/Ante_Rebi%C4%87
7872,P-56553,Rebrov,Serhii,1974-06-03,0,0,0,0,1,1,2006,https://en.wikipedia.org/wiki/Serhii_Rebrov
7873,P-61478,Reçber,Rüştü,1973-05-10,0,1,0,0,0,1,2002,https://en.wikipedia.org/wiki/R%C3%BC%C5%9Ft%C3%BC_Re%C3%A7ber
7874,P-98609,Recinos,Carlos,1950-06-30,0,0,1,0,0,1,1982,https://en.wikipedia.org/wiki/Carlos_Recinos
7875,P-66684,Recoba,Álvaro,1976-03-17,0,0,0,1,0,1,2002,https://en.wikipedia.org/wiki/%C3%81lvaro_Recoba
7877,P-02405,Redín,Bernardo,1963-02-26,0,0,0,1,0,1,1990,https://en.wikipedia.org/wiki/Bernardo_Red%C3%ADn
7879,P-94011,Rednic,Mircea,1962-04-09,0,0,1,0,0,1,1990,https://en.wikipedia.org/wiki/Mircea_Rednic
7880,P-78898,Redondo,Fernando,1969-06-06,0,0,0,1,0,1,1994,https://en.wikipedia.org/wiki/Fernando_Redondo
7881,P-68379,Regis,David,1968-12-02,0,0,1,0,0,2,"1998, 2002",https://en.wikipedia.org/wiki/David_Regis
7882,P-40752,Regueiro,Luis,1908-07-01,0,0,0,0,1,1,1934,https://en.wikipedia.org/wiki/Luis_Regueiro
7884,P-46554,Regueiro,Mario,1978-09-14,0,0,0,1,0,1,2002,https://en.wikipedia.org/wiki/Mario_Regueiro
7885,P-71726,Rehmer,Marko,1972-04-29,0,0,1,0,0,1,2002,https://en.wikipedia.org/wiki/Marko_Rehmer
7886,P-80132,Rehn,Stefan,1966-09-22,0,0,0,1,0,1,1994,https://en.wikipedia.org/wiki/Stefan_Rehn
7887,P-53735,Reid,Peter,1956-06-20,0,0,0,1,0,1,1986,https://en.wikipedia.org/wiki/Peter_Reid
7888,P-19727,Reid,Steven,1981-03-10,0,0,0,1,0,1,2002,https://en.wikipedia.org/wiki/Steven_Reid
7889,P-57058,Reid,Winston,1988-07-03,0,0,1,0,0,1,2010,https://en.wikipedia.org/wiki/Winston_Reid
7891,P-24116,Reilly,Jack,1945-08-27,0,1,0,0,0,1,1974,https://en.wikipedia.org/wiki/Jack_Reilly_(footballer)
7894,P-44334,Reina,Pepe,1982-08-31,0,1,0,0,0,4,"2006, 2010, 2014, 2018",https://en.wikipedia.org/wiki/Pepe_Reina
7895,P-84320,Reinaldo,not applicable,1957-01-11,0,0,0,0,1,1,1978,https://en.wikipedia.org/wiki/Jos%C3%A9_Reinaldo_de_Lima
7896,P-40743,Reinders,Uwe,1955-01-19,0,0,0,0,1,1,1982,https://en.wikipedia.org/wiki/Uwe_Reinders
7897,P-66639,Reinmayr,Hannes,1969-08-23,0,0,0,0,1,1,1998,https://en.wikipedia.org/wiki/Hannes_Reinmayr
7898,P-34664,Reinoso,Carlos,1945-03-07,0,0,0,1,0,1,1974,https://en.wikipedia.org/wiki/Carlos_Reinoso
7899,P-67426,Reisinger,Andreas,1963-10-14,0,0,0,1,0,1,1990,https://en.wikipedia.org/wiki/Andreas_Reisinger
7901,P-27926,Reiziger,Michael,1973-05-03,0,0,1,0,0,1,1998,https://en.wikipedia.org/wiki/Michael_Reiziger
7902,P-72296,Rekdal,Kjetil,1968-11-06,0,0,0,1,0,2,"1994, 1998",https://en.wikipedia.org/wiki/Kjetil_Rekdal
7906,P-21776,Rémy,Loïc,1987-01-02,0,0,0,0,1,1,2014,https://en.wikipedia.org/wiki/Lo%C3%AFc_R%C3%A9my
7913,P-88903,Renquin,Michel,1955-11-03,0,0,1,0,0,2,"1982, 1986",https://en.wikipedia.org/wiki/Michel_Renquin
7914,P-63266,Rensenbrink,Rob,1947-07-03,0,0,0,0,1,2,"1974, 1978",https://en.wikipedia.org/wiki/Rob_Rensenbrink
7915,P-89554,Rep,Johnny,1951-11-25,0,0,0,0,1,2,"1974, 1978",https://en.wikipedia.org/wiki/Johnny_Rep
7916,P-94447,Reus,Marco,1989-05-31,0,0,0,0,1,1,2018,https://en.wikipedia.org/wiki/Marco_Reus
7918,P-74629,Reuter,Stefan,1966-10-16,0,0,1,0,0,2,"1990, 1998",https://en.wikipedia.org/wiki/Stefan_Reuter
7921,P-78126,Rexach,Carles,1947-01-13,0,0,0,1,0,1,1978,https://en.wikipedia.org/wiki/Carles_Rexach
7924,P-03287,Reyes,Diego,1992-09-19,0,0,1,0,0,1,2014,https://en.wikipedia.org/wiki/Diego_Antonio_Reyes
7925,P-17652,Reyes,Eladio,1948-01-08,0,0,0,0,1,1,1970,https://en.wikipedia.org/wiki/Eladio_Reyes
7926,P-83711,Reyes,José Antonio,1983-09-01,0,0,0,1,0,1,2006,https://en.wikipedia.org/wiki/Jos%C3%A9_Antonio_Reyes
7927,P-07985,Reyes,José Pilar,1955-10-12,0,1,0,0,0,1,1978,https://en.wikipedia.org/wiki/Jos%C3%A9_Pilar_Reyes
7928,P-49850,Reyes,Pedro,1972-11-13,0,0,1,0,0,1,1998,https://en.wikipedia.org/wiki/Pedro_Reyes_(footballer)
7932,P-97459,Reyna,Claudio,1973-07-20,0,0,0,1,0,4,"1994, 1998, 2002, 2006",https://en.wikipedia.org/wiki/Claudio_Reyna
7933,P-85878,Reyna,Giovanni,2002-11-13,0,0,0,0,1,1,2022,https://en.wikipedia.org/wiki/Giovanni_Reyna
7935,P-96490,Rezaei,Rahman,1975-02-20,0,0,1,0,0,1,2006,https://en.wikipedia.org/wiki/Rahman_Rezaei
7936,P-47137,Rezaeian,Ramin,1990-03-21,0,0,1,0,0,2,"2018, 2022",https://en.wikipedia.org/wiki/Ramin_Rezaeian
7943,P-66310,Ri,Jun-il,1987-08-24,0,0,1,0,0,1,2010,https://en.wikipedia.org/wiki/Ri_Jun-il
7945,P-72474,Ri,Kwang-chon,1985-09-04,0,0,1,0,0,1,2010,https://en.wikipedia.org/wiki/Ri_Kwang-chon
7948,P-08689,Ri,Myong-guk,1986-09-09,0,1,0,0,0,1,2010,https://en.wikipedia.org/wiki/Ri_Myong-guk
7954,P-42740,Ribeiro,Éverton,1989-04-10,0,0,0,1,0,1,2022,https://en.wikipedia.org/wiki/%C3%89verton_Ribeiro
7956,P-55659,Ribéry,Franck,1983-04-07,0,0,0,1,0,2,"2006, 2010",https://en.wikipedia.org/wiki/Franck_Rib%C3%A9ry
7957,P-30514,Ricard,Hámilton,1974-01-12,0,0,0,0,1,1,1998,https://en.wikipedia.org/wiki/H%C3%A1milton_Ricard
7958,P-57975,Ricardinho,not applicable,1976-05-23,0,0,0,1,0,2,"2002, 2006","https://en.wikipedia.org/wiki/Ricardinho_(footballer,_born_May_1976)"
7959,P-24930,Ricardo,João,1970-01-07,0,1,0,0,0,1,2006,"https://en.wikipedia.org/wiki/Jo%C3%A3o_Ricardo_(footballer,_born_1970)"
7961,P-45712,Ricardo,not applicable,1976-02-11,0,1,0,0,0,2,"2002, 2006","https://en.wikipedia.org/wiki/Ricardo_(footballer,_born_1976)"
7962,P-84787,Rice,Declan,1999-01-14,0,0,0,1,0,1,2022,https://en.wikipedia.org/wiki/Declan_Rice
7963,P-06541,Richards,Ray,1946-05-18,0,0,0,1,0,1,1974,https://en.wikipedia.org/wiki/Ray_Richards_(footballer)
7964,P-68016,Richarlison,not applicable,1997-05-10,0,0,0,0,1,1,2022,https://en.wikipedia.org/wiki/Richarlison
7968,P-25593,Rieder,Fabian,2002-02-16,0,0,0,1,0,1,2022,https://en.wikipedia.org/wiki/Fabian_Rieder
7969,P-43380,Riedle,Karl-Heinz,1965-09-16,0,0,0,0,1,2,"1990, 1994",https://en.wikipedia.org/wiki/Karl-Heinz_Riedle
7971,P-77711,Rieper,Marc,1968-06-05,0,0,1,0,0,1,1998,https://en.wikipedia.org/wiki/Marc_Rieper
7972,P-92243,Riera,Fernando,1920-06-27,0,0,0,0,1,1,1950,https://en.wikipedia.org/wiki/Fernando_Riera
7976,P-92391,Rijkaard,Frank,1962-09-30,0,0,0,1,0,2,"1990, 1994",https://en.wikipedia.org/wiki/Frank_Rijkaard
7978,P-48827,Rijsbergen,Wim,1952-01-18,0,0,1,0,0,2,"1974, 1978",https://en.wikipedia.org/wiki/Wim_Rijsbergen
7979,P-84905,Rildo,not applicable,1942-01-23,0,0,1,0,0,1,1966,https://en.wikipedia.org/wiki/Rildo_da_Costa_Menezes
7982,P-49642,Rimba,Miguel,1967-11-01,0,0,1,0,0,1,1994,https://en.wikipedia.org/wiki/Miguel_Rimba
7985,P-69504,Rincón,Freddy,1966-08-14,0,0,0,1,0,3,"1990, 1994, 1998",https://en.wikipedia.org/wiki/Freddy_Rinc%C3%B3n
7989,P-56255,Rio,Patrice,1948-08-15,0,0,1,0,0,1,1978,https://en.wikipedia.org/wiki/Patrice_Rio
7991,P-93612,Rioch,Bruce,1947-09-06,0,0,0,1,0,1,1978,https://en.wikipedia.org/wiki/Bruce_Rioch
7993,P-85199,Riquelme,Juan Román,1978-06-24,0,0,0,1,0,1,2006,https://en.wikipedia.org/wiki/Juan_Rom%C3%A1n_Riquelme
7994,P-87852,Risdon,Josh,1992-07-27,0,0,1,0,0,1,2018,https://en.wikipedia.org/wiki/Josh_Risdon
7995,P-35373,Riseth,Vidar,1972-04-21,0,0,1,0,0,1,1998,https://en.wikipedia.org/wiki/Vidar_Riseth
7997,P-00119,Riva,Gigi,1944-11-07,0,0,0,0,1,2,"1970, 1974",https://en.wikipedia.org/wiki/Gigi_Riva
7998,P-74261,Rivaldo,not applicable,1972-04-19,0,0,0,1,0,2,"1998, 2002",https://en.wikipedia.org/wiki/Rivaldo
8001,P-48156,Rivas,José María,1958-05-12,0,0,0,0,1,1,1982,https://en.wikipedia.org/wiki/Jos%C3%A9_Mar%C3%ADa_Rivas
8003,P-00086,Rivas,Roberto,1941-07-17,0,0,1,0,0,1,1970,https://en.wikipedia.org/wiki/Roberto_Rivas_(footballer)
8004,P-85778,Rivellino,not applicable,1946-01-01,0,0,0,1,1,3,"1970, 1974, 1978",https://en.wikipedia.org/wiki/Rivellino
8006,P-62214,Rivera,Gianni,1943-08-18,0,0,0,1,1,4,"1962, 1966, 1970, 1974",https://en.wikipedia.org/wiki/Gianni_Rivera
8008,P-72094,Rivero,Eliseo,1957-12-27,0,0,1,0,0,1,1986,https://en.wikipedia.org/wiki/Eliseo_Rivero
8009,P-78654,Riveros,Cristian,1982-10-16,0,0,0,1,0,2,"2006, 2010",https://en.wikipedia.org/wiki/Cristian_Riveros
8013,P-72479,Rix,Graham,1957-10-23,0,0,0,1,0,1,1982,https://en.wikipedia.org/wiki/Graham_Rix
8015,P-00052,Ró-Ró,not applicable,1990-08-06,0,0,1,0,0,1,2022,https://en.wikipedia.org/wiki/R%C3%B3-R%C3%B3
8016,P-81085,Roa,Carlos,1969-08-15,0,1,0,0,0,1,1998,https://en.wikipedia.org/wiki/Carlos_Roa
8017,P-23705,Robben,Arjen,1984-01-23,0,0,0,1,1,3,"2006, 2010, 2014",https://en.wikipedia.org/wiki/Arjen_Robben
8019,P-81322,Roberto,not applicable,1912-06-20,0,0,0,0,1,1,1938,"https://en.wikipedia.org/wiki/Roberto_(footballer,_born_1912)"
8020,P-97113,Roberto,not applicable,1944-07-31,0,0,0,0,1,1,1970,https://en.wikipedia.org/wiki/Roberto_Miranda
8021,P-61508,Roberto,not applicable,1962-07-05,0,0,0,1,0,1,1990,https://en.wikipedia.org/wiki/Roberto_Fern%C3%A1ndez_Bonillo
8022,P-56503,Roberts,Connor,1995-09-23,0,0,1,0,0,1,2022,"https://en.wikipedia.org/wiki/Connor_Roberts_(footballer,_born_1995)"
8025,P-96391,Robertson,John,1953-01-20,0,0,0,0,1,2,"1978, 1982","https://en.wikipedia.org/wiki/John_Robertson_(footballer,_born_1953)"
8027,P-13354,Robinho,not applicable,1984-01-25,0,0,0,0,1,2,"2006, 2010",https://en.wikipedia.org/wiki/Robinho
8028,P-70867,Robinson,Antonee,1997-08-08,0,0,1,0,0,1,2022,https://en.wikipedia.org/wiki/Antonee_Robinson
8030,P-72859,Robinson,Paul,1979-10-15,0,1,0,0,0,1,2006,https://en.wikipedia.org/wiki/Paul_Robinson_(goalkeeper)
8031,P-14657,Robledo,George,1926-04-14,0,0,0,0,1,1,1950,https://en.wikipedia.org/wiki/George_Robledo
8035,P-02675,Robson,Bryan,1957-01-11,0,0,0,1,0,3,"1982, 1986, 1990",https://en.wikipedia.org/wiki/Bryan_Robson
8038,P-47892,Rocha,Pedro,1942-12-03,0,0,0,1,1,4,"1962, 1966, 1970, 1974",https://en.wikipedia.org/wiki/Pedro_Rocha_(Uruguayan_footballer)
8039,P-61247,Rocha,Ricardo,1962-09-11,0,0,1,0,0,2,"1990, 1994","https://en.wikipedia.org/wiki/Ricardo_Rocha_(footballer,_born_1962)"
8040,P-00232,Rochet,Sergio,1993-03-23,0,1,0,0,0,1,2022,https://en.wikipedia.org/wiki/Sergio_Rochet
8041,P-99991,Rocheteau,Dominique,1955-01-14,0,0,0,1,1,3,"1978, 1982, 1986",https://en.wikipedia.org/wiki/Dominique_Rocheteau
8044,P-79953,Rodax,Gerhard,1965-08-29,0,0,0,0,1,1,1990,https://en.wikipedia.org/wiki/Gerhard_Rodax
8049,P-05562,Rodionov,Sergey,1962-09-03,0,0,0,0,1,2,"1982, 1986",https://en.wikipedia.org/wiki/Sergey_Rodionov
8050,P-38105,Rodon,Joe,1997-10-22,0,0,1,0,0,1,2022,https://en.wikipedia.org/wiki/Joe_Rodon
8052,P-62341,Rodri,not applicable,1996-06-22,0,0,0,1,0,1,2022,"https://en.wikipedia.org/wiki/Rodri_(footballer,_born_1996)"
8053,P-00339,Rodrigo,not applicable,1991-03-06,0,0,0,0,1,1,2018,"https://en.wikipedia.org/wiki/Rodrigo_(footballer,_born_1991)"
8057,P-86020,Rodríguez,Alberto,1984-03-31,0,0,1,0,0,1,2018,https://en.wikipedia.org/wiki/Alberto_Junior_Rodr%C3%ADguez
8059,P-19618,Rodríguez,Carlos,1997-01-03,0,0,0,1,0,1,2022,https://en.wikipedia.org/wiki/Carlos_Alberto_Rodr%C3%ADguez
8060,P-93262,Rodríguez,Clemente,1981-07-31,0,0,1,0,0,1,2010,https://en.wikipedia.org/wiki/Clemente_Rodr%C3%ADguez
8061,P-14180,Rodríguez,Cristian,1985-09-30,0,0,0,1,0,2,"2014, 2018",https://en.wikipedia.org/wiki/Cristian_Rodr%C3%ADguez
8062,P-49428,Rodríguez,Darío,1974-09-17,0,0,1,0,0,1,2002,https://en.wikipedia.org/wiki/Dar%C3%ADo_Rodr%C3%ADguez_(Uruguayan_footballer)
8063,P-11191,Rodríguez,Francisco Javier,1981-10-20,0,0,1,0,0,3,"2006, 2010, 2014",https://en.wikipedia.org/wiki/Francisco_Javier_Rodr%C3%ADguez
8064,P-03265,Rodríguez,Guido,1994-04-12,0,0,0,1,0,1,2022,https://en.wikipedia.org/wiki/Guido_Rodr%C3%ADguez
8068,P-49970,Rodríguez,Jaime,1959-01-17,0,0,1,0,0,1,1982,https://en.wikipedia.org/wiki/Jaime_Rodr%C3%ADguez
8069,P-89392,Rodríguez,James,1991-07-12,0,0,0,1,0,2,"2014, 2018",https://en.wikipedia.org/wiki/James_Rodr%C3%ADguez
8070,P-57272,Rodríguez,Johan,1975-08-15,0,0,0,1,0,1,2002,https://en.wikipedia.org/wiki/Johan_Rodr%C3%ADguez
8071,P-35042,Rodríguez,Jorge,1968-04-18,0,0,0,1,0,1,1994,"https://en.wikipedia.org/wiki/Jorge_Rodr%C3%ADguez_(footballer,_born_1968)"
8074,P-34448,Rodríguez,José Luis,1998-06-19,0,0,0,1,0,1,2018,"https://en.wikipedia.org/wiki/Jos%C3%A9_Luis_Rodr%C3%ADguez_(footballer,_born_1998)"
8075,P-23733,Rodríguez,Juan,1944-01-16,0,0,1,0,0,1,1974,https://en.wikipedia.org/wiki/Juan_Manuel_Rodr%C3%ADguez_Vega
8077,P-02839,Rodríguez,Kevin,2000-03-04,0,0,0,0,1,1,2022,"https://en.wikipedia.org/wiki/Kevin_Rodr%C3%ADguez_(footballer,_born_2000)"
8078,P-27629,Rodríguez,Leonardo,1966-08-27,0,0,0,1,0,1,1994,https://en.wikipedia.org/wiki/Leonardo_Rodr%C3%ADguez
8081,P-83098,Rodríguez,Mauricio,1945-09-12,0,0,0,1,0,1,1970,https://en.wikipedia.org/wiki/Mauricio_%22Pipo%22_Rodr%C3%ADguez
8082,P-33570,Rodríguez,Maxi,1981-01-02,0,0,0,1,0,3,"2006, 2010, 2014",https://en.wikipedia.org/wiki/Maxi_Rodr%C3%ADguez
8086,P-43367,Rodríguez,Ricardo,1992-08-25,0,0,1,0,0,3,"2014, 2018, 2022",https://en.wikipedia.org/wiki/Ricardo_Rodr%C3%ADguez_(footballer)
8090,P-06446,Rodrygo,not applicable,2001-01-09,0,0,0,0,1,1,2022,https://en.wikipedia.org/wiki/Rodrygo
8092,P-45548,Rogic,Tom,1992-12-16,0,0,0,1,0,1,2018,https://en.wikipedia.org/wiki/Tom_Rogic
8096,P-03217,Rojas,Arístides,1968-08-12,0,0,0,0,1,1,1998,https://en.wikipedia.org/wiki/Ar%C3%ADstides_Rojas
8099,P-65214,Rojas,Eladio,1934-11-08,0,0,0,1,0,1,1962,https://en.wikipedia.org/wiki/Eladio_Rojas
8100,P-79494,Rojas,Francisco,1974-07-22,0,0,1,0,0,1,1998,https://en.wikipedia.org/wiki/Francisco_Rojas_Rojas
8101,P-33089,Rojas,Joao,1989-06-14,0,0,0,1,0,1,2014,"https://en.wikipedia.org/wiki/Joao_Rojas_(footballer,_born_1989)"
8102,P-03193,Rojas,José Manuel,1983-06-03,0,0,1,0,0,1,2014,"https://en.wikipedia.org/wiki/Jos%C3%A9_Rojas_(footballer,_born_1983)"
8103,P-12252,Rojas,Manuel,1954-06-13,0,0,0,1,0,1,1982,https://en.wikipedia.org/wiki/Manuel_Rojas_(footballer)
8106,P-94008,Rojas,Percy,1949-09-16,0,0,0,1,1,2,"1978, 1982",https://en.wikipedia.org/wiki/Percy_Rojas
8108,P-28828,Rojas,Roberto,1955-10-26,0,0,1,0,0,1,1978,https://en.wikipedia.org/wiki/Roberto_Rojas_(Peruvian_footballer)
8109,P-18222,Rojo,Marcos,1990-03-20,0,0,1,0,0,2,"2014, 2018",https://en.wikipedia.org/wiki/Marcos_Rojo
8114,P-96946,Rolff,Wolfgang,1959-12-26,0,0,0,1,0,1,1986,https://en.wikipedia.org/wiki/Wolfgang_Rolff
8120,P-80410,Romao,Alaixys,1984-01-18,0,0,0,1,0,1,2006,https://en.wikipedia.org/wiki/Alaixys_Romao
8121,P-55581,Romaric,not applicable,1983-06-04,0,0,0,1,0,2,"2006, 2010",https://en.wikipedia.org/wiki/Romaric_(footballer)
8122,P-61251,Romário,not applicable,1966-01-29,0,0,0,0,1,2,"1990, 1994",https://en.wikipedia.org/wiki/Rom%C3%A1rio
8125,P-79650,Romero,Cristian,1998-04-27,0,0,1,0,0,1,2022,"https://en.wikipedia.org/wiki/Cristian_Romero_(footballer,_born_1998)"
8126,P-40852,Romero,Enrique,1971-06-23,0,0,1,0,0,1,2002,https://en.wikipedia.org/wiki/Enrique_Romero
8128,P-32438,Romero,Jorge Lino,1937-09-23,0,0,0,0,1,1,1958,https://en.wikipedia.org/wiki/Jorge_Lino_Romero
8129,P-73704,Romero,Julio César,1960-08-28,0,0,0,1,0,1,1986,https://en.wikipedia.org/wiki/Julio_C%C3%A9sar_Romero
8130,P-03231,Romero,Marcelo,1976-07-04,0,0,0,1,0,1,2002,https://en.wikipedia.org/wiki/Marcelo_Romero
8132,P-60541,Romero,Sergio,1987-02-22,0,1,0,0,0,2,"2010, 2014",https://en.wikipedia.org/wiki/Sergio_Romero
8133,P-44339,Romeu,not applicable,1911-03-26,0,0,0,0,1,1,1938,https://en.wikipedia.org/wiki/Romeu_Pellicciari
8134,P-80170,Rommedahl,Dennis,1978-07-22,0,0,0,1,0,2,"2002, 2010",https://en.wikipedia.org/wiki/Dennis_Rommedahl
8138,P-57361,Ronaldinho,not applicable,1980-03-21,0,0,0,1,0,2,"2002, 2006",https://en.wikipedia.org/wiki/Ronaldinho
8139,P-70442,Ronaldo,Cristiano,1985-02-05,0,0,0,0,1,5,"2006, 2010, 2014, 2018, 2022",https://en.wikipedia.org/wiki/Cristiano_Ronaldo
8140,P-62722,Ronaldo,not applicable,1976-09-18,0,0,0,0,1,4,"1994, 1998, 2002, 2006",https://en.wikipedia.org/wiki/Ronaldo_(Brazilian_footballer)
8143,P-84569,Rooney,Jimmy,1945-12-10,0,0,0,1,0,1,1974,https://en.wikipedia.org/wiki/Jimmy_Rooney
8144,P-99967,Rooney,Wayne,1985-10-24,0,0,0,0,1,3,"2006, 2010, 2014",https://en.wikipedia.org/wiki/Wayne_Rooney
8149,P-89481,Rosas,Manuel,1912-04-17,0,0,1,0,0,1,1930,"https://en.wikipedia.org/wiki/Manuel_Rosas_(footballer,_born_1912)"
8150,P-45085,Rosato,Roberto,1943-08-18,0,0,1,0,0,2,"1966, 1970",https://en.wikipedia.org/wiki/Roberto_Rosato
8152,P-48480,Rose,Danny,1990-07-02,0,0,1,0,0,1,2018,"https://en.wikipedia.org/wiki/Danny_Rose_(footballer,_born_1990)"
8156,P-78005,Rosen,Zvi,1947-06-23,0,0,1,0,0,1,1970,https://en.wikipedia.org/wiki/Zvi_Rosen
8161,P-94998,Rosenthal,Shmuel,1947-04-22,0,0,1,0,0,1,1970,https://en.wikipedia.org/wiki/Shmuel_Rosenthal
8163,P-36867,Roshan,Hassan,1955-06-02,0,0,0,0,1,1,1978,https://en.wikipedia.org/wiki/Hassan_Roshan
8164,P-29090,Rosický,Tomáš,1980-10-04,0,0,0,1,0,1,2006,https://en.wikipedia.org/wiki/Tom%C3%A1%C5%A1_Rosick%C3%BD
8169,P-91717,Rossi,Paolo,1956-09-23,0,0,0,0,1,3,"1978, 1982, 1986",https://en.wikipedia.org/wiki/Paolo_Rossi
8170,P-66082,Rossi,Youssef,1973-06-28,0,0,1,0,0,1,1998,https://en.wikipedia.org/wiki/Youssef_Rossi
8172,P-67256,Rotan,Ruslan,1981-10-29,0,0,0,1,0,1,2006,https://en.wikipedia.org/wiki/Ruslan_Rotan
8173,P-23176,Rotariu,Iosif,1962-09-27,0,0,0,1,0,1,1990,https://en.wikipedia.org/wiki/Iosif_Rotariu
8175,P-77817,Róth,Antal,1960-09-14,0,0,1,0,0,1,1986,https://en.wikipedia.org/wiki/Antal_R%C3%B3th
8178,P-05695,Rough,Alan,1951-11-25,0,1,0,0,0,3,"1978, 1982, 1986",https://en.wikipedia.org/wiki/Alan_Rough
8179,P-67442,Rouyer,Olivier,1955-12-01,0,0,0,0,1,1,1978,https://en.wikipedia.org/wiki/Olivier_Rouyer
8180,P-88273,Rowles,Kye,1998-06-24,0,0,1,0,0,1,2022,https://en.wikipedia.org/wiki/Kye_Rowles
8181,P-03942,Roy,Bryan,1970-02-12,0,0,0,0,1,2,"1990, 1994",https://en.wikipedia.org/wiki/Bryan_Roy
8182,P-54533,Rozehnal,David,1980-07-05,0,0,1,0,0,1,2006,https://en.wikipedia.org/wiki/David_Rozehnal
8187,P-15677,Rubiños,Luis,1940-12-31,0,1,0,0,0,1,1970,https://en.wikipedia.org/wiki/Luis_Rubi%C3%B1os
8189,P-51201,Rüdiger,Antonio,1993-03-03,0,0,1,0,0,2,"2018, 2022",https://en.wikipedia.org/wiki/Antonio_R%C3%BCdiger
8190,P-30524,Rudonja,Mladen,1971-07-26,0,0,0,0,1,1,2002,https://en.wikipedia.org/wiki/Mladen_Rudonja
8191,P-62162,Rudy,Sebastian,1990-02-28,0,0,0,1,0,1,2018,https://en.wikipedia.org/wiki/Sebastian_Rudy
8192,P-32819,Rudy,Wojciech,1952-10-24,0,0,1,0,0,1,1978,https://en.wikipedia.org/wiki/Wojciech_Rudy
8194,P-75277,Rufai,Peter,1963-08-24,0,1,0,0,0,2,"1994, 1998",https://en.wikipedia.org/wiki/Peter_Rufai
8195,P-38027,Rufer,Wynton,1962-12-29,0,0,0,0,1,1,1982,https://en.wikipedia.org/wiki/Wynton_Rufer
8197,P-38399,Rugamas,José Luis,1953-06-05,0,0,0,1,0,1,1982,https://en.wikipedia.org/wiki/Jos%C3%A9_Luis_Rugamas
8198,P-79080,Ruggeri,Oscar,1962-01-26,0,0,1,0,0,3,"1986, 1990, 1994",https://en.wikipedia.org/wiki/Oscar_Ruggeri
8201,P-16977,Ruidíaz,Raúl,1990-07-25,0,0,0,0,1,1,2018,https://en.wikipedia.org/wiki/Ra%C3%BAl_Ruid%C3%ADaz
8202,P-99590,Ruiz,Bryan,1985-08-18,0,0,0,1,1,3,"2014, 2018, 2022",https://en.wikipedia.org/wiki/Bryan_Ruiz
8207,P-39341,Rukavina,Antonio,1984-01-26,0,0,1,0,0,2,"2010, 2018",https://en.wikipedia.org/wiki/Antonio_Rukavina
8208,P-31145,Rukavytsya,Nikita,1987-06-22,0,0,0,0,1,1,2010,https://en.wikipedia.org/wiki/Nikita_Rukavytsya
8212,P-59574,Rummenigge,Karl-Heinz,1955-09-25,0,0,0,0,1,3,"1978, 1982, 1986",https://en.wikipedia.org/wiki/Karl-Heinz_Rummenigge
8215,P-96984,Rushfeldt,Sigurd,1972-12-11,0,0,0,0,1,1,1994,https://en.wikipedia.org/wiki/Sigurd_Rushfeldt
8216,P-07368,Rusol,Andriy,1983-01-16,0,0,1,0,0,1,2006,https://en.wikipedia.org/wiki/Andriy_Rusol
8217,P-76884,Russ,Kurt,1964-11-23,0,0,1,0,0,1,1990,https://en.wikipedia.org/wiki/Kurt_Russ
8219,P-47205,Rüssmann,Rolf,1950-10-13,0,0,0,1,0,1,1978,https://en.wikipedia.org/wiki/Rolf_R%C3%BCssmann
8220,P-87726,Rust,Albert,1953-10-10,0,1,0,0,0,1,1986,https://en.wikipedia.org/wiki/Albert_Rust_(footballer)
8221,P-88192,Rutjes,Graeme,1960-03-26,0,0,1,0,0,1,1990,https://en.wikipedia.org/wiki/Graeme_Rutjes
8224,P-10244,Ryan,Mathew,1992-04-08,0,1,0,0,0,3,"2014, 2018, 2022",https://en.wikipedia.org/wiki/Mathew_Ryan
8225,P-19545,Rybus,Maciej,1989-08-19,0,0,0,1,0,1,2018,https://en.wikipedia.org/wiki/Maciej_Rybus
8232,P-20085,Rząsa,Tomasz,1973-03-11,0,0,1,0,0,1,2002,https://en.wikipedia.org/wiki/Tomasz_Rz%C4%85sa
8233,P-16060,Sá,Francisco,1945-10-25,0,0,1,0,0,1,1974,https://en.wikipedia.org/wiki/Francisco_S%C3%A1
8235,P-71779,Saad,Naeem,1957-10-01,0,0,1,0,0,1,1982,https://en.wikipedia.org/wiki/Naeem_Saad
8236,P-36676,Saadavi,Naeim,1969-06-16,0,0,1,0,0,1,1998,https://en.wikipedia.org/wiki/Naeim_Saadavi
8240,P-55298,Sabaly,Youssouf,1993-03-05,0,0,1,0,0,2,"2018, 2022",https://en.wikipedia.org/wiki/Youssouf_Sabaly
8241,P-48922,Šabanadžović,Refik,1965-08-02,0,0,0,1,0,1,1990,https://en.wikipedia.org/wiki/Refik_%C5%A0abanad%C5%BEovi%C4%87
8243,P-83453,Sabău,Ioan,1968-02-12,0,0,0,1,0,1,1990,https://en.wikipedia.org/wiki/Ioan_Sab%C4%83u
8244,P-16954,Saber,Abdelilah,1974-04-21,0,0,1,0,0,1,1998,https://en.wikipedia.org/wiki/Abdelilah_Saber
8245,P-71236,Sabillón,Mauricio,1978-11-11,0,0,1,0,0,1,2010,https://en.wikipedia.org/wiki/Mauricio_Sabill%C3%B3n
8246,P-05265,Sabiri,Abdelhamid,1996-11-28,0,0,0,0,1,1,2022,https://en.wikipedia.org/wiki/Abdelhamid_Sabiri
8248,P-55781,Saborío,Álvaro,1982-03-25,0,0,0,0,1,1,2006,https://en.wikipedia.org/wiki/%C3%81lvaro_Sabor%C3%ADo
8253,P-09476,Sadakov,Ayan,1961-09-28,0,0,0,1,0,1,1986,https://en.wikipedia.org/wiki/Ayan_Sadakov
8254,P-34556,Saddam,Karim,1960-05-26,0,0,0,0,1,1,1986,https://en.wikipedia.org/wiki/Karim_Saddam
8255,P-94570,Sadeghi,Amir Hossein,1981-09-06,0,0,1,0,0,2,"2006, 2014",https://en.wikipedia.org/wiki/Amir_Hossein_Sadeghi
8256,P-64311,Sadeghi,Mohammad,1951-03-17,0,0,0,1,0,1,1978,"https://en.wikipedia.org/wiki/Mohammad_Sadeghi_(footballer,_born_1952)"
8260,P-54079,Saeed,Hussein,1958-01-21,0,0,0,0,1,1,1986,https://en.wikipedia.org/wiki/Hussein_Saeed
8263,P-27331,Sævarsson,Birkir Már,1984-11-11,0,0,1,0,0,1,2018,https://en.wikipedia.org/wiki/Birkir_M%C3%A1r_S%C3%A6varsson
8269,P-69530,Sagna,Bacary,1983-02-14,0,0,1,0,0,2,"2010, 2014",https://en.wikipedia.org/wiki/Bacary_Sagna
8270,P-23315,Sagnol,Willy,1977-03-18,0,0,1,0,0,2,"2002, 2006",https://en.wikipedia.org/wiki/Willy_Sagnol
8271,P-48944,Saha,Louis,1978-08-08,0,0,0,0,1,1,2006,https://en.wikipedia.org/wiki/Louis_Saha
8274,P-44112,Saïfi,Rafik,1975-02-07,0,0,0,0,1,1,2010,https://en.wikipedia.org/wiki/Rafik_Sa%C3%AFfi
8275,P-83849,Sainsbury,Trent,1992-01-05,0,0,1,0,0,1,2018,https://en.wikipedia.org/wiki/Trent_Sainsbury
8276,P-58000,Saint-Vil,Guy,1942-10-21,0,0,0,0,1,1,1974,https://en.wikipedia.org/wiki/Guy_Saint-Vil
8277,P-28638,Saint-Vil,Roger,1949-12-08,0,0,0,0,1,1,1974,https://en.wikipedia.org/wiki/Roger_Saint-Vil
8280,P-26068,Saïss,Romain,1990-03-26,0,0,1,0,0,2,"2018, 2022",https://en.wikipedia.org/wiki/Romain_Sa%C3%AFss
8283,P-76842,Saka,Bukayo,2001-09-05,0,0,0,0,1,1,2022,https://en.wikipedia.org/wiki/Bukayo_Saka
8285,P-62769,Sakai,Gōtoku,1991-03-14,0,0,1,0,0,2,"2014, 2018",https://en.wikipedia.org/wiki/G%C5%8Dtoku_Sakai
8286,P-56398,Sakai,Hiroki,1990-04-12,0,0,1,0,0,3,"2014, 2018, 2022",https://en.wikipedia.org/wiki/Hiroki_Sakai
8289,P-22102,Sakho,Diafra,1989-12-24,0,0,0,0,1,1,2018,https://en.wikipedia.org/wiki/Diafra_Sakho
8290,P-71633,Sakho,Mamadou,1990-02-13,0,0,1,0,0,1,2014,https://en.wikipedia.org/wiki/Mamadou_Sakho
8292,P-80851,Sala,Claudio,1947-09-08,0,0,0,1,0,1,1978,https://en.wikipedia.org/wiki/Claudio_Sala
8293,P-39505,Sala,Patrizio,1955-06-16,0,0,0,1,0,1,1978,https://en.wikipedia.org/wiki/Patrizio_Sala
8294,P-75890,Salah,Mohamed,1992-06-15,0,0,0,0,1,1,2018,https://en.wikipedia.org/wiki/Mohamed_Salah
8295,P-39251,Salas,Marcelo,1974-12-24,0,0,0,0,1,1,1998,https://en.wikipedia.org/wiki/Marcelo_Salas
8296,P-32622,Salas,Youstin,1996-06-17,0,0,0,1,0,1,2022,https://en.wikipedia.org/wiki/Youstin_Salas
8297,P-75191,Saláta,Kornel,1985-01-04,0,0,1,0,0,1,2010,https://en.wikipedia.org/wiki/Kornel_Sal%C3%A1ta
8300,P-01730,Salcedo,Carlos,1993-09-29,0,0,1,0,0,1,2018,https://en.wikipedia.org/wiki/Carlos_Salcedo
8301,P-97434,Salcido,Carlos,1980-04-02,0,0,1,0,0,3,"2006, 2010, 2014",https://en.wikipedia.org/wiki/Carlos_Salcido
8303,P-61224,Saleh,Hamzah,1967-04-19,0,0,0,1,0,2,"1994, 1998",https://en.wikipedia.org/wiki/Hamzah_Saleh
8304,P-73354,Salenko,Oleg,1969-10-25,0,0,0,0,1,1,1994,https://en.wikipedia.org/wiki/Oleg_Salenko
8305,P-56971,Salgado,Horacio López,1948-09-15,0,0,0,0,1,1,1970,https://en.wikipedia.org/wiki/Horacio_L%C3%B3pez_Salgado
8307,P-63942,Salgado,Míchel,1975-10-22,0,0,1,0,0,1,2006,https://en.wikipedia.org/wiki/M%C3%ADchel_Salgado
8308,P-60966,Salguero,Salvador,1951-08-10,0,0,1,0,0,1,1982,https://en.wikipedia.org/wiki/Salvador_Salguero
8310,P-07089,Saliba,William,2001-03-24,0,0,1,0,0,1,2022,https://en.wikipedia.org/wiki/William_Saliba
8311,P-57309,Salifou,Moustapha,1983-06-01,0,0,0,0,1,1,2006,https://en.wikipedia.org/wiki/Moustapha_Salifou
8312,P-94434,Salihović,Sejad,1984-10-08,0,0,0,1,0,1,2014,https://en.wikipedia.org/wiki/Sejad_Salihovi%C4%87
8315,P-18314,Salinas,Julio,1962-09-11,0,0,0,0,1,3,"1986, 1990, 1994",https://en.wikipedia.org/wiki/Julio_Salinas
8317,P-50142,Salisu,Mohammed,1999-04-17,0,0,1,0,0,1,2022,https://en.wikipedia.org/wiki/Mohammed_Salisu
8318,P-65801,Sallai,Sándor,1960-03-26,0,0,1,0,0,2,"1982, 1986",https://en.wikipedia.org/wiki/S%C3%A1ndor_Sallai
8319,P-72737,Salli,Edgar,1992-08-17,0,0,0,1,0,1,2014,https://en.wikipedia.org/wiki/Edgar_Salli
8320,P-42663,Salman,Tarek,1997-12-05,0,0,1,0,0,1,2022,https://en.wikipedia.org/wiki/Tarek_Salman
8323,P-75292,Salpingidis,Dimitris,1981-08-18,0,0,0,0,1,2,"2010, 2014",https://en.wikipedia.org/wiki/Dimitris_Salpingidis
8326,P-87112,Salvador,Luis Miguel,1968-02-26,0,0,0,0,1,1,1994,https://en.wikipedia.org/wiki/Luis_Miguel_Salvador
8328,P-22992,Salvio,Eduardo,1990-07-13,0,0,1,0,0,1,2018,https://en.wikipedia.org/wiki/Eduardo_Salvio
8329,P-16451,Samadi,Mohamed,1970-03-21,0,0,0,1,0,1,1994,https://en.wikipedia.org/wiki/Mohamed_Samadi
8330,P-58348,Samaras,Georgios,1985-02-21,0,0,0,0,1,2,"2010, 2014",https://en.wikipedia.org/wiki/Georgios_Samaras
8331,P-30845,Samaris,Andreas,1989-06-13,0,0,0,1,0,1,2014,https://en.wikipedia.org/wiki/Andreas_Samaris
8332,P-06356,Samedov,Aleksandr,1984-07-19,0,0,0,1,1,2,"2014, 2018",https://en.wikipedia.org/wiki/Aleksandr_Samedov
8335,P-05385,Sammer,Matthias,1967-09-05,0,0,1,0,0,1,1994,https://en.wikipedia.org/wiki/Matthias_Sammer
8336,P-39138,Sammir,not applicable,1987-04-23,0,0,0,1,0,1,2014,https://en.wikipedia.org/wiki/Sammir
8337,P-03658,Sampaio,César,1968-03-31,0,0,0,1,0,1,1998,https://en.wikipedia.org/wiki/C%C3%A9sar_Sampaio
8339,P-56282,Samuel,Collin,1981-08-27,0,0,0,0,1,1,2006,https://en.wikipedia.org/wiki/Collin_Samuel
8340,P-82297,Samuel,Randy,1963-12-23,0,0,1,0,0,1,1986,https://en.wikipedia.org/wiki/Randy_Samuel
8341,P-76131,Samuel,Walter,1978-03-23,0,0,1,0,0,2,"2002, 2010",https://en.wikipedia.org/wiki/Walter_Samuel
8345,P-26030,San José,Isidoro,1955-10-27,0,0,1,0,0,1,1978,https://en.wikipedia.org/wiki/Isidoro_San_Jos%C3%A9
8347,P-30014,Sánchez,Alexis,1988-12-19,0,0,0,0,1,2,"2010, 2014",https://en.wikipedia.org/wiki/Alexis_S%C3%A1nchez
8349,P-13847,Sánchez,Carlos,1984-12-02,0,0,0,1,0,1,2018,https://en.wikipedia.org/wiki/Carlos_S%C3%A1nchez_(Uruguayan_footballer)
8350,P-66228,Sánchez,Carlos,1986-02-06,0,0,0,1,0,2,"2014, 2018",https://en.wikipedia.org/wiki/Carlos_S%C3%A1nchez_(Colombian_footballer)
8352,P-38594,Sánchez,Davinson,1996-06-12,0,0,1,0,0,1,2018,https://en.wikipedia.org/wiki/Davinson_S%C3%A1nchez
8354,P-09978,Sánchez,Erwin,1969-10-19,0,0,0,1,0,1,1994,https://en.wikipedia.org/wiki/Erwin_S%C3%A1nchez
8356,P-26316,Sánchez,Hugo,1958-07-11,0,0,0,0,1,3,"1978, 1986, 1994",https://en.wikipedia.org/wiki/Hugo_S%C3%A1nchez
8357,P-26108,Sánchez,Joel,1974-08-17,0,0,1,0,0,1,1998,https://en.wikipedia.org/wiki/Joel_S%C3%A1nchez_(Mexican_footballer)
8358,P-24062,Sánchez,Jorge,1997-12-10,0,0,1,0,0,1,2022,"https://en.wikipedia.org/wiki/Jorge_S%C3%A1nchez_(footballer,_born_1997)"
8359,P-22224,Sánchez,Leonel,1936-04-25,0,0,0,1,1,2,"1962, 1966",https://en.wikipedia.org/wiki/Leonel_S%C3%A1nchez
8362,P-92932,Sánchez,Oswaldo,1973-09-21,0,1,0,0,0,3,"1998, 2002, 2006",https://en.wikipedia.org/wiki/Oswaldo_S%C3%A1nchez
8365,P-70703,Sánchez,Tente,1956-10-08,0,0,0,1,0,1,1982,https://en.wikipedia.org/wiki/Jos%C3%A9_Vicente_S%C3%A1nchez
8368,P-50021,Sanchís,Manuel,1938-03-26,0,0,1,0,0,1,1966,https://en.wikipedia.org/wiki/Manuel_Sanch%C3%ADs_Mart%C3%ADnez
8369,P-59110,Sanchís,Manuel,1965-05-23,0,0,1,0,0,1,1990,https://en.wikipedia.org/wiki/Manuel_Sanch%C3%ADs_Hontiyuelo
8370,P-52480,Sancho,Brent,1977-03-13,0,0,1,0,0,1,2006,https://en.wikipedia.org/wiki/Brent_Sancho
8371,P-80289,Sand,Ebbe,1972-07-19,0,0,0,0,1,2,"1998, 2002",https://en.wikipedia.org/wiki/Ebbe_Sand
8376,P-94413,Sandberg,Roland,1946-12-16,0,0,0,0,1,1,1974,https://en.wikipedia.org/wiki/Roland_Sandberg
8380,P-69885,Sándor,Károly,1928-11-29,0,0,0,0,1,2,"1958, 1962",https://en.wikipedia.org/wiki/K%C3%A1roly_S%C3%A1ndor
8383,P-90366,Sandoval,Rodolfo,1948-10-04,0,0,1,0,0,1,1970,https://en.wikipedia.org/wiki/Rodolfo_Sandoval
8384,P-97698,Sandro,Alex,1991-01-26,0,0,1,0,0,1,2022,https://en.wikipedia.org/wiki/Alex_Sandro
8386,P-47593,Sandy,Marco,1971-08-29,0,0,1,0,0,1,1994,https://en.wikipedia.org/wiki/Marco_Sandy
8387,P-39464,Sané,Leroy,1996-01-11,0,0,0,1,0,1,2022,https://en.wikipedia.org/wiki/Leroy_San%C3%A9
8388,P-91655,Sané,Salif,1990-08-25,0,0,0,1,0,1,2018,https://en.wikipedia.org/wiki/Salif_San%C3%A9
8389,P-46624,Sanfilippo,José,1935-05-04,0,0,0,0,1,2,"1958, 1962",https://en.wikipedia.org/wiki/Jos%C3%A9_Sanfilippo
8390,P-10357,Sang-ho,Na,1996-08-12,0,0,0,1,0,1,2022,https://en.wikipedia.org/wiki/Na_Sang-ho
8394,P-92064,Sanneh,Tony,1971-06-01,0,0,1,0,0,1,2002,https://en.wikipedia.org/wiki/Tony_Sanneh
8395,P-32958,Sanon,Emmanuel,1951-06-25,0,0,0,0,1,1,1974,https://en.wikipedia.org/wiki/Emmanuel_Sanon
8396,P-59016,Sansom,Kenny,1958-09-26,0,0,1,0,0,2,"1982, 1986",https://en.wikipedia.org/wiki/Kenny_Sansom
8397,P-21571,Santa,José,1970-11-12,0,0,1,0,0,1,1998,https://en.wikipedia.org/wiki/Jos%C3%A9_Santa
8398,P-34530,Santa Cruz,Roque,1981-08-16,0,0,0,0,1,3,"2002, 2006, 2010",https://en.wikipedia.org/wiki/Roque_Santa_Cruz
8399,P-56647,Santamaría,Anderson,1992-01-10,0,0,1,0,0,1,2018,https://en.wikipedia.org/wiki/Anderson_Santamar%C3%ADa
8401,P-33159,Santamaría,Santiago,1952-08-22,0,0,0,0,1,1,1982,https://en.wikipedia.org/wiki/Santiago_Santamar%C3%ADa
8402,P-33360,Santana,Jonathan,1981-10-19,0,0,0,1,0,1,2010,https://en.wikipedia.org/wiki/Jonathan_Santana
8406,P-39440,Santillana,not applicable,1952-08-23,0,0,0,0,1,2,"1978, 1982",https://en.wikipedia.org/wiki/Santillana_(footballer)
8407,P-37351,Santín,Sergio,1956-08-06,0,0,0,1,0,1,1986,https://en.wikipedia.org/wiki/Sergio_Sant%C3%ADn
8409,P-42311,Santos,Alessandro,1977-07-20,0,0,1,1,0,2,"2002, 2006",https://en.wikipedia.org/wiki/Alessandro_Santos
8410,P-52002,Santos,Djalma,1929-02-27,0,0,1,0,0,4,"1954, 1958, 1962, 1966",https://en.wikipedia.org/wiki/Djalma_Santos
8411,P-09041,Santos,Francileudo,1979-03-20,0,0,0,0,1,1,2006,https://en.wikipedia.org/wiki/Francileudo_Santos
8415,P-07679,Santos,Márcio,1969-09-15,0,0,1,0,0,1,1994,"https://en.wikipedia.org/wiki/M%C3%A1rcio_Santos_(footballer,_born_1969)"
8416,P-75955,Santos,Nílton,1925-05-16,0,0,1,0,0,4,"1950, 1954, 1958, 1962",https://en.wikipedia.org/wiki/N%C3%ADlton_Santos
8420,P-81950,Sapara,Marek,1982-07-31,0,0,0,1,0,1,2010,https://en.wikipedia.org/wiki/Marek_Sapara
8422,P-47233,Sara,Robert,1946-06-09,0,0,1,0,0,1,1978,https://en.wikipedia.org/wiki/Robert_Sara
8423,P-81427,Sarabia,Pablo,1992-05-11,0,0,0,0,1,1,2022,https://en.wikipedia.org/wiki/Pablo_Sarabia
8424,P-50567,Sarabia,Pedro,1975-07-05,0,0,1,0,0,2,"1998, 2002",https://en.wikipedia.org/wiki/Pedro_Sarabia
8425,P-66014,Saralegui,Mario,1959-04-24,0,0,0,1,0,1,1986,https://en.wikipedia.org/wiki/Mario_Saralegui
8426,P-68230,Saravakos,Dimitris,1961-07-26,0,0,0,1,0,1,1994,https://en.wikipedia.org/wiki/Dimitris_Saravakos
8427,P-94647,Sargent,Josh,2000-02-20,0,0,0,0,1,1,2022,https://en.wikipedia.org/wiki/Josh_Sargent
8428,P-04515,Sargun,Burhan,1929-02-11,0,0,0,0,1,1,1954,https://en.wikipedia.org/wiki/Burhan_Sargun
8429,P-36689,Šarić,Daniel,1972-08-04,0,0,1,0,0,1,2002,https://en.wikipedia.org/wiki/Daniel_%C5%A0ari%C4%87
8431,P-86181,Sarmeno,Genaro,1948-11-28,0,0,0,1,0,1,1970,https://en.wikipedia.org/wiki/Genaro_Sarmeno
8432,P-78091,Sarmiento,Jeremy,2002-06-16,0,0,0,1,0,1,2022,https://en.wikipedia.org/wiki/Jeremy_Sarmiento
8436,P-89034,Sárosi,György,1912-09-15,0,0,0,0,1,2,"1934, 1938",https://en.wikipedia.org/wiki/Gy%C3%B6rgy_S%C3%A1rosi
8438,P-24586,Sarpei,Hans,1976-06-28,0,0,1,1,0,2,"2006, 2010",https://en.wikipedia.org/wiki/Hans_Sarpei
8439,P-37935,Sarr,Ismaïla,1998-02-25,0,0,0,0,1,2,"2018, 2022",https://en.wikipedia.org/wiki/Isma%C3%AFla_Sarr
8440,P-81968,Sarr,Pape,1977-12-07,0,0,0,1,0,1,2002,https://en.wikipedia.org/wiki/Pape_Sarr
8441,P-76835,Sarr,Pape Matar,2002-09-14,0,0,0,1,0,1,2022,https://en.wikipedia.org/wiki/Pape_Matar_Sarr
8444,P-23883,Şaş,Hasan,1976-08-01,0,0,0,0,1,1,2002,https://en.wikipedia.org/wiki/Hasan_%C5%9Ea%C5%9F
8445,P-15857,Sasía,José,1933-12-27,0,0,0,0,1,2,"1962, 1966",https://en.wikipedia.org/wiki/Jos%C3%A9_Sas%C3%ADa
8447,P-90867,Sassi,Ferjani,1992-03-18,0,0,0,1,0,2,"2018, 2022",https://en.wikipedia.org/wiki/Ferjani_Sassi
8450,P-35798,Sătmăreanu,Lajos,1944-02-21,0,0,1,0,0,1,1970,https://en.wikipedia.org/wiki/Lajos_S%C4%83tm%C4%83reanu
8451,P-37218,Satrústegui,Jesús María,1954-01-12,0,0,0,0,1,1,1982,https://en.wikipedia.org/wiki/Jes%C3%BAs_Mar%C3%ADa_Satr%C3%BAstegui
8455,P-24553,Saura,Enrique,1954-08-02,0,0,0,1,0,1,1982,https://en.wikipedia.org/wiki/Enrique_Saura
8456,P-35544,Saveljić,Niša,1970-02-23,0,0,1,0,0,1,1998,https://en.wikipedia.org/wiki/Ni%C5%A1a_Savelji%C4%87
8457,P-18303,Savićević,Dejan,1966-09-15,0,0,0,1,0,2,"1990, 1998",https://en.wikipedia.org/wiki/Dejan_Savi%C4%87evi%C4%87
8459,P-38901,Saviola,Javier,1981-12-11,0,0,0,0,1,1,2006,https://en.wikipedia.org/wiki/Javier_Saviola
8464,P-73619,Scaloni,Lionel,1978-05-16,0,0,1,0,0,1,2006,https://en.wikipedia.org/wiki/Lionel_Scaloni
8465,P-44201,Scarone,Héctor,1898-11-26,0,0,0,0,1,1,1930,https://en.wikipedia.org/wiki/H%C3%A9ctor_Scarone
8467,P-99989,Schachner,Walter,1957-02-01,0,0,0,0,1,2,"1978, 1982",https://en.wikipedia.org/wiki/Walter_Schachner
8469,P-57113,Schaefer,Manfred,1943-02-12,0,0,1,0,0,1,1974,https://en.wikipedia.org/wiki/Manfred_Schaefer
8470,P-63184,Schäfer,Hans,1927-10-19,0,0,0,0,1,3,"1954, 1958, 1962",https://en.wikipedia.org/wiki/Hans_Sch%C3%A4fer
8471,P-87474,Schall,Anton,1907-06-22,0,0,0,0,1,1,1934,https://en.wikipedia.org/wiki/Anton_Schall
8472,P-25131,Schär,Fabian,1991-12-20,0,0,1,0,0,3,"2014, 2018, 2022",https://en.wikipedia.org/wiki/Fabian_Sch%C3%A4r
8475,P-82183,Scherer,Adolf,1938-05-05,0,0,0,1,1,2,"1958, 1962",https://en.wikipedia.org/wiki/Adolf_Scherer
8476,P-72075,Scherfke,Fryderyk,1909-09-07,0,0,0,0,1,1,1938,https://en.wikipedia.org/wiki/Fryderyk_Scherfke
8477,P-77194,Schettina,Vladimiro,1955-10-08,0,0,1,0,0,1,1986,https://en.wikipedia.org/wiki/Vladimiro_Schettina
8478,P-38873,Schiaffino,Juan Alberto,1925-07-28,0,0,0,0,1,2,"1950, 1954",https://en.wikipedia.org/wiki/Juan_Alberto_Schiaffino
8479,P-56703,Schiavio,Angelo,1905-10-15,0,0,0,0,1,1,1934,https://en.wikipedia.org/wiki/Angelo_Schiavio
8481,P-76544,Schillaci,Salvatore,1964-12-01,0,0,0,0,1,1,1990,https://en.wikipedia.org/wiki/Salvatore_Schillaci
8484,P-57898,Schjønberg,Michael,1967-01-19,0,0,1,0,0,1,1998,https://en.wikipedia.org/wiki/Michael_Schj%C3%B8nberg
8486,P-71859,Schlotterbeck,Nico,1999-12-01,0,0,1,0,0,1,2022,https://en.wikipedia.org/wiki/Nico_Schlotterbeck
8488,P-58755,Schmeichel,Kasper,1986-11-05,0,1,0,0,0,2,"2018, 2022",https://en.wikipedia.org/wiki/Kasper_Schmeichel
8489,P-35183,Schmeichel,Peter,1963-11-18,0,1,0,0,0,1,1998,https://en.wikipedia.org/wiki/Peter_Schmeichel
8497,P-32136,Schneider,Bernd,1973-11-17,0,0,0,1,0,2,"2002, 2006",https://en.wikipedia.org/wiki/Bernd_Schneider_(footballer)
8499,P-45182,Schneiderlin,Morgan,1989-11-08,0,0,0,1,0,1,2014,https://en.wikipedia.org/wiki/Morgan_Schneiderlin
8500,P-99095,Schneiter,Heinz,1935-04-12,0,0,1,0,0,2,"1962, 1966",https://en.wikipedia.org/wiki/Heinz_Schneiter
8502,P-93072,Schnellinger,Karl-Heinz,1939-03-31,0,0,1,0,0,4,"1958, 1962, 1966, 1970",https://en.wikipedia.org/wiki/Karl-Heinz_Schnellinger
8503,P-34021,Schnuphase,Rüdiger,1954-01-23,0,0,0,1,0,1,1974,https://en.wikipedia.org/wiki/R%C3%BCdiger_Schnuphase
8505,P-60031,Schoenaker,Dick,1952-11-30,0,0,0,1,0,1,1978,https://en.wikipedia.org/wiki/Dick_Schoenaker
8506,P-63916,Scholes,Paul,1974-11-16,0,0,0,1,0,2,"1998, 2002",https://en.wikipedia.org/wiki/Paul_Scholes
8507,P-60880,Schöne,Lasse,1986-05-27,0,0,0,1,0,1,2018,https://en.wikipedia.org/wiki/Lasse_Sch%C3%B6ne
8508,P-78149,Schopp,Markus,1974-02-22,0,0,0,1,0,1,1998,https://en.wikipedia.org/wiki/Markus_Schopp
8509,P-77198,Schöttel,Peter,1967-03-26,0,0,1,0,0,2,"1990, 1998",https://en.wikipedia.org/wiki/Peter_Sch%C3%B6ttel
8512,P-35622,Schrijvers,Piet,1946-12-15,0,1,0,0,0,2,"1974, 1978",https://en.wikipedia.org/wiki/Piet_Schrijvers
8517,P-77426,Schulz,Willi,1938-10-04,0,0,1,0,0,3,"1962, 1966, 1970",https://en.wikipedia.org/wiki/Willi_Schulz
8518,P-07171,Schumacher,Harald,1954-03-06,0,1,0,0,0,2,"1982, 1986",https://en.wikipedia.org/wiki/Harald_Schumacher
8519,P-46979,Schürrle,André,1990-11-06,0,0,0,0,1,1,2014,https://en.wikipedia.org/wiki/Andr%C3%A9_Sch%C3%BCrrle
8521,P-10922,Schwager,Yisha'ayahu,1946-02-10,0,0,0,1,0,1,1970,https://en.wikipedia.org/wiki/Yisha%27ayahu_Schwager
8525,P-63692,Schwarz,Stefan,1969-04-18,0,0,0,1,0,2,"1990, 1994",https://en.wikipedia.org/wiki/Stefan_Schwarz
8526,P-66174,Schwarzenbeck,Hans-Georg,1948-04-03,0,0,1,0,0,2,"1974, 1978",https://en.wikipedia.org/wiki/Hans-Georg_Schwarzenbeck
8527,P-78863,Schwarzer,Mark,1972-10-06,0,1,0,0,0,2,"2006, 2010",https://en.wikipedia.org/wiki/Mark_Schwarzer
8530,P-43400,Schweinsteiger,Bastian,1984-08-01,0,0,0,1,0,3,"2006, 2010, 2014",https://en.wikipedia.org/wiki/Bastian_Schweinsteiger
8531,P-97414,Scifo,Enzo,1966-02-19,0,0,0,1,0,4,"1986, 1990, 1994, 1998",https://en.wikipedia.org/wiki/Enzo_Scifo
8532,P-99788,Scirea,Gaetano,1953-05-25,0,0,1,0,0,3,"1978, 1982, 1986",https://en.wikipedia.org/wiki/Gaetano_Scirea
8533,P-44916,Scopelli,Alejandro,1908-05-12,0,0,0,0,1,1,1930,https://en.wikipedia.org/wiki/Alejandro_Scopelli
8542,P-87316,Scotti,Andrés,1975-12-14,0,0,1,0,0,1,2010,https://en.wikipedia.org/wiki/Andr%C3%A9s_Scotti
8544,P-13285,Seaman,David,1963-09-19,0,1,0,0,0,3,"1990, 1998, 2002",https://en.wikipedia.org/wiki/David_Seaman
8547,P-88946,Seedorf,Clarence,1976-04-01,0,0,0,1,0,1,1998,https://en.wikipedia.org/wiki/Clarence_Seedorf
8548,P-64138,Seeler,Uwe,1936-11-05,0,0,0,0,1,4,"1958, 1962, 1966, 1970",https://en.wikipedia.org/wiki/Uwe_Seeler
8549,P-07180,Seferovic,Haris,1992-02-22,0,0,0,0,1,3,"2014, 2018, 2022",https://en.wikipedia.org/wiki/Haris_Seferovic
8555,P-92139,Šegota,Branko,1961-06-08,0,0,0,0,1,1,1986,https://en.wikipedia.org/wiki/Branko_%C5%A0egota
8557,P-04924,Seguin,Wolfgang,1945-09-14,0,0,0,1,0,1,1974,https://en.wikipedia.org/wiki/Wolfgang_Seguin
8559,P-36105,Seidu,Alidu,2000-06-04,0,0,1,0,0,1,2022,https://en.wikipedia.org/wiki/Alidu_Seidu
8560,P-70793,Seitaridis,Giourkas,1981-06-04,0,0,1,0,0,1,2010,https://en.wikipedia.org/wiki/Giourkas_Seitaridis
8563,P-84013,Selander,Hans,1945-03-15,0,0,1,0,0,1,1970,https://en.wikipedia.org/wiki/Hans_Selander
8565,P-32237,Sellami,Jamal,1970-10-06,0,0,1,0,0,1,1998,https://en.wikipedia.org/wiki/Jamal_Sellami
8566,P-15025,Sellimi,Adel,1972-11-16,0,0,0,0,1,2,"1998, 2002",https://en.wikipedia.org/wiki/Adel_Sellimi
8569,P-79864,Selymes,Tibor,1970-05-14,0,0,1,0,0,2,"1994, 1998",https://en.wikipedia.org/wiki/Tibor_Selymes
8571,P-10247,Seman,Stanislav,1952-08-08,0,1,0,0,0,1,1982,https://en.wikipedia.org/wiki/Stanislav_Seman
8573,P-14179,Semenyo,Antoine,2000-01-07,0,0,0,0,1,1,2022,https://en.wikipedia.org/wiki/Antoine_Semenyo
8574,P-67478,Semmeling,Léon,1940-01-04,0,0,0,1,0,1,1970,https://en.wikipedia.org/wiki/L%C3%A9on_Semmeling
8576,P-65105,Semshov,Igor,1978-04-06,0,0,0,1,0,1,2002,https://en.wikipedia.org/wiki/Igor_Semshov
8578,P-22298,Sènaya,Yao Junior,1984-04-19,0,0,0,1,0,1,2006,https://en.wikipedia.org/wiki/Yao_Junior_S%C3%A8naya
8579,P-94161,Senderos,Philippe,1985-02-14,0,0,1,0,0,3,"2006, 2010, 2014",https://en.wikipedia.org/wiki/Philippe_Senderos
8582,P-82549,Senna,Marcos,1976-07-17,0,0,0,1,0,1,2006,https://en.wikipedia.org/wiki/Marcos_Senna
8583,P-53680,Sennikov,Dmitri,1976-06-24,0,0,1,0,0,1,2002,https://en.wikipedia.org/wiki/Dmitri_Sennikov
8584,P-32414,Señor,Juan Antonio,1958-08-26,0,0,0,1,0,1,1986,https://en.wikipedia.org/wiki/Juan_Antonio_Se%C3%B1or
8585,P-82949,Sensini,Roberto Néstor,1966-10-12,0,0,1,0,0,3,"1990, 1994, 1998",https://en.wikipedia.org/wiki/Roberto_N%C3%A9stor_Sensini
8588,P-65525,Seo,Jung-won,1970-12-17,0,0,0,0,1,2,"1994, 1998",https://en.wikipedia.org/wiki/Seo_Jung-won
8589,P-56626,Seol,Ki-hyeon,1979-01-08,0,0,0,0,1,2,"2002, 2006",https://en.wikipedia.org/wiki/Seol_Ki-hyeon
8595,P-37092,Sequeira,Douglas,1977-08-23,0,0,0,1,0,1,2006,https://en.wikipedia.org/wiki/Douglas_Sequeira
8599,P-60181,Serebryanikov,Viktor,1940-03-29,0,0,0,1,1,3,"1962, 1966, 1970",https://en.wikipedia.org/wiki/Viktor_Serebryanikov
8601,P-35253,Serena,Aldo,1960-06-25,0,0,0,0,1,2,"1986, 1990",https://en.wikipedia.org/wiki/Aldo_Serena
8603,P-96053,Sergi,not applicable,1971-12-28,0,0,1,0,0,2,"1994, 1998",https://en.wikipedia.org/wiki/Sergi_Barju%C3%A1n
8604,P-20664,Serginho,not applicable,1953-12-23,0,0,0,0,1,1,1982,https://en.wikipedia.org/wiki/Serginho_Chulapa
8605,P-14456,Sergio,not applicable,1976-11-10,0,0,0,1,0,1,2002,"https://en.wikipedia.org/wiki/Sergio_(footballer,_born_1976)"
8607,P-86509,Sérgio,Paulo,1969-06-02,0,0,0,1,0,1,1994,"https://en.wikipedia.org/wiki/Paulo_S%C3%A9rgio_(footballer,_born_1969)"
8609,P-80178,Serna,Mauricio,1968-01-22,0,0,0,1,0,2,"1994, 1998",https://en.wikipedia.org/wiki/Mauricio_Serna
8612,P-80379,Serrizuela,José,1962-06-16,0,0,1,0,0,1,1990,https://en.wikipedia.org/wiki/Jos%C3%A9_Serrizuela
8614,P-89412,Servín,Raúl,1963-04-29,0,0,1,0,0,1,1986,https://en.wikipedia.org/wiki/Ra%C3%BAl_Serv%C3%ADn
8617,P-05609,Sesta,Karl,1906-03-18,0,0,1,0,0,1,1934,https://en.wikipedia.org/wiki/Karl_Sesta
8618,P-26852,Šesták,Stanislav,1982-12-16,0,0,0,1,0,1,2010,https://en.wikipedia.org/wiki/Stanislav_%C5%A0est%C3%A1k
8619,P-46658,Šestić,Miloš,1956-08-08,0,0,0,0,1,1,1982,https://en.wikipedia.org/wiki/Milo%C5%A1_%C5%A0esti%C4%87
8623,P-32599,Seung-ho,Paik,1997-03-17,0,0,0,1,0,1,2022,https://en.wikipedia.org/wiki/Paik_Seung-ho
8627,P-78318,Sforza,Ciriaco,1970-03-02,0,0,0,1,0,1,1994,https://en.wikipedia.org/wiki/Ciriaco_Sforza
8628,P-95996,Shaaban,Rami,1975-06-30,0,1,0,0,0,1,2006,https://en.wikipedia.org/wiki/Rami_Shaaban
8630,P-62944,Shaker,Nadhim,1958-04-13,0,0,1,0,0,1,1986,https://en.wikipedia.org/wiki/Nadhim_Shaker
8631,P-15649,Shaker,Samir,1958-02-28,0,0,1,0,0,1,1986,https://en.wikipedia.org/wiki/Samir_Shaker
8632,P-53019,Shalamanov,Aleksandar,1941-09-04,0,0,1,0,0,2,"1966, 1970",https://en.wikipedia.org/wiki/Aleksandar_Shalamanov
8633,P-10165,Shalimov,Igor,1969-02-02,0,0,0,1,0,1,1990,https://en.wikipedia.org/wiki/Igor_Shalimov
8634,P-37402,Shao,Jiayi,1980-04-10,0,0,0,1,0,1,2002,https://en.wikipedia.org/wiki/Shao_Jiayi
8635,P-39460,Shaqiri,Xherdan,1991-10-10,0,0,0,1,0,4,"2010, 2014, 2018, 2022",https://en.wikipedia.org/wiki/Xherdan_Shaqiri
8636,P-06750,Sharahili,Riyadh,1993-04-28,0,0,0,1,0,1,2022,https://en.wikipedia.org/wiki/Riyadh_Sharahili
8637,P-47824,Sharp,Graeme,1960-10-16,0,0,0,0,1,1,1986,https://en.wikipedia.org/wiki/Graeme_Sharp
8638,P-27894,Shatov,Oleg,1990-07-29,0,0,0,1,0,1,2014,https://en.wikipedia.org/wiki/Oleg_Shatov
8640,P-36400,Shaw,Luke,1995-07-12,0,0,1,0,0,2,"2014, 2022",https://en.wikipedia.org/wiki/Luke_Shaw
8643,P-63416,Shearer,Alan,1970-08-13,0,0,0,0,1,1,1998,https://en.wikipedia.org/wiki/Alan_Shearer
8644,P-72379,Sheedy,Kevin,1959-10-21,0,0,0,1,0,1,1990,https://en.wikipedia.org/wiki/Kevin_Sheedy_(Irish_footballer)
8645,P-56584,Shelayev,Oleh,1976-11-05,0,0,0,1,0,1,2006,https://en.wikipedia.org/wiki/Oleh_Shelayev
8646,P-93680,Shengelia,Ramaz,1957-01-01,0,0,0,0,1,1,1982,https://en.wikipedia.org/wiki/Ramaz_Shengelia
8647,P-52963,Sheridan,John,1964-10-01,0,0,0,1,0,2,"1990, 1994",https://en.wikipedia.org/wiki/John_Sheridan_(footballer)
8649,P-94825,Sheringham,Teddy,1966-04-02,0,0,0,0,1,2,"1998, 2002",https://en.wikipedia.org/wiki/Teddy_Sheringham
8650,P-28651,Shesternyov,Albert,1941-06-20,0,0,1,1,0,3,"1962, 1966, 1970",https://en.wikipedia.org/wiki/Albert_Shesternyov
8651,P-86650,Shevchenko,Andriy,1976-09-29,0,0,0,0,1,1,2006,https://en.wikipedia.org/wiki/Andriy_Shevchenko
8653,P-99817,Shibasaki,Gaku,1992-05-28,0,0,0,1,0,2,"2018, 2022",https://en.wikipedia.org/wiki/Gaku_Shibasaki
8656,P-52437,Shilla,Illiasu,1982-10-26,0,0,1,0,0,1,2006,https://en.wikipedia.org/wiki/Illiasu_Shilla
8657,P-20640,Shilton,Peter,1949-09-18,0,1,0,0,0,3,"1982, 1986, 1990",https://en.wikipedia.org/wiki/Peter_Shilton
8662,P-97902,Shin,Hong-gi,1968-05-04,0,0,1,0,0,1,1994,https://en.wikipedia.org/wiki/Shin_Hong-gi
8666,P-24770,Shittu,Danny,1980-09-02,0,0,1,0,0,1,2010,https://en.wikipedia.org/wiki/Danny_Shittu
8668,P-37385,Shmulevich-Rom,Danny,1940-11-29,0,0,0,1,0,1,1970,https://en.wikipedia.org/wiki/Danny_Shmulevich-Rom
8670,P-42749,Shobair,Ahmed,1960-09-28,0,1,0,0,0,1,1990,https://en.wikipedia.org/wiki/Ahmed_Shobair
8672,P-00111,Shojaei,Masoud,1984-06-09,0,0,0,1,0,3,"2006, 2014, 2018",https://en.wikipedia.org/wiki/Masoud_Shojaei
8673,P-46176,Shoji,Gen,1992-12-11,0,0,1,0,0,1,2018,https://en.wikipedia.org/wiki/Gen_Shoji
8674,P-22507,Shorunmu,Ike,1967-10-16,0,1,0,0,0,1,2002,https://en.wikipedia.org/wiki/Ike_Shorunmu
8675,P-91649,Shovkovskyi,Oleksandr,1975-01-02,0,1,0,0,0,1,2006,https://en.wikipedia.org/wiki/Oleksandr_Shovkovskyi
8678,P-95383,Shum,Itzhak,1948-09-01,0,0,0,1,0,1,1970,https://en.wikipedia.org/wiki/Itzhak_Shum
8679,P-91215,Shuruk,Roni,1946-02-24,0,0,0,1,0,1,1970,https://en.wikipedia.org/wiki/Roni_Shuruk
8682,P-72487,Siasia,Samson,1967-08-14,0,0,0,0,1,1,1994,https://en.wikipedia.org/wiki/Samson_Siasia
8683,P-21000,Sibaya,MacBeth,1977-11-25,0,0,0,1,0,2,"2002, 2010",https://en.wikipedia.org/wiki/MacBeth_Sibaya
8684,P-09579,Sibik,Paweł,1971-02-15,0,0,0,1,0,1,2002,https://en.wikipedia.org/wiki/Pawe%C5%82_Sibik
8686,P-73306,Sidibé,Djibril,1992-07-29,0,0,1,0,0,1,2018,"https://en.wikipedia.org/wiki/Djibril_Sidib%C3%A9_(footballer,_born_1992)"
8690,P-85178,Sierra,José Luis,1968-12-05,0,0,0,1,0,1,1998,https://en.wikipedia.org/wiki/Jos%C3%A9_Luis_Sierra
8692,P-53238,Siffling,Otto,1912-08-03,0,0,0,0,1,2,"1934, 1938",https://en.wikipedia.org/wiki/Otto_Siffling
8694,P-32071,Signori,Giuseppe,1968-02-17,0,0,0,0,1,1,1994,https://en.wikipedia.org/wiki/Giuseppe_Signori
8695,P-73258,Sigurðarson,Björn Bergmann,1991-02-26,0,0,0,0,1,1,2018,https://en.wikipedia.org/wiki/Bj%C3%B6rn_Bergmann_Sigur%C3%B0arson
8696,P-83367,Sigurðsson,Gylfi,1989-09-08,0,0,0,1,0,1,2018,https://en.wikipedia.org/wiki/Gylfi_Sigur%C3%B0sson
8697,P-13758,Sigurðsson,Ragnar,1986-06-19,0,0,1,0,0,1,2018,https://en.wikipedia.org/wiki/Ragnar_Sigur%C3%B0sson
8699,P-32294,Sikhosana,Jerry,1969-06-08,0,0,0,0,1,1,1998,https://en.wikipedia.org/wiki/Jerry_Sikhosana
8700,P-12049,Silas,Paulo,1965-08-27,0,0,0,1,0,2,"1986, 1990",https://en.wikipedia.org/wiki/Paulo_Silas
8704,P-72710,Silva,Adrien,1989-03-15,0,0,0,1,0,1,2018,https://en.wikipedia.org/wiki/Adrien_Silva
8706,P-33280,Silva,André,1995-11-06,0,0,0,0,1,2,"2018, 2022","https://en.wikipedia.org/wiki/Andr%C3%A9_Silva_(footballer,_born_1995)"
8707,P-05289,Silva,António,2003-10-30,0,0,1,0,0,1,2022,https://en.wikipedia.org/wiki/Ant%C3%B3nio_Silva_(footballer)
8708,P-34205,Silva,Bernardo,1994-08-10,0,0,0,1,1,2,"2018, 2022",https://en.wikipedia.org/wiki/Bernardo_Silva
8709,P-74863,Silva,Darío,1972-11-02,0,0,0,0,1,1,2002,https://en.wikipedia.org/wiki/Dar%C3%ADo_Silva
8710,P-64102,Silva,David,1986-01-08,0,0,0,1,1,3,"2010, 2014, 2018",https://en.wikipedia.org/wiki/David_Silva
8711,P-94202,Silva,Francisco,1986-02-11,0,0,0,1,0,1,2014,https://en.wikipedia.org/wiki/Francisco_Silva
8713,P-45956,Silva,Gilberto,1976-10-07,0,0,0,1,0,3,"2002, 2006, 2010",https://en.wikipedia.org/wiki/Gilberto_Silva
8718,P-12551,Silva,Mauro,1968-01-12,0,0,0,1,0,1,1994,https://en.wikipedia.org/wiki/Mauro_Silva
8721,P-32798,Silva,Thiago,1984-09-22,0,0,1,0,0,4,"2010, 2014, 2018, 2022",https://en.wikipedia.org/wiki/Thiago_Silva
8723,P-66615,Silvestre,Mikaël,1977-08-09,0,0,1,0,0,2,"2002, 2006",https://en.wikipedia.org/wiki/Mika%C3%ABl_Silvestre
8724,P-32279,Simão,not applicable,1979-10-31,0,0,0,1,1,2,"2006, 2010",https://en.wikipedia.org/wiki/Sim%C3%A3o_Sabrosa
8726,P-06370,Simeone,Diego,1970-04-28,0,0,0,1,0,3,"1994, 1998, 2002",https://en.wikipedia.org/wiki/Diego_Simeone
8727,P-66734,Simeonov,Simeon,1946-04-26,0,1,0,0,0,3,"1966, 1970, 1974","https://en.wikipedia.org/wiki/Simeon_Simeonov_(footballer,_born_1946)"
8728,P-49309,Simeunovič,Marko,1967-12-06,0,1,0,0,0,1,2002,https://en.wikipedia.org/wiki/Marko_Simeunovi%C4%8D
8729,P-41724,Šimić,Dario,1975-11-12,0,0,1,0,0,3,"1998, 2002, 2006",https://en.wikipedia.org/wiki/Dario_%C5%A0imi%C4%87
8730,P-33623,Simo,Augustine,1978-09-18,0,0,0,1,0,1,1998,https://en.wikipedia.org/wiki/Augustine_Simo
8731,P-60225,Simões,António,1943-12-14,0,0,0,1,0,1,1966,https://en.wikipedia.org/wiki/Ant%C3%B3nio_Sim%C3%B5es
8736,P-14628,Simón,Juan,1960-03-02,0,0,1,0,0,1,1990,https://en.wikipedia.org/wiki/Juan_Sim%C3%B3n
8737,P-94271,Simón,Unai,1997-06-11,0,1,0,0,0,1,2022,https://en.wikipedia.org/wiki/Unai_Sim%C3%B3n
8740,P-80262,Simons,Timmy,1976-12-11,0,0,0,1,0,1,2002,https://en.wikipedia.org/wiki/Timmy_Simons
8741,P-34458,Simons,Xavi,2003-04-21,0,0,0,1,0,1,2022,https://en.wikipedia.org/wiki/Xavi_Simons
8742,P-07140,Simonsen,Allan,1952-12-15,0,0,0,0,1,1,1986,https://en.wikipedia.org/wiki/Allan_Simonsen
8744,P-82312,Simonsson,Agne,1935-10-19,0,0,0,0,1,1,1958,https://en.wikipedia.org/wiki/Agne_Simonsson
8745,P-54948,Simonyan,Nikita,1926-10-12,0,0,0,0,1,1,1958,https://en.wikipedia.org/wiki/Nikita_Simonyan
8748,P-62344,Simpson,Fitzroy,1970-02-26,0,0,0,1,0,1,1998,https://en.wikipedia.org/wiki/Fitzroy_Simpson
8750,P-29621,Šimunić,Josip,1978-02-18,0,0,1,0,0,2,"2002, 2006",https://en.wikipedia.org/wiki/Josip_%C5%A0imuni%C4%87
8753,P-99905,Sinclair,Frank,1971-12-03,0,0,1,0,0,1,1998,https://en.wikipedia.org/wiki/Frank_Sinclair
8754,P-53590,Sinclair,Trevor,1973-03-02,0,0,0,1,0,1,2002,https://en.wikipedia.org/wiki/Trevor_Sinclair
8755,P-11865,Sindelar,Matthias,1903-02-10,0,0,0,0,1,1,1934,https://en.wikipedia.org/wiki/Matthias_Sindelar
8757,P-30651,Sinha,not applicable,1976-05-23,0,0,0,1,0,1,2006,https://en.wikipedia.org/wiki/Sinha_(footballer)
8758,P-33115,Sio,Giovanni,1989-03-31,0,0,0,0,1,1,2014,https://en.wikipedia.org/wiki/Giovanni_Sio
8759,P-40666,Sionko,Libor,1977-02-01,0,0,0,1,0,1,2006,https://en.wikipedia.org/wiki/Libor_Sionko
8761,P-05061,Sirakov,Nasko,1962-04-26,0,0,0,0,1,2,"1986, 1994",https://en.wikipedia.org/wiki/Nasko_Sirakov
8762,P-60016,Sirigu,Salvatore,1987-01-12,0,1,0,0,0,1,2014,https://en.wikipedia.org/wiki/Salvatore_Sirigu
8764,P-07870,Sissoko,Moussa,1989-08-16,0,0,0,1,0,1,2014,https://en.wikipedia.org/wiki/Moussa_Sissoko
8765,P-18907,Sisto,Pione,1995-02-04,0,0,0,0,1,1,2018,https://en.wikipedia.org/wiki/Pione_Sisto
8766,P-46140,Sivebæk,John,1961-10-25,0,0,1,0,0,1,1986,https://en.wikipedia.org/wiki/John_Siveb%C3%A6k
8768,P-74565,Six,Didier,1954-08-21,0,0,0,1,1,2,"1978, 1982",https://en.wikipedia.org/wiki/Didier_Six
8770,P-61240,Sjöberg,Thomas,1952-07-06,0,0,0,0,1,1,1978,https://en.wikipedia.org/wiki/Thomas_Sj%C3%B6berg
8774,P-47815,Skhiri,Ellyes,1995-05-10,0,0,0,1,0,2,"2018, 2022",https://en.wikipedia.org/wiki/Ellyes_Skhiri
8777,P-47998,Skoblar,Josip,1941-03-12,0,0,0,0,1,1,1962,https://en.wikipedia.org/wiki/Josip_Skoblar
8778,P-33095,Skoglund,Lennart,1929-12-24,0,0,0,1,1,2,"1950, 1958",https://en.wikipedia.org/wiki/Lennart_Skoglund
8780,P-02071,Skóraś,Michał,2000-02-15,0,0,0,1,0,1,2022,https://en.wikipedia.org/wiki/Micha%C5%82_Sk%C3%B3ra%C5%9B
8784,P-76468,Skov,Robert,1996-05-20,0,0,0,1,0,1,2022,https://en.wikipedia.org/wiki/Robert_Skov
8786,P-57606,Škrtel,Martin,1984-12-15,0,0,1,0,0,1,2010,https://en.wikipedia.org/wiki/Martin_%C5%A0krtel
8787,P-71260,Skuhravý,Tomáš,1965-09-07,0,0,0,0,1,1,1990,https://en.wikipedia.org/wiki/Tom%C3%A1%C5%A1_Skuhrav%C3%BD
8788,P-02559,Skúlason,Ari Freyr,1987-05-14,0,0,1,0,0,1,2018,https://en.wikipedia.org/wiki/Ari_Freyr_Sk%C3%BAlason
8794,P-59199,Slimani,Islam,1988-06-18,0,0,0,0,1,1,2014,https://en.wikipedia.org/wiki/Islam_Slimani
8795,P-99082,Slimani,Kacem,1948-07-01,0,0,1,0,0,1,1970,https://en.wikipedia.org/wiki/Kacem_Slimani
8796,P-69793,Sliti,Naïm,1992-07-27,0,0,0,0,1,2,"2018, 2022",https://en.wikipedia.org/wiki/Na%C3%AFm_Sliti
8797,P-67521,Šljivo,Edhem,1950-03-16,0,0,0,1,0,1,1982,https://en.wikipedia.org/wiki/Edhem_%C5%A0ljivo
8800,P-87661,Smalling,Chris,1989-11-22,0,0,1,0,0,1,2014,https://en.wikipedia.org/wiki/Chris_Smalling
8803,P-90145,Smeltz,Shane,1981-09-29,0,0,0,0,1,1,2010,https://en.wikipedia.org/wiki/Shane_Smeltz
8804,P-79578,Smertin,Alexey,1975-05-01,0,0,0,1,0,1,2002,https://en.wikipedia.org/wiki/Alexey_Smertin
8805,P-61846,Smidts,Rudi,1963-08-12,0,0,1,0,0,1,1994,https://en.wikipedia.org/wiki/Rudi_Smidts
8808,P-85884,Smit,Kick,1911-11-03,0,0,0,0,1,2,"1934, 1938",https://en.wikipedia.org/wiki/Kick_Smit
8812,P-63865,Smith,Ian,1998-03-06,0,0,1,0,0,1,2018,"https://en.wikipedia.org/wiki/Ian_Smith_(footballer,_born_1998)"
8820,P-84524,Smith,Tommy,1990-03-31,0,0,1,0,0,1,2010,"https://en.wikipedia.org/wiki/Tommy_Smith_(footballer,_born_1990)"
8821,P-95900,Smolarek,Euzebiusz,1981-01-09,0,0,0,0,1,1,2006,https://en.wikipedia.org/wiki/Euzebiusz_Smolarek
8822,P-57931,Smolarek,Włodzimierz,1957-07-16,0,0,0,0,1,2,"1982, 1986",https://en.wikipedia.org/wiki/W%C5%82odzimierz_Smolarek
8823,P-64597,Smolnikov,Igor,1988-08-08,0,0,1,0,0,1,2018,https://en.wikipedia.org/wiki/Igor_Smolnikov
8824,P-18383,Smolov,Fyodor,1990-02-09,0,0,0,0,1,1,2018,https://en.wikipedia.org/wiki/Fyodor_Smolov
8825,P-51336,Sneijder,Wesley,1984-06-09,0,0,0,1,0,3,"2006, 2010, 2014",https://en.wikipedia.org/wiki/Wesley_Sneijder
8828,P-91291,Sobhi,Ramadan,1997-01-23,0,0,0,0,1,1,2018,https://en.wikipedia.org/wiki/Ramadan_Sobhi
8829,P-05425,Sobolewski,Radosław,1976-12-13,0,0,0,1,0,1,2006,https://en.wikipedia.org/wiki/Rados%C5%82aw_Sobolewski
8830,P-58983,Sobotka,Jiří,1911-06-06,0,0,0,0,1,1,1934,https://en.wikipedia.org/wiki/Ji%C5%99%C3%AD_Sobotka
8832,P-28298,Socías,Jorge,1951-10-06,0,0,0,1,0,1,1974,https://en.wikipedia.org/wiki/Jorge_Soc%C3%ADas
8833,P-77922,Socorro,Héctor,1912-06-26,0,0,0,0,1,1,1938,https://en.wikipedia.org/wiki/H%C3%A9ctor_Socorro
8834,P-78605,Sócrates,not applicable,1954-02-19,0,0,0,1,0,2,"1982, 1986",https://en.wikipedia.org/wiki/S%C3%B3crates
8835,P-06935,Sodje,Efe,1972-10-05,0,0,1,0,0,1,2002,https://en.wikipedia.org/wiki/Efe_Sodje
8838,P-14962,Sokolov,Georgi,1942-06-19,0,0,0,0,1,1,1962,https://en.wikipedia.org/wiki/Georgi_Sokolov
8843,P-75062,Solbakken,Ståle,1968-02-27,0,0,0,1,0,1,1998,https://en.wikipedia.org/wiki/St%C3%A5le_Solbakken
8845,P-37461,Soldo,Zvonimir,1967-11-02,0,0,0,1,0,2,"1998, 2002",https://en.wikipedia.org/wiki/Zvonimir_Soldo
8847,P-30405,Soler,Carlos,1997-01-02,0,0,0,1,0,1,2022,https://en.wikipedia.org/wiki/Carlos_Soler_(footballer)
8848,P-06095,Soler,Gérard,1954-03-29,0,0,0,0,1,1,1982,https://en.wikipedia.org/wiki/G%C3%A9rard_Soler
8849,P-57839,Soliman,Tarek,1962-01-24,0,0,0,1,0,1,1990,https://en.wikipedia.org/wiki/Tarek_Soliman
8850,P-26474,Solís,Mauricio,1972-12-13,0,0,0,1,0,2,"2002, 2006",https://en.wikipedia.org/wiki/Mauricio_Sol%C3%ADs
8852,P-27678,Solomatin,Andrei,1975-09-09,0,0,1,0,0,1,2002,https://en.wikipedia.org/wiki/Andrei_Solomatin
8853,P-63924,Solskjær,Ole Gunnar,1973-02-26,0,0,0,0,1,1,1998,https://en.wikipedia.org/wiki/Ole_Gunnar_Solskj%C3%A6r
8854,P-01864,Solymosi,Ernő,1940-09-21,0,0,1,0,0,1,1962,https://en.wikipedia.org/wiki/Ern%C5%91_Solymosi
8855,P-61672,Soma,Naoki,1971-07-19,0,0,1,0,0,1,1998,https://en.wikipedia.org/wiki/Naoki_Soma
8856,P-64056,Soma,Yuki,1997-02-25,0,0,0,1,0,1,2022,https://en.wikipedia.org/wiki/Yuki_Soma
8859,P-63312,Sommer,Yann,1988-12-17,0,1,0,0,0,3,"2014, 2018, 2022",https://en.wikipedia.org/wiki/Yann_Sommer
8860,P-77335,Son,Heung-min,1992-07-08,0,0,0,1,1,3,"2014, 2018, 2022",https://en.wikipedia.org/wiki/Son_Heung-min
8862,P-64922,Sonck,Wesley,1978-08-09,0,0,0,0,1,1,2002,https://en.wikipedia.org/wiki/Wesley_Sonck
8864,P-99407,Song,Alex,1987-09-09,0,0,0,1,0,2,"2010, 2014",https://en.wikipedia.org/wiki/Alex_Song
8865,P-83544,Song,Chong-gug,1979-02-20,0,0,1,1,0,2,"2002, 2006",https://en.wikipedia.org/wiki/Song_Chong-gug
8869,P-98173,Song,Rigobert,1976-07-01,0,0,1,0,0,4,"1994, 1998, 2002, 2010",https://en.wikipedia.org/wiki/Rigobert_Song
8872,P-93402,Songo'o,Jacques,1964-03-17,0,1,0,0,0,4,"1990, 1994, 1998, 2002",https://en.wikipedia.org/wiki/Jacques_Songo%27o
8877,P-09412,Sorber,Mike,1971-05-14,0,0,0,1,0,1,1994,https://en.wikipedia.org/wiki/Mike_Sorber
8879,P-00212,Sørensen,Thomas,1976-06-12,0,1,0,0,0,2,"2002, 2010",https://en.wikipedia.org/wiki/Thomas_S%C3%B8rensen
8882,P-61814,Soria,Vladimir,1964-07-15,0,0,0,1,0,1,1994,https://en.wikipedia.org/wiki/Vladimir_Soria
8883,P-60914,Sorín,Juan Pablo,1976-05-05,0,0,1,0,0,2,"2002, 2006",https://en.wikipedia.org/wiki/Juan_Pablo_Sor%C3%ADn
8884,P-63024,Sørloth,Gøran,1962-07-16,0,0,0,0,1,1,1994,https://en.wikipedia.org/wiki/G%C3%B8ran_S%C3%B8rloth
8887,P-03960,Sorondo,Gonzalo,1979-10-09,0,0,1,0,0,1,2002,https://en.wikipedia.org/wiki/Gonzalo_Sorondo
8888,P-70512,Soruco,Modesto,1966-02-12,0,0,1,0,0,1,1994,https://en.wikipedia.org/wiki/Modesto_Soruco
8889,P-84190,Sosa,Borna,1998-01-21,0,0,1,0,0,1,2022,https://en.wikipedia.org/wiki/Borna_Sosa
8894,P-68611,Sosa,Rubén,1966-04-25,0,0,0,0,1,1,1990,https://en.wikipedia.org/wiki/Rub%C3%A9n_Sosa
8898,P-49357,Sotil,Hugo,1949-05-18,0,0,0,0,1,2,"1970, 1978",https://en.wikipedia.org/wiki/Hugo_Sotil
8900,P-64288,Soto,Mario,1950-07-10,0,0,1,0,0,1,1982,"https://en.wikipedia.org/wiki/Mario_Soto_(footballer,_born_1950)"
8901,P-50233,Soto,Pedro,1952-10-22,0,1,0,0,0,1,1978,https://en.wikipedia.org/wiki/Pedro_Soto_(footballer)
8903,P-58711,Souayah,Skander,1972-11-20,0,0,0,1,0,1,1998,https://en.wikipedia.org/wiki/Skander_Souayah
8905,P-63360,Soudani,Hillal,1987-11-25,0,0,0,0,1,1,2014,https://en.wikipedia.org/wiki/Hillal_Soudani
8906,P-40996,Souleimani,Abdelaziz,1958-04-30,0,0,0,1,0,1,1986,https://en.wikipedia.org/wiki/Abdelaziz_Souleimani
8907,P-91562,Souness,Graeme,1953-05-06,0,0,0,1,0,3,"1978, 1982, 1986",https://en.wikipedia.org/wiki/Graeme_Souness
8908,P-22344,Sousa,António,1957-04-28,0,0,0,1,0,1,1986,https://en.wikipedia.org/wiki/Ant%C3%B3nio_Sousa
8910,P-79943,Southgate,Gareth,1970-09-03,0,0,1,0,0,2,"1998, 2002",https://en.wikipedia.org/wiki/Gareth_Southgate
8912,P-89217,Souttar,Harry,1998-10-22,0,0,1,0,0,1,2022,https://en.wikipedia.org/wiki/Harry_Souttar
8915,P-44010,Souza Ferreira,Luis,1904-06-30,0,0,0,0,1,1,1930,https://en.wikipedia.org/wiki/Luis_Souza_Ferreira
8917,P-11878,Sow,Djibril,1997-02-06,0,0,0,1,0,1,2022,https://en.wikipedia.org/wiki/Djibril_Sow
8922,P-68768,Spahić,Emir,1980-08-18,0,0,1,0,0,1,2014,https://en.wikipedia.org/wiki/Emir_Spahi%C4%87
8925,P-27040,Sparwasser,Jürgen,1948-06-04,0,0,0,1,0,1,1974,https://en.wikipedia.org/wiki/J%C3%BCrgen_Sparwasser
8926,P-71342,Spasić,Predrag,1965-05-13,0,0,1,0,0,1,1990,https://en.wikipedia.org/wiki/Predrag_Spasi%C4%87
8929,P-62232,Spiegel,Giora,1947-07-27,0,0,0,0,1,1,1970,https://en.wikipedia.org/wiki/Giora_Spiegel
8930,P-77834,Spiegler,Mordechai,1944-08-19,0,0,0,0,1,1,1970,https://en.wikipedia.org/wiki/Mordechai_Spiegler
8931,P-39619,Spinosi,Luciano,1950-05-09,0,0,1,0,0,1,1974,https://en.wikipedia.org/wiki/Luciano_Spinosi
8932,P-77068,Spiranovic,Matthew,1988-06-27,0,0,1,0,0,1,2014,https://en.wikipedia.org/wiki/Matthew_Spiranovic
8936,P-10953,Spycher,Christoph,1978-03-30,0,0,1,0,0,1,2006,https://en.wikipedia.org/wiki/Christoph_Spycher
8937,P-69064,Spyropoulos,Nikos,1983-10-10,0,0,1,0,0,1,2010,https://en.wikipedia.org/wiki/Nikos_Spyropoulos
8938,P-63462,Squeo,Carlos,1948-06-04,0,0,0,1,0,1,1974,https://en.wikipedia.org/wiki/Carlos_Squeo
8939,P-33400,Squillaci,Sébastien,1980-08-11,0,0,1,0,0,1,2010,https://en.wikipedia.org/wiki/S%C3%A9bastien_Squillaci
8940,P-77301,Srarfi,Bassem,1997-06-25,0,0,0,0,1,1,2018,https://en.wikipedia.org/wiki/Bassem_Srarfi
8942,P-97008,Srna,Darijo,1982-05-01,0,0,1,1,0,2,"2006, 2014",https://en.wikipedia.org/wiki/Darijo_Srna
8945,P-56486,Stábile,Guillermo,1905-01-17,0,0,0,0,1,1,1930,https://en.wikipedia.org/wiki/Guillermo_St%C3%A1bile
8947,P-33618,Staelens,Lorenzo,1964-04-30,0,0,1,1,0,3,"1990, 1994, 1998",https://en.wikipedia.org/wiki/Lorenzo_Staelens
8948,P-65749,Štajner,Jiří,1976-05-27,0,0,0,0,1,1,2006,https://en.wikipedia.org/wiki/Ji%C5%99%C3%AD_%C5%A0tajner
8949,P-46061,Stam,Jaap,1972-07-17,0,0,1,0,0,1,1998,https://en.wikipedia.org/wiki/Jaap_Stam
8950,P-61860,Štambachr,František,1953-02-13,0,0,0,1,0,1,1982,https://en.wikipedia.org/wiki/Franti%C5%A1ek_%C5%A0tambachr
8951,P-18615,Stanciu,Constantin,1911-03-05,0,0,0,0,1,1,1930,https://en.wikipedia.org/wiki/Constantin_Stanciu
8954,P-75377,Stanić,Mario,1972-04-10,0,0,0,1,0,2,"1998, 2002",https://en.wikipedia.org/wiki/Mario_Stani%C4%87
8957,P-91350,Stanišić,Josip,2000-04-02,0,0,1,0,0,1,2022,https://en.wikipedia.org/wiki/Josip_Stani%C5%A1i%C4%87
8959,P-22793,Stanković,Dejan,1978-09-11,0,0,0,1,0,3,"1998, 2006, 2010",https://en.wikipedia.org/wiki/Dejan_Stankovi%C4%87
8960,P-63160,Stanojković,Vujadin,1963-09-10,0,0,1,0,0,1,1990,https://en.wikipedia.org/wiki/Vujadin_Stanojkovi%C4%87
8965,P-69817,Staunton,Steve,1969-01-19,0,0,1,0,0,3,"1990, 1994, 2002",https://en.wikipedia.org/wiki/Steve_Staunton
8966,P-62720,Staykov,Stefan,1949-10-03,0,1,0,0,0,1,1974,https://en.wikipedia.org/wiki/Stefan_Staykov
8967,P-04393,Steen Nielsen,Brian,1968-12-28,0,0,0,1,0,1,2002,https://en.wikipedia.org/wiki/Brian_Steen_Nielsen
8970,P-20482,Steffen,Renato,1991-11-03,0,0,1,0,0,1,2022,https://en.wikipedia.org/wiki/Renato_Steffen
8976,P-76459,Stejskal,Jan,1962-01-15,0,1,0,0,0,1,1990,https://en.wikipedia.org/wiki/Jan_Stejskal
8977,P-36850,Stekelenburg,Maarten,1982-09-22,0,1,0,0,0,2,"2006, 2010",https://en.wikipedia.org/wiki/Maarten_Stekelenburg
8978,P-44978,Stelea,Bogdan,1967-12-05,0,1,0,0,0,3,"1990, 1994, 1998",https://en.wikipedia.org/wiki/Bogdan_Stelea
8986,P-90087,Sterjovski,Mile,1979-05-27,0,0,0,1,0,1,2006,https://en.wikipedia.org/wiki/Mile_Sterjovski
8987,P-21553,Sterling,Raheem,1994-12-08,0,0,0,1,1,3,"2014, 2018, 2022",https://en.wikipedia.org/wiki/Raheem_Sterling
8992,P-76340,Steven,Trevor,1963-09-21,0,0,0,1,0,2,"1986, 1990",https://en.wikipedia.org/wiki/Trevor_Steven
8993,P-49130,Stevens,Gary,1962-03-30,0,0,1,0,0,1,1986,"https://en.wikipedia.org/wiki/Gary_Stevens_(footballer,_born_1962)"
8994,P-23718,Stevens,Gary,1963-03-27,0,0,1,0,0,2,"1986, 1990","https://en.wikipedia.org/wiki/Gary_Stevens_(footballer,_born_1963)"
8995,P-45323,Stević,Miroslav,1970-01-07,0,0,0,1,0,1,1998,https://en.wikipedia.org/wiki/Miroslav_Stevi%C4%87
8998,P-96178,Stewart,Earnie,1969-03-28,0,0,0,1,1,3,"1994, 1998, 2002",https://en.wikipedia.org/wiki/Earnie_Stewart
8999,P-88012,Stewart,Ian,1961-09-10,0,0,0,0,1,1,1986,https://en.wikipedia.org/wiki/Ian_Stewart_(Northern_Irish_footballer)
9001,P-53400,Štibrányi,Jozef,1940-04-11,0,0,0,1,0,1,1962,https://en.wikipedia.org/wiki/Jozef_%C5%A0tibr%C3%A1nyi
9002,P-45695,Stielike,Uli,1954-11-15,0,0,1,0,0,1,1982,https://en.wikipedia.org/wiki/Uli_Stielike
9006,P-98512,Štimac,Igor,1967-09-06,0,0,1,0,0,1,1998,https://en.wikipedia.org/wiki/Igor_%C5%A0timac
9007,P-44448,Stîngă,Ovidiu,1972-12-05,0,0,0,1,0,2,"1994, 1998",https://en.wikipedia.org/wiki/Ovidiu_St%C3%AEng%C4%83
9009,P-78836,Stoch,Miroslav,1989-10-19,0,0,0,1,0,1,2010,https://en.wikipedia.org/wiki/Miroslav_Stoch
9010,P-00875,Stocker,Valentin,1989-04-12,0,0,0,1,0,1,2014,https://en.wikipedia.org/wiki/Valentin_Stocker
9011,P-63420,Stöger,Peter,1966-04-11,0,0,0,1,0,1,1998,https://en.wikipedia.org/wiki/Peter_St%C3%B6ger
9012,P-81648,Stoichkov,Hristo,1966-02-08,0,0,0,0,1,2,"1994, 1998",https://en.wikipedia.org/wiki/Hristo_Stoichkov
9016,P-51339,Stojaspal,Ernst,1925-01-14,0,0,0,0,1,1,1954,https://en.wikipedia.org/wiki/Ernst_Stojaspal
9017,P-93318,Stojković,Dragan,1965-03-03,0,0,0,1,0,2,"1990, 1998",https://en.wikipedia.org/wiki/Dragan_Stojkovi%C4%87
9018,P-17336,Stojković,Nenad,1956-05-26,0,0,1,0,0,1,1982,https://en.wikipedia.org/wiki/Nenad_Stojkovi%C4%87
9019,P-46403,Stojković,Vladimir,1983-07-28,0,1,0,0,0,3,"2006, 2010, 2018",https://en.wikipedia.org/wiki/Vladimir_Stojkovi%C4%87
9022,P-28894,Stollmeyer,John,1962-10-25,0,0,0,1,0,1,1990,https://en.wikipedia.org/wiki/John_Stollmeyer
9023,P-92628,Stones,John,1994-05-28,0,0,1,0,0,2,"2018, 2022",https://en.wikipedia.org/wiki/John_Stones
9025,P-22982,Stopyra,Yannick,1961-01-09,0,0,0,0,1,1,1986,https://en.wikipedia.org/wiki/Yannick_Stopyra
9031,P-80628,Stoyanov,Ivan,1949-01-20,0,0,0,1,0,1,1974,"https://en.wikipedia.org/wiki/Ivan_Stoyanov_(footballer,_born_1949)"
9032,P-46604,Strachan,Gordon,1957-02-09,0,0,0,1,0,2,"1982, 1986",https://en.wikipedia.org/wiki/Gordon_Strachan
9034,P-20647,Straka,František,1958-05-21,0,0,1,0,0,1,1990,https://en.wikipedia.org/wiki/Franti%C5%A1ek_Straka
9035,P-21663,Strand,Roar,1970-02-02,0,0,0,1,0,2,"1994, 1998",https://en.wikipedia.org/wiki/Roar_Strand
9037,P-80182,Strasser,Heinrich,1948-10-26,0,0,1,0,0,1,1978,https://en.wikipedia.org/wiki/Heinrich_Strasser
9039,P-37913,Štrba,Zdeno,1976-06-09,0,0,0,1,0,1,2010,https://en.wikipedia.org/wiki/Zdeno_%C5%A0trba
9042,P-91963,Streich,Joachim,1951-04-13,0,0,0,0,1,1,1974,https://en.wikipedia.org/wiki/Joachim_Streich
9043,P-57682,Streiter,Michael,1966-01-19,0,0,1,0,0,1,1990,https://en.wikipedia.org/wiki/Michael_Streiter
9045,P-87221,Streller,Marco,1981-06-18,0,0,0,0,1,1,2006,https://en.wikipedia.org/wiki/Marco_Streller
9047,P-86004,Strinić,Ivan,1987-07-17,0,0,1,0,0,1,2018,https://en.wikipedia.org/wiki/Ivan_Strini%C4%87
9049,P-67329,Strömberg,Glenn,1960-01-05,0,0,0,1,0,1,1990,https://en.wikipedia.org/wiki/Glenn_Str%C3%B6mberg
9050,P-51677,Stromšík,Karel,1958-04-12,0,1,0,0,0,1,1982,https://en.wikipedia.org/wiki/Karel_Strom%C5%A1%C3%ADk
9053,P-47227,Strunz,Thomas,1968-04-25,0,0,0,1,0,1,1994,https://en.wikipedia.org/wiki/Thomas_Strunz
9054,P-03038,Strupar,Branko,1970-02-09,0,0,0,0,1,1,2002,https://en.wikipedia.org/wiki/Branko_Strupar
9055,P-66123,Struway,Estanislao,1968-06-25,0,0,0,1,0,1,2002,https://en.wikipedia.org/wiki/Estanislao_Struway
9056,P-11588,Stryger Larsen,Jens,1991-02-21,0,0,1,0,0,2,"2018, 2022",https://en.wikipedia.org/wiki/Jens_Stryger_Larsen
9057,P-25776,Stuani,Cristhian,1986-10-12,0,0,0,0,1,2,"2014, 2018",https://en.wikipedia.org/wiki/Cristhian_Stuani
9059,P-82747,Studer,Jürg,1966-09-08,0,0,1,0,0,1,1994,https://en.wikipedia.org/wiki/J%C3%BCrg_Studer
9061,P-06678,Sturridge,Daniel,1989-09-01,0,0,0,0,1,1,2014,https://en.wikipedia.org/wiki/Daniel_Sturridge
9062,P-15973,Sturrock,Paul,1956-10-10,0,0,0,0,1,2,"1982, 1986",https://en.wikipedia.org/wiki/Paul_Sturrock
9063,P-05845,Su,Maozhen,1972-07-30,0,0,0,0,1,1,2002,https://en.wikipedia.org/wiki/Su_Maozhen
9065,P-78308,Suárez,Claudio,1968-12-17,0,0,1,0,0,3,"1994, 1998, 2006",https://en.wikipedia.org/wiki/Claudio_Su%C3%A1rez
9067,P-30486,Suárez,Luis,1987-01-24,0,0,0,0,1,4,"2010, 2014, 2018, 2022",https://en.wikipedia.org/wiki/Luis_Su%C3%A1rez
9068,P-54804,Suazo,David,1979-11-05,0,0,0,0,1,1,2010,https://en.wikipedia.org/wiki/David_Suazo
9069,P-66477,Suazo,Humberto,1981-05-10,0,0,0,0,1,1,2010,https://en.wikipedia.org/wiki/Humberto_Suazo
9071,P-25428,Subašić,Danijel,1984-10-27,0,1,0,0,0,2,"2014, 2018",https://en.wikipedia.org/wiki/Danijel_Suba%C5%A1i%C4%87
9072,P-08459,Subiabre,Guillermo,1902-02-25,0,0,0,0,1,1,1930,https://en.wikipedia.org/wiki/Guillermo_Subiabre
9073,P-76790,Subiat,Nestor,1966-04-23,0,0,0,0,1,1,1994,https://en.wikipedia.org/wiki/Nestor_Subiat
9074,P-47415,Subotić,Neven,1988-12-10,0,0,1,0,0,1,2010,https://en.wikipedia.org/wiki/Neven_Suboti%C4%87
9078,P-99681,Suffo,Patrick,1978-01-17,0,0,0,0,1,1,2002,https://en.wikipedia.org/wiki/Patrick_Suffo
9082,P-58374,Šuker,Davor,1968-01-01,0,0,0,0,1,3,"1990, 1998, 2002",https://en.wikipedia.org/wiki/Davor_%C5%A0uker
9083,P-58212,Şükür,Hakan,1971-09-01,0,0,0,0,1,1,2002,https://en.wikipedia.org/wiki/Hakan_%C5%9E%C3%BCk%C3%BCr
9084,P-50171,Sulaiman Zubromawi,Abdullah,1973-11-15,0,0,1,1,0,3,"1994, 1998, 2002",https://en.wikipedia.org/wiki/Abdullah_Zubromawi
9085,P-49099,Sulakvelidze,Tengiz,1956-07-23,0,0,1,0,0,1,1982,https://en.wikipedia.org/wiki/Tengiz_Sulakvelidze
9086,P-48737,Süle,Niklas,1995-09-03,0,0,1,0,0,2,"2018, 2022",https://en.wikipedia.org/wiki/Niklas_S%C3%BCle
9087,P-33325,Sulemana,Kamaldeen,2002-02-15,0,0,0,1,0,1,2022,https://en.wikipedia.org/wiki/Kamaldeen_Sulemana
9089,P-10829,Šuler,Marko,1983-03-09,0,0,1,0,0,1,2010,https://en.wikipedia.org/wiki/Marko_%C5%A0uler
9090,P-21609,Sullivan,Christopher,1965-04-18,0,0,0,0,1,1,1990,https://en.wikipedia.org/wiki/Christopher_Sullivan_(soccer)
9093,P-52938,Sultan,Abdualla,1963-10-01,0,0,0,1,0,1,1990,https://en.wikipedia.org/wiki/Abdullah_Ali_Sultan
9095,P-23450,Sumner,Steve,1955-04-02,0,0,0,1,0,1,1982,https://en.wikipedia.org/wiki/Steve_Sumner
9096,P-50519,Sun,Jihai,1977-09-30,0,0,1,0,0,1,2002,https://en.wikipedia.org/wiki/Sun_Jihai
9104,P-87073,Sundqvist,Stig,1922-07-19,0,0,0,0,1,1,1950,https://en.wikipedia.org/wiki/Stig_Sundqvist
9108,P-19073,Šunjić,Toni,1988-12-15,0,0,1,0,0,1,2014,https://en.wikipedia.org/wiki/Toni_%C5%A0unji%C4%87
9110,P-28747,Šurjak,Ivica,1953-03-23,0,0,0,1,1,2,"1974, 1982",https://en.wikipedia.org/wiki/Ivica_%C5%A0urjak
9112,P-74361,Sušić,Safet,1955-04-13,0,0,0,1,1,2,"1982, 1990",https://en.wikipedia.org/wiki/Safet_Su%C5%A1i%C4%87
9113,P-85929,Sušić,Tino-Sven,1992-02-13,0,0,0,1,0,1,2014,https://en.wikipedia.org/wiki/Tino-Sven_Su%C5%A1i%C4%87
9114,P-58072,Susloparov,Yuri,1958-08-14,0,0,1,0,0,1,1982,https://en.wikipedia.org/wiki/Yuri_Susloparov
9115,P-57417,Šutalo,Josip,2000-02-28,0,0,1,0,0,1,2022,https://en.wikipedia.org/wiki/Josip_%C5%A0utalo
9116,P-56818,Sutter,Alain,1968-01-22,0,0,0,1,0,1,1994,https://en.wikipedia.org/wiki/Alain_Sutter
9117,P-45370,Suurbier,Wim,1945-01-16,0,0,1,0,0,2,"1974, 1978",https://en.wikipedia.org/wiki/Wim_Suurbier
9120,P-96566,Suzuki,Takayuki,1976-06-05,0,0,0,0,1,1,2002,https://en.wikipedia.org/wiki/Takayuki_Suzuki
9123,P-85432,Svensson,Anders,1976-07-17,0,0,0,1,0,2,"2002, 2006",https://en.wikipedia.org/wiki/Anders_Svensson
9125,P-19366,Svensson,Gustav,1987-02-07,0,0,0,1,0,1,2018,https://en.wikipedia.org/wiki/Gustav_Svensson
9129,P-59548,Svensson,Magnus,1969-03-10,0,0,0,1,0,1,2002,https://en.wikipedia.org/wiki/Magnus_Svensson_(footballer)
9132,P-22223,Svensson,Tommy,1945-03-04,0,0,0,1,0,1,1970,https://en.wikipedia.org/wiki/Tommy_Svensson
9137,P-18200,Sviderskyi,Vyacheslav,1979-01-01,0,0,1,0,0,1,2006,https://en.wikipedia.org/wiki/Vyacheslav_Sviderskyi
9140,P-13470,Svoboda,František,1905-07-05,0,0,0,0,1,1,1934,https://en.wikipedia.org/wiki/Franti%C5%A1ek_Svoboda
9148,P-05935,Sweeney,Mike,1959-12-25,0,0,0,1,0,1,1986,https://en.wikipedia.org/wiki/Mike_Sweeney_(soccer)
9150,P-85630,Świderski,Karol,1997-01-23,0,0,0,0,1,1,2022,https://en.wikipedia.org/wiki/Karol_%C5%9Awiderski
9151,P-34709,Świerczewski,Piotr,1972-04-08,0,0,0,1,0,1,2002,https://en.wikipedia.org/wiki/Piotr_%C5%9Awierczewski
9153,P-04731,Sychev,Dmitri,1983-10-26,0,0,0,0,1,1,2002,https://en.wikipedia.org/wiki/Dmitri_Sychev
9156,P-16571,Sylva,Tony,1975-05-17,0,1,0,0,0,1,2002,https://en.wikipedia.org/wiki/Tony_Sylva
9157,P-80695,Sylvestre,Patrick,1968-09-01,0,0,0,1,0,1,1994,https://en.wikipedia.org/wiki/Patrick_Sylvestre
9162,P-92867,Szarmach,Andrzej,1950-10-03,0,0,0,0,1,3,"1974, 1978, 1982",https://en.wikipedia.org/wiki/Andrzej_Szarmach
9164,P-31606,Szczęsny,Wojciech,1990-04-18,0,1,0,0,0,2,"2018, 2022",https://en.wikipedia.org/wiki/Wojciech_Szcz%C4%99sny
9165,P-21159,Szendrei,József,1954-04-25,0,1,0,0,0,1,1986,https://en.wikipedia.org/wiki/J%C3%B3zsef_Szendrei
9166,P-34354,Szentes,Lázár,1955-12-12,0,0,0,0,1,1,1982,https://en.wikipedia.org/wiki/L%C3%A1z%C3%A1r_Szentes
9173,P-55225,Szymaniak,Horst,1934-08-29,0,0,0,1,0,2,"1958, 1962",https://en.wikipedia.org/wiki/Horst_Szymaniak
9174,P-89521,Szymanowski,Antoni,1951-01-13,0,0,1,0,0,2,"1974, 1978",https://en.wikipedia.org/wiki/Antoni_Szymanowski
9175,P-44699,Szymański,Damian,1995-06-16,0,0,0,1,0,1,2022,https://en.wikipedia.org/wiki/Damian_Szyma%C5%84ski
9176,P-65512,Szymański,Sebastian,1999-05-10,0,0,0,1,0,1,2022,https://en.wikipedia.org/wiki/Sebastian_Szyma%C5%84ski
9177,P-86811,Szymkowiak,Mirosław,1976-11-12,0,0,0,1,0,1,2006,https://en.wikipedia.org/wiki/Miros%C5%82aw_Szymkowiak
9180,P-98986,Tachie-Mensah,Alex,1977-02-15,0,0,0,0,1,1,2006,https://en.wikipedia.org/wiki/Alex_Tachie-Mensah
9182,P-33390,Tadić,Dušan,1988-11-20,0,0,0,1,1,2,"2018, 2022",https://en.wikipedia.org/wiki/Du%C5%A1an_Tadi%C4%87
9184,P-31850,Taffarel,Cláudio,1966-05-08,0,1,0,0,0,3,"1990, 1994, 1998",https://en.wikipedia.org/wiki/Cl%C3%A1udio_Taffarel
9186,P-81067,Taggart,Adam,1993-06-02,0,0,0,0,1,1,2014,https://en.wikipedia.org/wiki/Adam_Taggart
9188,P-35173,Tagliafico,Nicolás,1992-08-31,0,0,1,0,0,2,"2018, 2022",https://en.wikipedia.org/wiki/Nicol%C3%A1s_Tagliafico
9191,P-69641,Tagoe,Prince,1986-11-09,0,0,0,0,1,1,2010,https://en.wikipedia.org/wiki/Prince_Tagoe
9196,P-83421,Taïder,Saphir,1992-02-29,0,0,0,1,0,1,2014,https://en.wikipedia.org/wiki/Saphir_Ta%C3%AFder
9199,P-51705,Taiwo,Taye,1985-04-16,0,0,1,0,0,1,2010,https://en.wikipedia.org/wiki/Taye_Taiwo
9202,P-56897,Takahara,Naohiro,1979-06-04,0,0,0,0,1,1,2006,https://en.wikipedia.org/wiki/Naohiro_Takahara
9209,P-73455,Talbi,Montassar,1998-05-26,0,0,1,0,0,1,2022,https://en.wikipedia.org/wiki/Montassar_Talbi
9210,P-86314,Talbi,Rachamim,1943-05-17,0,0,0,0,1,1,1970,https://en.wikipedia.org/wiki/Rachamim_Talbi
9212,P-15134,Tamada,Keiji,1980-04-11,0,0,0,0,1,2,"2006, 2010",https://en.wikipedia.org/wiki/Keiji_Tamada
9219,P-82447,Tanaka,Ao,1998-09-10,0,0,0,1,0,1,2022,https://en.wikipedia.org/wiki/Ao_Tanaka
9221,P-29462,Tanaka,Marcus Tulio,1981-04-24,0,0,1,0,0,1,2010,https://en.wikipedia.org/wiki/Marcus_Tulio_Tanaka
9227,P-77382,Taniguchi,Shogo,1991-07-15,0,0,1,0,0,1,2022,https://en.wikipedia.org/wiki/Shogo_Taniguchi
9229,P-98697,Tapia,Carlos,1962-08-20,0,0,0,1,0,1,1986,https://en.wikipedia.org/wiki/Carlos_Daniel_Tapia
9230,P-26025,Tapia,Nelson,1966-09-22,0,1,0,0,0,1,1998,https://en.wikipedia.org/wiki/Nelson_Tapia
9231,P-82532,Tapia,Renato,1995-07-28,0,0,0,1,0,1,2018,https://en.wikipedia.org/wiki/Renato_Tapia
9233,P-88425,Tapper,Staffan,1948-07-10,0,0,0,1,0,2,"1974, 1978",https://en.wikipedia.org/wiki/Staffan_Tapper
9235,P-54098,Tarantini,Alberto,1955-12-03,0,0,1,0,0,2,"1978, 1982",https://en.wikipedia.org/wiki/Alberto_Tarantini
9236,P-71521,Tarasiewicz,Ryszard,1962-04-27,0,0,0,1,0,1,1986,https://en.wikipedia.org/wiki/Ryszard_Tarasiewicz
9237,P-93788,Tardelli,Marco,1954-09-24,0,0,0,1,0,3,"1978, 1982, 1986",https://en.wikipedia.org/wiki/Marco_Tardelli
9238,P-85860,Taremi,Mehdi,1992-07-18,0,0,0,0,1,2,"2018, 2022",https://en.wikipedia.org/wiki/Mehdi_Taremi
9241,P-15678,Tarnat,Michael,1969-10-27,0,0,1,0,0,1,1998,https://en.wikipedia.org/wiki/Michael_Tarnat
9244,P-03879,Tasci,Serdar,1987-04-24,0,0,1,0,0,1,2010,https://en.wikipedia.org/wiki/Serdar_Tasci
9246,P-80307,Tassotti,Mauro,1960-01-19,0,0,1,0,0,1,1994,https://en.wikipedia.org/wiki/Mauro_Tassotti
9247,P-21011,Tătaru,Gheorghe,1948-05-05,0,0,0,1,0,1,1970,https://en.wikipedia.org/wiki/Gheorghe_T%C4%83taru
9248,P-08703,Tataw,Stephen,1963-03-31,0,0,1,0,0,2,"1990, 1994",https://en.wikipedia.org/wiki/Stephen_Tataw
9249,P-20827,Taument,Gaston,1970-10-01,0,0,0,0,1,1,1994,https://en.wikipedia.org/wiki/Gaston_Taument
9251,P-93337,Tavarelli,Ricardo,1970-08-02,0,1,0,0,0,1,2002,https://en.wikipedia.org/wiki/Ricardo_Tavarelli
9252,P-26609,Tavčar,Rajko,1974-07-21,0,0,0,1,0,1,2002,https://en.wikipedia.org/wiki/Rajko_Tav%C4%8Dar
9258,P-95763,Taylor,Kenneth,2002-05-16,0,0,0,1,0,1,2022,"https://en.wikipedia.org/wiki/Kenneth_Taylor_(footballer,_born_2002)"
9262,P-63012,Tchami,Alphonse,1971-09-14,0,0,0,0,1,2,"1994, 1998",https://en.wikipedia.org/wiki/Alphonse_Tchami
9263,P-08365,Tchangai,Massamasso,1978-08-08,0,0,1,0,0,1,2006,https://en.wikipedia.org/wiki/Massamasso_Tchangai
9264,P-60766,Tchato,Bill,1975-05-14,0,0,1,0,0,1,2002,https://en.wikipedia.org/wiki/Bill_Tchato
9267,P-54517,Tchouaméni,Aurélien,2000-01-27,0,0,0,1,0,1,2022,https://en.wikipedia.org/wiki/Aur%C3%A9lien_Tchouam%C3%A9ni
9271,P-03144,Tejada,Luis,1982-03-28,0,0,0,0,1,1,2018,https://en.wikipedia.org/wiki/Luis_Tejada
9273,P-24978,Tejeda,Yeltsin,1992-03-17,0,0,0,1,0,3,"2014, 2018, 2022",https://en.wikipedia.org/wiki/Yeltsin_Tejeda
9276,P-68438,Telch,Roberto,1943-11-06,0,0,0,1,0,1,1974,https://en.wikipedia.org/wiki/Roberto_Telch
9277,P-42669,Teleki,Pál,1906-03-05,0,0,0,0,1,1,1934,https://en.wikipedia.org/wiki/P%C3%A1l_Teleki_(footballer)
9279,P-26953,Telles,Alex,1992-12-15,0,0,1,0,0,1,2022,https://en.wikipedia.org/wiki/Alex_Telles
9280,P-90807,Tello,Rodrigo,1979-10-14,0,0,0,1,0,1,2010,https://en.wikipedia.org/wiki/Rodrigo_Tello
9282,P-04060,Tena,Alfredo,1956-11-21,0,0,1,0,0,1,1978,https://en.wikipedia.org/wiki/Alfredo_Tena
9283,P-35214,Tendillo,Miguel,1961-02-01,0,0,1,0,0,1,1982,https://en.wikipedia.org/wiki/Miguel_Tendillo
9285,P-86943,Tenorio,Carlos,1979-05-14,0,0,0,0,1,2,"2002, 2006",https://en.wikipedia.org/wiki/Carlos_Tenorio
9286,P-30306,Tenorio,Edwin,1976-06-16,0,0,0,1,0,2,"2002, 2006",https://en.wikipedia.org/wiki/Edwin_Tenorio
9287,P-65144,Teodorczyk,Łukasz,1991-06-03,0,0,0,0,1,1,2018,https://en.wikipedia.org/wiki/%C5%81ukasz_Teodorczyk
9290,P-66957,Ternavsky,Vladislav,1969-05-02,0,0,1,0,0,1,1994,https://en.wikipedia.org/wiki/Vladislav_Ternavsky
9293,P-71420,Terry,John,1980-12-07,0,0,1,0,0,2,"2006, 2010",https://en.wikipedia.org/wiki/John_Terry
9295,P-01806,Tetradze,Omari,1969-10-13,0,0,1,0,0,1,1994,https://en.wikipedia.org/wiki/Omari_Tetradze
9297,P-29080,Tevez,Carlos,1984-02-05,0,0,0,0,1,2,"2006, 2010",https://en.wikipedia.org/wiki/Carlos_Tevez
9298,P-20969,Teymourian,Andranik,1983-03-06,0,0,0,1,0,2,"2006, 2014",https://en.wikipedia.org/wiki/Andranik_Teymourian
9300,P-47506,Thabet,Tarek,1971-08-16,0,0,1,0,0,2,"1998, 2002",https://en.wikipedia.org/wiki/Tarek_Thabet
9305,P-71285,Thauvin,Florian,1993-01-26,0,0,0,0,1,1,2018,https://en.wikipedia.org/wiki/Florian_Thauvin
9309,P-22492,Theobald,Densill,1982-06-27,0,0,0,1,0,1,2006,https://en.wikipedia.org/wiki/Densill_Theobald
9311,P-92339,Thern,Jonas,1967-03-20,0,0,0,1,0,2,"1990, 1994",https://en.wikipedia.org/wiki/Jonas_Thern
9312,P-92520,Thiago,not applicable,1991-04-11,0,0,0,1,0,1,2018,https://en.wikipedia.org/wiki/Thiago_Alc%C3%A2ntara
9314,P-91308,Thiaw,Pape,1981-02-05,0,0,0,0,1,1,2002,https://en.wikipedia.org/wiki/Pape_Thiaw
9317,P-98745,Thissen,Jean,1946-04-21,0,0,1,0,0,1,1970,https://en.wikipedia.org/wiki/Jean_Thissen
9318,P-45221,Thomas,Hendry,1985-02-23,0,0,0,1,0,1,2010,https://en.wikipedia.org/wiki/Hendry_Thomas
9319,P-20564,Thomas,Sorba,1999-01-25,0,0,0,1,0,1,2022,https://en.wikipedia.org/wiki/Sorba_Thomas
9322,P-68823,Thompson,Phil,1954-01-21,0,0,1,0,0,1,1982,https://en.wikipedia.org/wiki/Phil_Thompson
9324,P-45408,Thon,Olaf,1966-05-01,0,0,1,1,0,3,"1986, 1990, 1998",https://en.wikipedia.org/wiki/Olaf_Thon
9329,P-03090,Thorstvedt,Erik,1962-10-28,0,1,0,0,0,1,1994,https://en.wikipedia.org/wiki/Erik_Thorstvedt
9331,P-56947,Thuram,Lilian,1972-01-01,0,0,1,0,0,3,"1998, 2002, 2006",https://en.wikipedia.org/wiki/Lilian_Thuram
9332,P-13613,Thuram,Marcus,1997-08-06,0,0,0,0,1,1,2022,https://en.wikipedia.org/wiki/Marcus_Thuram
9333,P-44682,Thwala,Lucas,1981-10-19,0,0,1,0,0,1,2010,https://en.wikipedia.org/wiki/Lucas_Thwala
9335,P-21434,Tiago,not applicable,1981-05-02,0,0,0,1,0,2,"2006, 2010",https://en.wikipedia.org/wiki/Tiago_Mendes
9336,P-82971,Tichy,Lajos,1935-03-21,0,0,0,1,1,3,"1958, 1962, 1966",https://en.wikipedia.org/wiki/Lajos_Tichy
9338,P-47906,Tielemans,Youri,1997-05-07,0,0,0,1,0,2,"2018, 2022",https://en.wikipedia.org/wiki/Youri_Tielemans
9339,P-59702,Tiéné,Siaka,1982-03-22,0,0,1,0,0,1,2010,https://en.wikipedia.org/wiki/Siaka_Ti%C3%A9n%C3%A9
9341,P-76592,Tigana,Jean,1955-06-23,0,0,0,1,0,2,"1982, 1986",https://en.wikipedia.org/wiki/Jean_Tigana
9342,P-12511,Tiganj,Senad,1975-08-28,0,0,0,0,1,1,2002,https://en.wikipedia.org/wiki/Senad_Tiganj
9346,P-74111,Timber,Jurriën,2001-06-17,0,0,1,0,0,1,2022,https://en.wikipedia.org/wiki/Jurri%C3%ABn_Timber
9349,P-40531,Timofte,Daniel,1967-10-01,0,0,0,1,0,1,1990,https://en.wikipedia.org/wiki/Daniel_Timofte
9350,P-04834,Timoumi,Mohamed,1960-01-15,0,0,0,1,0,1,1986,https://en.wikipedia.org/wiki/Mohamed_Timoumi
9352,P-19801,Tioté,Cheick,1986-06-21,0,0,0,1,0,2,"2010, 2014",https://en.wikipedia.org/wiki/Cheick_Tiot%C3%A9
9354,P-43349,Tirnanić,Aleksandar,1911-07-15,0,0,0,0,1,1,1930,https://en.wikipedia.org/wiki/Aleksandar_Tirnani%C4%87
9356,P-24305,Titkos,Pál,1908-01-08,0,0,0,0,1,1,1938,https://en.wikipedia.org/wiki/P%C3%A1l_Titkos
9357,P-66907,Titov,Yegor,1976-05-29,0,0,0,1,0,1,2002,https://en.wikipedia.org/wiki/Yegor_Titov
9358,P-31283,Tizié,Jean-Jacques,1972-09-07,0,1,0,0,0,1,2006,https://en.wikipedia.org/wiki/Jean-Jacques_Tizi%C3%A9
9359,P-13314,Tlemçani,Djamel,1955-04-16,0,0,0,1,0,1,1982,https://en.wikipedia.org/wiki/Djamel_Tlem%C3%A7ani
9362,P-79993,Toda,Kazuyuki,1977-12-30,0,0,0,1,0,1,2002,https://en.wikipedia.org/wiki/Kazuyuki_Toda
9363,P-37132,Tøfting,Stig,1969-08-14,0,0,0,1,0,2,"1998, 2002",https://en.wikipedia.org/wiki/Stig_T%C3%B8fting
9366,P-10221,Toivonen,Ola,1986-07-03,0,0,0,0,1,1,2018,https://en.wikipedia.org/wiki/Ola_Toivonen
9368,P-20259,Toko Ekambi,Karl,1992-09-14,0,0,0,0,1,1,2022,https://en.wikipedia.org/wiki/Karl_Toko_Ekambi
9369,P-34300,Tokoto,Jean-Pierre,1948-01-26,0,0,0,1,0,1,1982,https://en.wikipedia.org/wiki/Jean-Pierre_Tokoto
9370,P-07223,Tolba,Magdy,1964-02-24,0,0,0,1,0,1,1990,https://en.wikipedia.org/wiki/Magdy_Tolba
9371,P-60977,Toldi,Géza,1909-02-11,0,0,0,0,1,2,"1934, 1938",https://en.wikipedia.org/wiki/G%C3%A9za_Toldi
9373,P-42228,Toledo,Delio,1976-10-02,0,0,1,0,0,1,2006,https://en.wikipedia.org/wiki/Delio_Toledo
9375,P-54461,Tolisso,Corentin,1994-08-03,0,0,0,1,0,1,2018,https://en.wikipedia.org/wiki/Corentin_Tolisso
9376,P-55367,Tolo,Nouhou,1997-06-23,0,0,1,0,0,1,2022,https://en.wikipedia.org/wiki/Nouhou_Tolo
9378,P-87187,Tomas,Stjepan,1976-03-06,0,0,1,0,0,2,"2002, 2006",https://en.wikipedia.org/wiki/Stjepan_Tomas
9379,P-72141,Tomás,not applicable,1960-08-09,0,0,1,0,0,1,1986,https://en.wikipedia.org/wiki/Tom%C3%A1s_Re%C3%B1ones
9380,P-07620,Tomašević,Kosta,1923-07-25,0,0,0,0,1,1,1950,https://en.wikipedia.org/wiki/Kosta_Toma%C5%A1evi%C4%87
9381,P-50534,Tomasson,Jon Dahl,1976-08-29,0,0,0,0,1,2,"2002, 2010",https://en.wikipedia.org/wiki/Jon_Dahl_Tomasson
9382,P-06667,Tomaszewski,Jan,1948-01-09,0,1,0,0,0,2,"1974, 1978",https://en.wikipedia.org/wiki/Jan_Tomaszewski
9385,P-68429,Tomiyasu,Takehiro,1998-11-05,0,0,1,0,0,1,2022,https://en.wikipedia.org/wiki/Takehiro_Tomiyasu
9386,P-26847,Tommasi,Damiano,1974-05-17,0,0,0,1,0,1,2002,https://en.wikipedia.org/wiki/Damiano_Tommasi
9388,P-96512,Toni,Luca,1977-05-26,0,0,0,0,1,1,2006,https://en.wikipedia.org/wiki/Luca_Toni
9389,P-52658,Toninho,not applicable,1948-06-07,0,0,1,0,0,1,1978,https://en.wikipedia.org/wiki/Ant%C3%B4nio_Dias_dos_Santos
9391,P-04541,Torabi,Mehdi,1994-09-10,0,0,0,1,0,2,"2018, 2022",https://en.wikipedia.org/wiki/Mehdi_Torabi
9392,P-13699,Torales,Juan,1956-05-09,0,0,1,0,0,1,1986,https://en.wikipedia.org/wiki/Juan_Torales
9395,P-01618,Toro,Jorge,1939-01-10,0,0,0,1,0,1,1962,https://en.wikipedia.org/wiki/Jorge_Toro
9396,P-86777,Törőcsik,András,1955-05-01,0,0,0,0,1,2,"1978, 1982",https://en.wikipedia.org/wiki/Andr%C3%A1s_T%C3%B6r%C5%91csik
9397,P-56063,Török,Péter,1951-04-18,0,0,1,0,0,1,1978,https://en.wikipedia.org/wiki/P%C3%A9ter_T%C3%B6r%C3%B6k
9398,P-05210,Torosidis,Vasilis,1985-06-10,0,0,1,0,0,2,"2010, 2014",https://en.wikipedia.org/wiki/Vasilis_Torosidis
9399,P-89297,Torrado,Gerardo,1979-04-30,0,0,0,1,0,3,"2002, 2006, 2010",https://en.wikipedia.org/wiki/Gerardo_Torrado
9401,P-47386,Torreira,Lucas,1996-02-11,0,0,0,1,0,2,"2018, 2022",https://en.wikipedia.org/wiki/Lucas_Torreira
9408,P-06285,Torres,Aureliano,1982-06-16,0,0,1,0,0,1,2010,https://en.wikipedia.org/wiki/Aureliano_Torres
9410,P-19229,Torres,Curro,1976-12-27,0,0,1,0,0,1,2002,https://en.wikipedia.org/wiki/Curro_Torres
9412,P-96347,Torres,Félix,1997-01-11,0,0,1,0,0,1,2022,"https://en.wikipedia.org/wiki/F%C3%A9lix_Torres_(footballer,_born_1997)"
9413,P-71661,Torres,Fernando,1984-03-20,0,0,0,0,1,3,"2006, 2010, 2014",https://en.wikipedia.org/wiki/Fernando_Torres
9414,P-31301,Torres,Ferran,2000-02-29,0,0,0,0,1,1,2022,https://en.wikipedia.org/wiki/Ferran_Torres
9415,P-78106,Torres,Gabriel,1988-10-31,0,0,0,0,1,1,2018,https://en.wikipedia.org/wiki/Gabriel_Torres
9416,P-12179,Torres,Gerson,1997-08-28,0,0,0,1,0,1,2022,https://en.wikipedia.org/wiki/Gerson_Torres
9417,P-68398,Torres,José,1938-09-08,0,0,0,0,1,1,1966,https://en.wikipedia.org/wiki/Jos%C3%A9_Augusto_Torres
9418,P-55538,Torres,José Francisco,1987-10-29,0,0,0,1,0,1,2010,https://en.wikipedia.org/wiki/Jos%C3%A9_Francisco_Torres
9419,P-16333,Torres,Pau,1997-01-16,0,0,1,0,0,1,2022,https://en.wikipedia.org/wiki/Pau_Torres
9420,P-02886,Torres,Román,1986-03-20,0,0,1,0,0,1,2018,https://en.wikipedia.org/wiki/Rom%C3%A1n_Torres
9424,P-52989,Torstensson,Conny,1949-08-28,0,0,0,1,1,2,"1974, 1978",https://en.wikipedia.org/wiki/Conny_Torstensson
9427,P-54492,Tošić,Duško,1985-01-19,0,0,1,0,0,1,2018,https://en.wikipedia.org/wiki/Du%C5%A1ko_To%C5%A1i%C4%87
9428,P-25507,Tošić,Zoran,1987-04-28,0,0,0,1,0,1,2010,https://en.wikipedia.org/wiki/Zoran_To%C5%A1i%C4%87
9429,P-53202,Tostão,not applicable,1947-01-25,0,0,0,1,1,2,"1966, 1970",https://en.wikipedia.org/wiki/Tost%C3%A3o
9430,P-05262,Tóth,András,1949-09-05,0,0,0,0,1,1,1978,"https://en.wikipedia.org/wiki/Andr%C3%A1s_T%C3%B3th_(footballer,_born_1949)"
9431,P-23830,Tóth,József,1929-05-16,0,0,0,0,1,1,1954,https://en.wikipedia.org/wiki/J%C3%B3zsef_T%C3%B3th_(footballer_born_1929)
9432,P-42012,Tóth,József,1951-12-02,0,0,1,1,0,2,"1978, 1982","https://en.wikipedia.org/wiki/J%C3%B3zsef_T%C3%B3th_(footballer,_born_1951)"
9434,P-42038,Totti,Francesco,1976-09-27,0,0,0,0,1,2,"2002, 2006",https://en.wikipedia.org/wiki/Francesco_Totti
9436,P-09884,Toulalan,Jérémy,1983-09-10,0,0,0,1,0,1,2010,https://en.wikipedia.org/wiki/J%C3%A9r%C3%A9my_Toulalan
9438,P-98500,Touré,Assimiou,1988-01-01,0,0,1,0,0,1,2006,https://en.wikipedia.org/wiki/Assimiou_Tour%C3%A9
9439,P-25398,Touré,Kolo,1981-03-19,0,0,1,0,0,3,"2006, 2010, 2014",https://en.wikipedia.org/wiki/Kolo_Tour%C3%A9
9440,P-44934,Touré,Yaya,1983-05-13,0,0,0,1,0,3,"2006, 2010, 2014",https://en.wikipedia.org/wiki/Yaya_Tour%C3%A9
9442,P-28854,Townsend,Andy,1963-07-23,0,0,0,1,0,2,"1990, 1994",https://en.wikipedia.org/wiki/Andy_Townsend
9444,P-82870,Trabelsi,Hatem,1977-01-25,0,0,1,0,0,3,"1998, 2002, 2006",https://en.wikipedia.org/wiki/Hatem_Trabelsi
9445,P-73316,Trabelsi,Sami,1968-02-04,0,0,1,0,0,1,1998,https://en.wikipedia.org/wiki/Sami_Trabelsi
9452,P-53701,Trauco,Miguel,1992-08-25,0,0,1,0,0,1,2018,https://en.wikipedia.org/wiki/Miguel_Trauco
9453,P-48976,Traustason,Arnór Ingvi,1993-04-30,0,0,0,1,0,1,2018,https://en.wikipedia.org/wiki/Arn%C3%B3r_Ingvi_Traustason
9455,P-47178,Trejo,Mario,1956-02-11,0,0,1,0,0,1,1986,https://en.wikipedia.org/wiki/Mario_Trejo_(footballer)
9456,P-54040,Trésor,Marius,1950-01-15,0,0,1,0,0,2,"1978, 1982",https://en.wikipedia.org/wiki/Marius_Tr%C3%A9sor
9457,P-12167,Trezeguet,David,1977-10-15,0,0,0,0,1,3,"1998, 2002, 2006",https://en.wikipedia.org/wiki/David_Trezeguet
9458,P-82223,Trézéguet,not applicable,1994-10-01,0,0,0,1,0,1,2018,https://en.wikipedia.org/wiki/Tr%C3%A9z%C3%A9guet_(Egyptian_footballer)
9460,P-77110,Triki,Smahi,1967-08-01,0,0,1,0,0,2,"1994, 1998",https://en.wikipedia.org/wiki/Smahi_Triki
9461,P-25937,Trippier,Kieran,1990-09-19,0,0,1,0,0,2,"2018, 2022",https://en.wikipedia.org/wiki/Kieran_Trippier
9462,P-71130,Tristán,Diego,1976-01-05,0,0,0,0,1,1,2002,https://en.wikipedia.org/wiki/Diego_Trist%C3%A1n
9463,P-28361,Trittschuh,Steve,1965-04-24,0,0,1,0,0,1,1990,https://en.wikipedia.org/wiki/Steve_Trittschuh
9465,P-65092,Trobbiani,Marcelo,1955-02-17,0,0,0,1,0,1,1986,https://en.wikipedia.org/wiki/Marcelo_Trobbiani
9467,P-47324,Trochowski,Piotr,1984-03-22,0,0,0,1,0,1,2010,https://en.wikipedia.org/wiki/Piotr_Trochowski
9468,P-30977,Troglio,Pedro,1965-07-28,0,0,0,1,0,1,1990,https://en.wikipedia.org/wiki/Pedro_Troglio
9469,P-09100,Troisi,James,1988-07-03,0,0,0,1,0,1,2014,https://en.wikipedia.org/wiki/James_Troisi
9470,P-15870,Troost-Ekong,William,1993-09-01,0,0,1,0,0,1,2018,https://en.wikipedia.org/wiki/William_Troost-Ekong
9471,P-95312,Trossard,Leandro,1994-12-04,0,0,0,0,1,1,2022,https://en.wikipedia.org/wiki/Leandro_Trossard
9473,P-83061,Trucco,Carlos,1957-08-08,0,1,0,0,0,1,1994,https://en.wikipedia.org/wiki/Carlos_Trucco
9474,P-06459,Tsalouchidis,Panagiotis,1963-03-30,0,0,0,1,0,1,1994,https://en.wikipedia.org/wiki/Panagiotis_Tsalouchidis
9476,P-31160,Tshabalala,Siphiwe,1984-09-25,0,0,0,1,0,1,2010,https://en.wikipedia.org/wiki/Siphiwe_Tshabalala
9477,P-68390,Tshimen,Bwanga,1949-01-04,0,0,1,0,0,1,1974,https://en.wikipedia.org/wiki/Bwanga_Tshimen
9478,P-92929,Tshinabu,Martin Kamunda,1946-05-08,0,0,0,1,0,1,1974,https://en.wikipedia.org/wiki/Tshinabu_Wa_Munda
9479,P-75239,Tsiantakis,Nikos,1963-10-20,0,0,0,1,0,1,1994,https://en.wikipedia.org/wiki/Nikos_Tsiantakis
9480,P-99888,Tsuboi,Keisuke,1979-09-16,0,0,1,0,0,1,2006,https://en.wikipedia.org/wiki/Keisuke_Tsuboi
9482,P-06964,Tsvetanov,Tsanko,1970-01-06,0,0,1,0,0,1,1994,https://en.wikipedia.org/wiki/Tsanko_Tsvetanov
9483,P-65049,Tsymbalar,Ilya,1969-06-17,0,0,0,1,0,1,1994,https://en.wikipedia.org/wiki/Ilya_Tsymbalar
9485,P-42144,Tudor,Igor,1978-04-16,0,0,1,1,0,2,"1998, 2006",https://en.wikipedia.org/wiki/Igor_Tudor
9487,P-90725,Tukar,Redha,1975-11-29,0,0,1,0,0,2,"2002, 2006",https://en.wikipedia.org/wiki/Redha_Tukar
9491,P-06476,Turcios,Danilo,1978-05-08,0,0,0,1,0,1,2010,https://en.wikipedia.org/wiki/Danilo_Turcios
9493,P-00746,Turesson,Tom,1942-05-17,0,0,0,0,1,1,1970,https://en.wikipedia.org/wiki/Tom_Turesson
9495,P-39611,Turner,Brian,1949-07-31,0,0,0,1,0,1,1982,"https://en.wikipedia.org/wiki/Brian_Turner_(footballer,_born_1949)"
9497,P-48903,Turner,Matt,1994-06-24,0,1,0,0,0,1,2022,https://en.wikipedia.org/wiki/Matt_Turner_(soccer)
9498,P-52595,Tusseau,Thierry,1958-01-19,0,0,1,0,0,1,1986,https://en.wikipedia.org/wiki/Thierry_Tusseau
9500,P-60675,Tymoshchuk,Anatoliy,1979-03-30,0,0,0,1,0,1,2006,https://en.wikipedia.org/wiki/Anatoliy_Tymoshchuk
9502,P-10140,Tziolis,Alexandros,1985-02-13,0,0,0,1,0,2,"2010, 2014",https://en.wikipedia.org/wiki/Alexandros_Tziolis
9503,P-83927,Tzorvas,Alexandros,1982-08-12,0,1,0,0,0,1,2010,https://en.wikipedia.org/wiki/Alexandros_Tzorvas
9504,P-63224,Ubiña,Luis,1940-06-07,0,0,1,0,0,2,"1966, 1970",https://en.wikipedia.org/wiki/Luis_Ubi%C3%B1a
9505,P-98626,Uche,Kalu,1982-11-15,0,0,0,0,1,1,2010,https://en.wikipedia.org/wiki/Kalu_Uche
9507,P-15097,Uchebo,Michael,1990-02-02,0,0,0,0,1,1,2014,https://en.wikipedia.org/wiki/Michael_Uchebo
9509,P-35179,Uchida,Atsuto,1988-03-27,0,0,1,0,0,2,"2010, 2014",https://en.wikipedia.org/wiki/Atsuto_Uchida
9511,P-03741,Udeze,Ifeanyi,1980-07-21,0,0,1,0,0,1,2002,https://en.wikipedia.org/wiki/Ifeanyi_Udeze
9512,P-57586,Ueda,Ayase,1998-08-28,0,0,0,0,1,1,2022,https://en.wikipedia.org/wiki/Ayase_Ueda
9515,P-65283,Ufarte,Roberto López,1958-04-19,0,0,0,0,1,1,1982,https://en.wikipedia.org/wiki/Roberto_L%C3%B3pez_Ufarte
9519,P-92710,Ui-jo,Hwang,1992-08-28,0,0,0,0,1,1,2022,https://en.wikipedia.org/wiki/Hwang_Ui-jo
9520,P-91280,Ujfaluši,Tomáš,1978-03-24,0,0,1,0,0,1,2006,https://en.wikipedia.org/wiki/Tom%C3%A1%C5%A1_Ujfalu%C5%A1i
9522,P-52458,Umaña,Michael,1982-07-16,0,0,1,0,0,2,"2006, 2014",https://en.wikipedia.org/wiki/Michael_Uma%C3%B1a
9524,P-67297,Umtiti,Samuel,1993-11-14,0,0,1,0,0,1,2018,https://en.wikipedia.org/wiki/Samuel_Umtiti
9528,P-78533,Ünsal,Hakan,1973-05-14,0,0,1,0,0,1,2002,https://en.wikipedia.org/wiki/Hakan_%C3%9Cnsal
9531,P-03945,Upamecano,Dayot,1998-10-27,0,0,1,0,0,1,2022,https://en.wikipedia.org/wiki/Dayot_Upamecano
9533,P-41152,Upson,Matthew,1979-04-18,0,0,1,0,0,1,2010,https://en.wikipedia.org/wiki/Matthew_Upson
9534,P-57343,Uralde,Pedro,1958-03-02,0,0,0,0,1,1,1982,https://en.wikipedia.org/wiki/Pedro_Uralde
9535,P-83573,Urban,Jan,1962-05-14,0,0,0,0,1,1,1986,https://en.wikipedia.org/wiki/Jan_Urban
9539,P-11307,Ureña,Marco,1990-03-05,0,0,0,0,1,2,"2014, 2018",https://en.wikipedia.org/wiki/Marco_Ure%C3%B1a
9540,P-29981,Uría,Francisco Javier,1950-02-01,0,0,1,0,0,1,1978,https://en.wikipedia.org/wiki/Francisco_Javier_Ur%C3%ADa
9541,P-23072,Uribe,Julio César,1958-05-09,0,0,0,1,0,1,1982,https://en.wikipedia.org/wiki/Julio_C%C3%A9sar_Uribe
9542,P-07807,Uribe,Mateus,1991-03-21,0,0,0,1,0,1,2018,https://en.wikipedia.org/wiki/Mateus_Uribe
9543,P-25980,Urquiaga,Santiago,1958-04-14,0,0,1,0,0,1,1982,https://en.wikipedia.org/wiki/Santiago_Urquiaga
9544,P-33500,Urretaviscaya,Jonathan,1990-03-19,0,0,0,0,1,1,2018,https://en.wikipedia.org/wiki/Jonathan_Urretaviscaya
9548,P-54675,Urrutia,Patricio,1978-10-15,0,0,0,1,0,1,2006,https://en.wikipedia.org/wiki/Patricio_Urrutia
9550,P-02595,Usami,Takashi,1992-05-06,0,0,0,1,0,1,2018,https://en.wikipedia.org/wiki/Takashi_Usami
9554,P-64893,Utaka,John,1982-01-08,0,0,0,1,1,2,"2002, 2010",https://en.wikipedia.org/wiki/John_Utaka
9555,P-14851,Utjesenovic,Doug,1946-10-08,0,0,1,0,0,1,1974,https://en.wikipedia.org/wiki/Doug_Utjesenovic
9558,P-77395,Uvarov,Aleksandr,1960-01-13,0,1,0,0,0,1,1990,https://en.wikipedia.org/wiki/Aleksandr_Uvarov_(footballer)
9560,P-28119,Uzoenyi,Ejike,1988-03-23,0,0,0,1,0,1,2014,https://en.wikipedia.org/wiki/Ejike_Uzoenyi
9561,P-07594,Uzoho,Francis,1998-10-28,0,1,0,0,0,1,2018,https://en.wikipedia.org/wiki/Francis_Uzoho
9565,P-84312,Valbuena,Mathieu,1984-09-28,0,0,0,1,0,2,"2010, 2014",https://en.wikipedia.org/wiki/Mathieu_Valbuena
9566,P-61116,Valckx,Stan,1963-10-20,0,0,1,0,0,1,1994,https://en.wikipedia.org/wiki/Stan_Valckx
9567,P-02464,Valdano,Jorge,1955-10-04,0,0,0,0,1,2,"1982, 1986",https://en.wikipedia.org/wiki/Jorge_Valdano
9568,P-49600,Valderrama,Carlos,1961-09-02,0,0,0,1,0,3,"1990, 1994, 1998",https://en.wikipedia.org/wiki/Carlos_Valderrama
9570,P-77916,Valdés,Carlos,1985-05-22,0,0,1,0,0,1,2014,https://en.wikipedia.org/wiki/Carlos_Vald%C3%A9s_(footballer)
9571,P-39340,Valdés,Francisco,1943-03-19,0,0,0,1,1,2,"1966, 1974",https://en.wikipedia.org/wiki/Francisco_Vald%C3%A9s
9574,P-50699,Valdez,Nelson,1983-11-28,0,0,0,0,1,1,2010,https://en.wikipedia.org/wiki/Nelson_Valdez
9575,P-71995,Valdez,Nelson Haedo,1983-11-28,0,0,0,0,1,1,2006,https://en.wikipedia.org/wiki/Nelson_Haedo_Valdez
9577,P-16030,Valdéz,Luis Antonio,1965-07-01,0,0,0,0,1,1,1994,https://en.wikipedia.org/wiki/Luis_Antonio_Vald%C3%A9z
9578,P-07812,Valdivia,Javier,1941-12-04,0,0,0,0,1,1,1970,https://en.wikipedia.org/wiki/Javier_Valdivia
9579,P-65631,Valdivia,Jorge,1983-10-19,0,0,0,1,0,2,"2010, 2014",https://en.wikipedia.org/wiki/Jorge_Valdivia
9581,P-10596,Valdo,not applicable,1964-01-12,0,0,0,1,0,2,"1986, 1990",https://en.wikipedia.org/wiki/Valdo_Filho
9582,P-89117,Valdomiro,not applicable,1946-02-17,0,0,0,0,1,1,1974,https://en.wikipedia.org/wiki/Valdomiro_Vaz_Franco
9583,P-55994,Valencia,Adolfo,1968-02-06,0,0,0,0,1,2,"1994, 1998",https://en.wikipedia.org/wiki/Adolfo_Valencia
9585,P-49265,Valencia,Antonio,1985-08-04,0,0,0,1,0,2,"2006, 2014",https://en.wikipedia.org/wiki/Antonio_Valencia
9586,P-75912,Valencia,Enner,1989-11-04,0,0,0,0,1,2,"2014, 2022",https://en.wikipedia.org/wiki/Enner_Valencia
9587,P-62351,Valencia,José Daniel,1955-10-03,0,0,0,1,0,2,"1978, 1982",https://en.wikipedia.org/wiki/Jos%C3%A9_Daniel_Valencia
9589,P-27157,Valenciano,Iván,1972-03-18,0,0,0,0,1,1,1994,https://en.wikipedia.org/wiki/Iv%C3%A1n_Valenciano
9590,P-62437,Valente,Nuno,1974-09-12,0,0,1,0,0,1,2006,https://en.wikipedia.org/wiki/Nuno_Valente
9591,P-73303,Valentine,Carl,1958-07-04,0,0,0,0,1,1,1986,https://en.wikipedia.org/wiki/Carl_Valentine
9593,P-15628,Valenzuela,René,1955-04-20,0,0,1,0,0,1,1982,https://en.wikipedia.org/wiki/Ren%C3%A9_Valenzuela
9594,P-70545,Valeri,Carl,1984-08-14,0,0,0,1,0,1,2010,https://en.wikipedia.org/wiki/Carl_Valeri
9596,P-76612,Valerón,Juan Carlos,1975-06-17,0,0,0,1,0,1,2002,https://en.wikipedia.org/wiki/Juan_Carlos_Valer%C3%B3n
9597,P-93059,Valladares,Noel,1977-05-03,0,1,0,0,0,2,"2010, 2014",https://en.wikipedia.org/wiki/Noel_Valladares
9601,P-80380,Vallejos,Leopoldo,1944-07-16,0,1,0,0,0,1,1974,https://en.wikipedia.org/wiki/Leopoldo_Vallejos
9603,P-05174,Valverde,Federico,1998-07-22,0,0,0,1,0,1,2022,https://en.wikipedia.org/wiki/Federico_Valverde
9604,P-06280,Vampeta,not applicable,1974-03-13,0,0,0,1,0,1,2002,https://en.wikipedia.org/wiki/Vampeta
9605,P-52936,van 't Schip,John,1963-11-30,0,0,0,0,1,1,1990,https://en.wikipedia.org/wiki/John_van_%27t_Schip
9606,P-37630,van Aerle,Berry,1962-12-08,0,0,1,0,0,1,1990,https://en.wikipedia.org/wiki/Berry_van_Aerle
9608,P-76874,van Basten,Marco,1964-10-31,0,0,0,0,1,1,1990,https://en.wikipedia.org/wiki/Marco_van_Basten
9610,P-69700,van Bommel,Mark,1977-04-22,0,0,0,1,0,2,"2006, 2010",https://en.wikipedia.org/wiki/Mark_van_Bommel
9612,P-58282,van Breukelen,Hans,1956-10-04,0,1,0,0,0,1,1990,https://en.wikipedia.org/wiki/Hans_van_Breukelen
9613,P-21832,van Bronckhorst,Giovanni,1975-02-05,0,0,1,1,0,3,"1998, 2006, 2010",https://en.wikipedia.org/wiki/Giovanni_van_Bronckhorst
9614,P-21070,Van Buyten,Daniel,1978-02-07,0,0,1,0,0,2,"2002, 2014",https://en.wikipedia.org/wiki/Daniel_Van_Buyten
9617,P-25337,van de Kerkhof,René,1951-09-16,0,0,0,1,0,2,"1974, 1978",https://en.wikipedia.org/wiki/Ren%C3%A9_van_de_Kerkhof
9618,P-48712,van de Kerkhof,Willy,1951-09-16,0,0,0,1,0,2,"1974, 1978",https://en.wikipedia.org/wiki/Willy_van_de_Kerkhof
9625,P-08623,Van der Elst,Franky,1961-04-30,0,0,0,1,0,4,"1986, 1990, 1994, 1998",https://en.wikipedia.org/wiki/Franky_Van_der_Elst
9626,P-43941,Van Der Elst,François,1954-12-01,0,0,0,0,1,1,1982,https://en.wikipedia.org/wiki/Fran%C3%A7ois_Van_Der_Elst
9627,P-43888,Van Der Elst,Leo,1962-01-07,0,0,0,1,0,1,1986,https://en.wikipedia.org/wiki/Leo_Van_Der_Elst
9630,P-02977,Van der Heyden,Peter,1976-07-16,0,0,1,0,0,1,2002,https://en.wikipedia.org/wiki/Peter_Van_der_Heyden
9632,P-03300,Van Der Linden,Marc,1964-02-04,0,0,0,0,1,1,1990,https://en.wikipedia.org/wiki/Marc_Van_Der_Linden
9635,P-26572,van der Sar,Edwin,1970-10-29,0,1,0,0,0,3,"1994, 1998, 2006",https://en.wikipedia.org/wiki/Edwin_van_der_Sar
9636,P-68125,van der Vaart,Rafael,1983-02-11,0,0,0,1,0,2,"2006, 2010",https://en.wikipedia.org/wiki/Rafael_van_der_Vaart
9638,P-20084,van der Wiel,Gregory,1988-02-03,0,0,1,0,0,1,2010,https://en.wikipedia.org/wiki/Gregory_van_der_Wiel
9640,P-56029,van Dijk,Virgil,1991-07-08,0,0,1,0,0,1,2022,https://en.wikipedia.org/wiki/Virgil_van_Dijk
9645,P-49163,van Gobbel,Ulrich,1971-01-16,0,0,1,0,0,1,1994,https://en.wikipedia.org/wiki/Ulrich_van_Gobbel
9646,P-65100,van Hanegem,Willem,1944-02-20,0,0,0,1,0,1,1974,https://en.wikipedia.org/wiki/Willem_van_Hanegem
9647,P-46351,van Hattum,Frank,1958-11-17,0,1,0,0,0,1,1982,https://en.wikipedia.org/wiki/Frank_van_Hattum
9649,P-94646,Van Himst,Paul,1943-10-02,0,0,0,0,1,1,1970,https://en.wikipedia.org/wiki/Paul_Van_Himst
9650,P-88340,van Hooijdonk,Pierre,1969-11-29,0,0,0,0,1,1,1998,https://en.wikipedia.org/wiki/Pierre_van_Hooijdonk
9654,P-28883,Van Kerckhoven,Nico,1970-12-14,0,0,1,1,0,2,"1998, 2002",https://en.wikipedia.org/wiki/Nico_Van_Kerckhoven
9656,P-37179,van Kraay,Adrie,1953-08-01,0,0,1,0,0,1,1978,https://en.wikipedia.org/wiki/Adrie_van_Kraay
9657,P-84043,van Loen,John,1965-02-04,0,0,0,0,1,1,1990,https://en.wikipedia.org/wiki/John_van_Loen
9660,P-71601,Van Meir,Eric,1968-02-28,0,0,1,0,0,3,"1994, 1998, 2002",https://en.wikipedia.org/wiki/Eric_Van_Meir
9661,P-47829,Van Moer,Wilfried,1945-03-01,0,0,0,1,0,2,"1970, 1982",https://en.wikipedia.org/wiki/Wilfried_Van_Moer
9663,P-03013,van Nistelrooy,Ruud,1976-07-01,0,0,0,0,1,1,2006,https://en.wikipedia.org/wiki/Ruud_van_Nistelrooy
9664,P-99934,van Persie,Robin,1983-08-06,0,0,0,0,1,3,"2006, 2010, 2014",https://en.wikipedia.org/wiki/Robin_van_Persie
9668,P-73794,van Tiggelen,Adri,1957-06-16,0,0,1,0,0,1,1990,https://en.wikipedia.org/wiki/Adri_van_Tiggelen
9671,P-99166,van Vossen,Peter,1968-04-21,0,0,0,0,1,1,1994,https://en.wikipedia.org/wiki/Peter_van_Vossen
9674,P-18623,Vande Walle,Philippe,1961-12-22,0,1,0,0,0,1,1998,https://en.wikipedia.org/wiki/Philippe_Vande_Walle
9675,P-17974,Vanden Borre,Anthony,1987-10-24,0,0,1,0,0,1,2014,https://en.wikipedia.org/wiki/Anthony_Vanden_Borre
9677,P-06736,Vandenbergh,Erwin,1959-01-26,0,0,0,0,1,2,"1982, 1986",https://en.wikipedia.org/wiki/Erwin_Vandenbergh
9680,P-71806,Vandereycken,René,1953-07-22,0,0,0,1,0,1,1986,https://en.wikipedia.org/wiki/Ren%C3%A9_Vandereycken
9681,P-46499,Vanderhaeghe,Yves,1970-01-30,0,0,0,1,0,1,2002,https://en.wikipedia.org/wiki/Yves_Vanderhaeghe
9682,P-07477,Vandersmissen,Guy,1957-12-25,0,0,0,1,0,1,1982,https://en.wikipedia.org/wiki/Guy_Vandersmissen
9686,P-19670,Vanenburg,Gerald,1964-03-05,0,0,0,1,0,1,1990,https://en.wikipedia.org/wiki/Gerald_Vanenburg
9689,P-96177,Vantolrá,José,1943-03-30,0,0,1,0,0,1,1970,https://en.wikipedia.org/wiki/Jos%C3%A9_Vantolr%C3%A1
9692,P-37326,Varallo,Francisco,1910-02-05,0,0,0,0,1,1,1930,https://en.wikipedia.org/wiki/Francisco_Varallo
9693,P-42326,Varane,Raphaël,1993-04-25,0,0,1,0,0,3,"2014, 2018, 2022",https://en.wikipedia.org/wiki/Rapha%C3%ABl_Varane
9694,P-74242,Vardy,Jamie,1987-01-11,0,0,0,0,1,1,2018,https://en.wikipedia.org/wiki/Jamie_Vardy
9695,P-78932,Varela,Guillermo,1993-03-24,0,0,1,0,0,2,"2018, 2022",https://en.wikipedia.org/wiki/Guillermo_Varela
9696,P-41694,Varela,Gustavo,1978-05-14,0,0,0,0,1,1,2002,https://en.wikipedia.org/wiki/Gustavo_Varela
9697,P-65940,Varela,Obdulio,1917-09-20,0,0,0,1,0,2,"1950, 1954",https://en.wikipedia.org/wiki/Obdulio_Varela
9698,P-25600,Varela,Silvestre,1985-02-02,0,0,0,1,0,1,2014,https://en.wikipedia.org/wiki/Silvestre_Varela
9699,P-51494,Varga,József,1954-10-09,0,0,1,0,0,2,"1982, 1986",https://en.wikipedia.org/wiki/J%C3%B3zsef_Varga_(footballer_born_1954)
9702,P-36808,Vargas,Eduardo,1989-11-20,0,0,0,0,1,1,2014,https://en.wikipedia.org/wiki/Eduardo_Vargas
9704,P-65777,Vargas,Juan Pablo,1995-06-06,0,0,1,0,0,1,2022,https://en.wikipedia.org/wiki/Juan_Pablo_Vargas
9706,P-85823,Vargas,Ruben,1998-08-05,0,0,0,0,1,1,2022,https://en.wikipedia.org/wiki/Ruben_Vargas
9707,P-06201,Vargas Peña,Luis,1907-04-23,0,0,0,0,1,1,1930,https://en.wikipedia.org/wiki/Luis_Vargas_Pe%C3%B1a
9712,P-27508,Vashchuk,Vladyslav,1975-01-02,0,0,1,0,0,1,2006,https://en.wikipedia.org/wiki/Vladyslav_Vashchuk
9713,P-90799,Vasilev,Mladen,1947-07-29,0,0,1,0,0,1,1974,https://en.wikipedia.org/wiki/Mladen_Vasilev
9714,P-76230,Vasilev,Tsonyo,1952-01-07,0,0,0,1,0,1,1974,https://en.wikipedia.org/wiki/Tsonyo_Vasilev
9718,P-16270,Vásquez,Jorge,1945-04-23,0,0,0,1,0,1,1970,https://en.wikipedia.org/wiki/Jorge_V%C3%A1squez_(Salvadoran_footballer)
9719,P-00447,Vassell,Darius,1980-06-13,0,0,0,0,1,1,2002,https://en.wikipedia.org/wiki/Darius_Vassell
9720,P-28521,Vastić,Ivica,1969-09-29,0,0,0,0,1,1,1998,https://en.wikipedia.org/wiki/Ivica_Vasti%C4%87
9722,P-45310,Vavá,not applicable,1934-11-12,0,0,0,0,1,2,"1958, 1962",https://en.wikipedia.org/wiki/Vav%C3%A1
9724,P-22756,Vázquez,José Juan,1988-03-14,0,0,0,1,0,1,2014,https://en.wikipedia.org/wiki/Jos%C3%A9_Juan_V%C3%A1zquez
9725,P-97275,Vázquez,Lucas,1991-07-01,0,0,0,0,1,1,2018,https://en.wikipedia.org/wiki/Lucas_V%C3%A1zquez
9726,P-40929,Vázquez,Rafael Martín,1965-09-25,0,0,0,1,0,1,1990,https://en.wikipedia.org/wiki/Rafael_Mart%C3%ADn_V%C3%A1zquez
9728,P-84173,Vázquez Ayala,Arturo,1949-06-26,0,0,1,0,0,1,1978,https://en.wikipedia.org/wiki/Arturo_V%C3%A1zquez_Ayala
9730,P-46785,Vecino,Matías,1991-08-24,0,0,0,1,0,2,"2018, 2022",https://en.wikipedia.org/wiki/Mat%C3%ADas_Vecino
9731,P-64182,Vega,Alexis,1997-11-25,0,0,0,0,1,1,2022,"https://en.wikipedia.org/wiki/Alexis_Vega_(footballer,_born_1997)"
9733,P-56057,Vega,Marcelo,1971-08-12,0,0,0,1,0,1,1998,"https://en.wikipedia.org/wiki/Marcelo_Vega_(footballer,_born_1971)"
9734,P-02281,Veinante,Émile,1907-06-12,0,0,0,0,1,3,"1930, 1934, 1938",https://en.wikipedia.org/wiki/%C3%89mile_Veinante
9735,P-68042,Vela,Carlos,1989-03-01,0,0,0,0,1,2,"2010, 2018",https://en.wikipedia.org/wiki/Carlos_Vela
9737,P-32657,Velarde,Mario,1940-03-29,0,0,0,1,0,2,"1962, 1970","https://en.wikipedia.org/wiki/Mario_Velarde_(footballer,_born_1940)"
9739,P-72529,Velásquez,José,1952-06-04,0,0,0,1,0,2,"1978, 1982","https://en.wikipedia.org/wiki/Jos%C3%A9_Vel%C3%A1squez_(footballer,_born_1952)"
9742,P-25143,Velichkov,Boycho,1958-08-13,0,0,0,0,1,1,1986,https://en.wikipedia.org/wiki/Boycho_Velichkov
9744,P-75999,Velichkov,Stefko,1949-02-15,0,0,0,1,0,1,1974,https://en.wikipedia.org/wiki/Stefko_Velichkov
9745,P-54736,Véliz,Leonardo,1945-09-03,0,0,0,0,1,1,1974,https://en.wikipedia.org/wiki/Leonardo_V%C3%A9liz
9746,P-30283,Veljković,Miloš,1995-09-26,0,0,1,0,0,2,"2018, 2022",https://en.wikipedia.org/wiki/Milo%C5%A1_Veljkovi%C4%87
9748,P-98693,Veloso,Miguel,1986-05-11,0,0,0,1,0,2,"2010, 2014",https://en.wikipedia.org/wiki/Miguel_Veloso
9749,P-91472,Veltman,Joël,1992-01-15,0,0,1,0,0,1,2014,https://en.wikipedia.org/wiki/Jo%C3%ABl_Veltman
9751,P-17536,Vencel,Alexander,1944-02-08,0,1,0,0,0,1,1970,https://en.wikipedia.org/wiki/Alexander_Vencel_(born_1944)
9754,P-58669,Venegas,Johan,1988-11-27,0,0,0,0,1,2,"2018, 2022",https://en.wikipedia.org/wiki/Johan_Venegas
9755,P-63856,Vennegoor of Hesselink,Jan,1978-11-07,0,0,0,0,1,1,2006,https://en.wikipedia.org/wiki/Jan_Vennegoor_of_Hesselink
9756,P-55392,Vente,Leen,1911-05-14,0,0,0,0,1,2,"1934, 1938",https://en.wikipedia.org/wiki/Leen_Vente
9758,P-55381,Ventura,Joaquín,1956-10-27,0,0,0,1,0,1,1982,https://en.wikipedia.org/wiki/Joaqu%C3%ADn_Ventura
9761,P-18210,Vera,Enrique,1979-03-10,0,0,0,1,0,1,2010,https://en.wikipedia.org/wiki/Enrique_Vera
9762,P-26401,Vercauteren,Franky,1956-10-28,0,0,0,1,1,2,"1982, 1986",https://en.wikipedia.org/wiki/Franky_Vercauteren
9763,P-93959,Vercruysse,Philippe,1962-01-28,0,0,0,1,0,1,1986,https://en.wikipedia.org/wiki/Philippe_Vercruysse
9764,P-00465,Veretout,Jordan,1993-03-01,0,0,0,1,0,1,2022,https://en.wikipedia.org/wiki/Jordan_Veretout
9767,P-26380,Verhaegh,Paul,1983-09-01,0,0,1,0,0,1,2014,https://en.wikipedia.org/wiki/Paul_Verhaegh
9768,P-52358,Verheyen,Gert,1970-09-20,0,0,0,0,1,2,"1998, 2002",https://en.wikipedia.org/wiki/Gert_Verheyen
9770,P-17433,Verheyen,René,1952-03-20,0,0,0,1,0,1,1982,https://en.wikipedia.org/wiki/Ren%C3%A9_Verheyen
9772,P-92866,Vermaelen,Thomas,1985-11-14,0,0,1,0,0,2,"2014, 2018",https://en.wikipedia.org/wiki/Thomas_Vermaelen
9773,P-91831,Vermant,Sven,1973-04-04,0,0,0,1,0,1,2002,https://en.wikipedia.org/wiki/Sven_Vermant
9774,P-88114,Vermes,Peter,1966-11-21,0,0,0,0,1,1,1990,https://en.wikipedia.org/wiki/Peter_Vermes
9777,P-95038,Verón,Darío,1979-06-26,0,0,1,0,0,1,2010,https://en.wikipedia.org/wiki/Dar%C3%ADo_Ver%C3%B3n
9778,P-62209,Verón,Juan Sebastián,1975-03-09,0,0,0,1,0,3,"1998, 2002, 2010",https://en.wikipedia.org/wiki/Juan_Sebasti%C3%A1n_Ver%C3%B3n
9779,P-43029,Verratti,Marco,1992-11-05,0,0,0,1,0,1,2014,https://en.wikipedia.org/wiki/Marco_Verratti
9780,P-13166,Verriest,Georges,1909-07-15,0,0,0,1,0,1,1934,https://en.wikipedia.org/wiki/Georges_Verriest
9781,P-51650,Versavel,Bruno,1967-08-27,0,0,0,1,0,1,1990,https://en.wikipedia.org/wiki/Bruno_Versavel
9782,P-39573,Verstraeten,Mike,1967-08-12,0,0,1,0,0,1,1998,https://en.wikipedia.org/wiki/Mike_Verstraeten
9784,P-64049,Vertonghen,Jan,1987-04-24,0,0,1,0,0,3,"2014, 2018, 2022",https://en.wikipedia.org/wiki/Jan_Vertonghen
9785,P-92384,Vervoort,Patrick,1965-01-17,0,0,0,1,0,2,"1986, 1990",https://en.wikipedia.org/wiki/Patrick_Vervoort
9786,P-47783,Veselinović,Todor,1930-10-22,0,0,0,0,1,2,"1954, 1958",https://en.wikipedia.org/wiki/Todor_Veselinovi%C4%87
9787,P-37315,Veselý,Bohumil,1945-06-18,0,0,0,1,0,1,1970,https://en.wikipedia.org/wiki/Bohumil_Vesel%C3%BD
9788,P-33536,Veselý,František,1943-12-07,0,0,0,1,0,1,1970,https://en.wikipedia.org/wiki/Franti%C5%A1ek_Vesel%C3%BD
9791,P-24703,Veyt,Daniel,1956-12-09,0,0,0,0,1,1,1986,https://en.wikipedia.org/wiki/Daniel_Veyt
9792,P-81402,Vialli,Gianluca,1964-07-09,0,0,0,0,1,2,"1986, 1990",https://en.wikipedia.org/wiki/Gianluca_Vialli
9793,P-83823,Viana,Hugo,1983-01-15,0,0,0,1,0,2,"2002, 2006",https://en.wikipedia.org/wiki/Hugo_Viana
9794,P-95458,Vicelich,Ivan,1976-09-03,0,0,1,0,0,1,2010,https://en.wikipedia.org/wiki/Ivan_Vicelich
9797,P-91970,Víctor,not applicable,1957-03-15,0,0,0,1,0,1,1986,https://en.wikipedia.org/wiki/V%C3%ADctor_Mu%C3%B1oz
9798,P-92649,Victorino,Mauricio,1982-10-11,0,0,1,0,0,1,2010,https://en.wikipedia.org/wiki/Mauricio_Victorino
9799,P-91294,Vida,Domagoj,1989-04-29,0,0,1,0,0,3,"2014, 2018, 2022",https://en.wikipedia.org/wiki/Domagoj_Vida
9800,P-41001,Vidal,Arturo,1987-05-22,0,0,0,1,0,2,"2010, 2014",https://en.wikipedia.org/wiki/Arturo_Vidal
9801,P-61338,Vidal,Carlos,1902-02-24,0,0,0,0,1,1,1930,https://en.wikipedia.org/wiki/Carlos_Vidal
9802,P-36239,Vidal,Ernesto,1921-11-15,0,0,0,0,1,1,1950,https://en.wikipedia.org/wiki/Ernesto_Vidal
9805,P-68901,Vidić,Nemanja,1981-10-21,0,0,1,0,0,2,"2006, 2010",https://en.wikipedia.org/wiki/Nemanja_Vidi%C4%87
9807,P-86884,Vidović,Gordan,1968-06-23,0,0,1,0,0,1,1998,https://en.wikipedia.org/wiki/Gordan_Vidovi%C4%87
9808,P-13917,Vidrio,Manuel,1972-08-23,0,0,1,0,0,1,2002,https://en.wikipedia.org/wiki/Manuel_Vidrio
9809,P-78071,Viduka,Mark,1975-10-09,0,0,0,0,1,1,2006,https://en.wikipedia.org/wiki/Mark_Viduka
9810,P-96540,Vieira,Patrick,1976-06-23,0,0,0,1,0,3,"1998, 2002, 2006",https://en.wikipedia.org/wiki/Patrick_Vieira
9811,P-23990,Vieirinha,not applicable,1986-01-24,0,0,0,1,0,1,2014,https://en.wikipedia.org/wiki/Vieirinha
9814,P-73911,Vierchowod,Pietro,1959-04-06,0,0,1,0,0,3,"1982, 1986, 1990",https://en.wikipedia.org/wiki/Pietro_Vierchowod
9815,P-34670,Vieri,Christian,1973-07-12,0,0,0,0,1,2,"1998, 2002",https://en.wikipedia.org/wiki/Christian_Vieri
9821,P-15216,Viktor,Ivo,1942-05-21,0,1,0,0,0,1,1970,https://en.wikipedia.org/wiki/Ivo_Viktor
9824,P-49097,Villa,David,1981-12-03,0,0,0,0,1,3,"2006, 2010, 2014",https://en.wikipedia.org/wiki/David_Villa
9825,P-72763,Villa,Germán,1973-04-02,0,0,0,1,0,2,"1998, 2002",https://en.wikipedia.org/wiki/Germ%C3%A1n_Villa
9827,P-12477,Villa,Ricardo,1952-08-18,0,0,0,1,0,1,1978,https://en.wikipedia.org/wiki/Ricardo_Villa
9839,P-94060,Villar,Justo,1977-06-30,0,1,0,0,0,3,"2002, 2006, 2010",https://en.wikipedia.org/wiki/Justo_Villar
9840,P-16244,Villarroel,Moisés,1976-02-12,0,0,1,0,0,1,1998,https://en.wikipedia.org/wiki/Mois%C3%A9s_Villarroel_(Chilean_footballer)
9841,P-81270,Villarroya,Francisco,1966-08-06,0,0,0,1,0,1,1990,https://en.wikipedia.org/wiki/Francisco_Villarroya
9842,P-72685,Villegas,Jaime,1950-07-05,0,0,1,0,0,1,1982,https://en.wikipedia.org/wiki/Jaime_Villegas
9844,P-18564,Viña,Matías,1997-11-09,0,0,1,0,0,1,2022,https://en.wikipedia.org/wiki/Mat%C3%ADas_Vi%C3%B1a
9845,P-78417,Vincent,Jean,1930-11-29,0,0,0,0,1,2,"1954, 1958",https://en.wikipedia.org/wiki/Jean_Vincent_(footballer)
9847,P-11520,Vincze,Jenő,1908-11-20,0,0,0,0,1,2,"1934, 1938",https://en.wikipedia.org/wiki/Jen%C5%91_Vincze
9850,P-81097,Viola,not applicable,1969-01-01,0,0,0,0,1,1,1994,https://en.wikipedia.org/wiki/Viola_(footballer)
9851,P-55809,Višća,Edin,1990-02-17,0,0,0,0,1,1,2014,https://en.wikipedia.org/wiki/Edin_Vi%C5%A1%C4%87a
9852,P-09393,Vissoker,Yitzchak,1944-09-18,0,1,0,0,0,1,1970,https://en.wikipedia.org/wiki/Yitzchak_Vissoker
9854,P-89266,Vitinha,not applicable,2000-02-13,0,0,0,1,0,1,2022,"https://en.wikipedia.org/wiki/Vitinha_(footballer,_born_2000)"
9856,P-89710,Vitória,Steven,1987-01-11,0,0,1,0,0,1,2022,https://en.wikipedia.org/wiki/Steven_Vit%C3%B3ria
9857,P-14764,Vittek,Róbert,1982-04-01,0,0,0,0,1,1,2010,https://en.wikipedia.org/wiki/R%C3%B3bert_Vittek
9859,P-65019,Vivas,Nelson,1969-10-18,0,0,1,0,0,1,1998,https://en.wikipedia.org/wiki/Nelson_Vivas
9860,P-95927,Vízek,Ladislav,1955-01-22,0,0,0,0,1,1,1982,https://en.wikipedia.org/wiki/Ladislav_V%C3%ADzek
9861,P-21798,Vlaar,Ron,1985-02-16,0,0,1,0,0,1,2014,https://en.wikipedia.org/wiki/Ron_Vlaar
9863,P-15773,Vlădoiu,Ion,1968-11-05,0,0,0,0,1,1,1994,https://en.wikipedia.org/wiki/Ion_Vl%C4%83doiu
9864,P-63293,Vlahović,Dušan,2000-01-28,0,0,0,0,1,1,2022,https://en.wikipedia.org/wiki/Du%C5%A1an_Vlahovi%C4%87
9865,P-96110,Vlaović,Goran,1972-08-07,0,0,0,0,1,2,"1998, 2002",https://en.wikipedia.org/wiki/Goran_Vlaovi%C4%87
9866,P-22160,Vlašić,Nikola,1997-10-04,0,0,0,1,0,1,2022,https://en.wikipedia.org/wiki/Nikola_Vla%C5%A1i%C4%87
9869,P-53970,Vogel,Eberhard,1943-04-08,0,0,0,0,1,1,1974,https://en.wikipedia.org/wiki/Eberhard_Vogel
9870,P-17148,Vogel,Johann,1977-03-08,0,0,0,1,0,1,2006,https://en.wikipedia.org/wiki/Johann_Vogel_(footballer)
9872,P-69695,Vogts,Berti,1946-12-30,0,0,1,0,0,3,"1970, 1974, 1978",https://en.wikipedia.org/wiki/Berti_Vogts
9874,P-62199,Vojáček,Rostislav,1949-02-23,0,0,1,0,0,1,1982,https://en.wikipedia.org/wiki/Rostislav_Voj%C3%A1%C4%8Dek
9876,P-60216,Vollach,Yochanan,1945-05-14,0,0,1,0,0,1,1970,https://en.wikipedia.org/wiki/Yochanan_Vollach
9877,P-04572,Völler,Rudi,1960-04-13,0,0,0,0,1,3,"1986, 1990, 1994",https://en.wikipedia.org/wiki/Rudi_V%C3%B6ller
9879,P-62393,von Bergen,Steve,1983-06-10,0,0,1,0,0,2,"2010, 2014",https://en.wikipedia.org/wiki/Steve_von_Bergen
9881,P-57626,Vonk,Hans,1970-01-30,0,1,0,0,0,2,"1998, 2002",https://en.wikipedia.org/wiki/Hans_Vonk_(footballer)
9884,P-85443,Voorhoof,Bernard,1910-05-10,0,0,0,0,1,3,"1930, 1934, 1938",https://en.wikipedia.org/wiki/Bernard_Voorhoof
9885,P-40069,Vorbe,Philippe,1947-09-14,0,0,0,1,0,1,1974,https://en.wikipedia.org/wiki/Philippe_Vorbe
9886,P-32095,Vorm,Michel,1983-10-20,0,1,0,0,0,2,"2010, 2014",https://en.wikipedia.org/wiki/Michel_Vorm
9887,P-74638,Voro,not applicable,1963-10-09,0,0,1,0,0,1,1994,https://en.wikipedia.org/wiki/Voro_(footballer)
9888,P-58919,Vorobey,Andriy,1978-11-29,0,0,0,0,1,1,2006,https://en.wikipedia.org/wiki/Andriy_Vorobey
9889,P-99083,Voronin,Andriy,1979-07-21,0,0,0,0,1,1,2006,https://en.wikipedia.org/wiki/Andriy_Voronin
9891,P-56448,Vorsah,Isaac,1988-06-21,0,0,1,0,0,1,2010,https://en.wikipedia.org/wiki/Isaac_Vorsah
9894,P-74402,Voynov,Voyn,1952-09-07,0,0,0,0,1,1,1974,https://en.wikipedia.org/wiki/Voyn_Voynov
9895,P-27353,Vrablic,Igor,1965-07-19,0,0,0,0,1,1,1986,https://en.wikipedia.org/wiki/Igor_Vrablic
9896,P-91190,Vranješ,Jurica,1980-01-31,0,0,0,1,0,2,"2002, 2006",https://en.wikipedia.org/wiki/Jurica_Vranje%C5%A1
9897,P-52464,Vranješ,Ognjen,1989-10-24,0,0,1,0,0,1,2014,https://en.wikipedia.org/wiki/Ognjen_Vranje%C5%A1
9899,P-35118,Vršajević,Avdija,1986-03-06,0,0,1,0,0,1,2014,https://en.wikipedia.org/wiki/Avdija_Vr%C5%A1ajevi%C4%87
9900,P-65425,Vrsaljko,Šime,1992-01-10,0,0,1,0,0,2,"2014, 2018",https://en.wikipedia.org/wiki/%C5%A0ime_Vrsaljko
9901,P-13966,Vugdalić,Muamer,1977-08-25,0,0,1,0,0,1,2002,https://en.wikipedia.org/wiki/Muamer_Vugdali%C4%87
9902,P-10638,Vugrinec,Davor,1975-03-24,0,0,0,0,1,1,2002,https://en.wikipedia.org/wiki/Davor_Vugrinec
9904,P-33565,Vujadinović,Đorđe,1909-12-06,0,0,0,0,1,1,1930,https://en.wikipedia.org/wiki/%C4%90or%C4%91e_Vujadinovi%C4%87
9905,P-83693,Vujović,Zlatko,1958-08-26,0,0,0,0,1,2,"1982, 1990",https://en.wikipedia.org/wiki/Zlatko_Vujovi%C4%87
9908,P-25611,Vukić,Zvonimir,1979-07-19,0,0,0,1,0,1,2006,https://en.wikipedia.org/wiki/Zvonimir_Vuki%C4%87
9911,P-09094,Vulić,Zoran,1961-10-04,0,0,1,0,0,1,1990,https://en.wikipedia.org/wiki/Zoran_Vuli%C4%87
9912,P-07046,Vutsov,Ivan,1939-12-14,0,0,1,0,0,1,1966,https://en.wikipedia.org/wiki/Ivan_Vutsov
9913,P-28140,Vyntra,Loukas,1981-02-05,0,0,1,0,0,2,"2010, 2014",https://en.wikipedia.org/wiki/Loukas_Vyntra
9914,P-90689,Waad,Mohammed,1999-09-18,0,0,1,0,0,1,2022,https://en.wikipedia.org/wiki/Mohammed_Waad
9916,P-19351,Waddle,Chris,1960-12-14,0,0,0,1,0,2,"1986, 1990",https://en.wikipedia.org/wiki/Chris_Waddle
9920,P-68490,Wagner,Martin,1968-02-24,0,0,0,1,0,1,1994,"https://en.wikipedia.org/wiki/Martin_Wagner_(footballer,_born_1968)"
9921,P-35865,Wagner,Theodor,1927-08-06,0,0,0,0,1,1,1954,https://en.wikipedia.org/wiki/Theodor_Wagner_(footballer)
9922,P-57411,Wagué,Moussa,1998-10-04,0,0,1,0,0,1,2018,https://en.wikipedia.org/wiki/Moussa_Wagu%C3%A9
9924,P-31813,Wakaso,Mubarak,1990-07-25,0,0,0,1,0,1,2014,https://en.wikipedia.org/wiki/Mubarak_Wakaso
9925,P-81006,Walaschek,Eugen,1916-06-20,0,0,0,0,1,1,1938,https://en.wikipedia.org/wiki/Eugen_Walaschek
9927,P-68907,Wałdoch,Tomasz,1971-05-10,0,0,1,0,0,1,2002,https://en.wikipedia.org/wiki/Tomasz_Wa%C5%82doch
9929,P-03447,Walem,Johan,1972-02-01,0,0,0,1,0,1,2002,https://en.wikipedia.org/wiki/Johan_Walem
9930,P-55650,Walker,Des,1965-11-26,0,0,1,0,0,1,1990,https://en.wikipedia.org/wiki/Des_Walker
9932,P-74071,Walker,Kyle,1990-05-28,0,0,1,0,0,2,"2018, 2022",https://en.wikipedia.org/wiki/Kyle_Walker
9933,P-37569,Wallace,Frank,1922-07-15,0,0,0,0,1,1,1950,https://en.wikipedia.org/wiki/Frank_Wallace_(soccer)
9934,P-85975,Wallace,Harold,1975-09-07,0,0,1,0,0,2,"2002, 2006",https://en.wikipedia.org/wiki/Harold_Wallace
9935,P-42644,Wallace,Rodney,1988-06-17,0,0,0,1,0,1,2018,https://en.wikipedia.org/wiki/Rodney_Wallace_(footballer)
9940,P-09973,Walter,Fritz,1920-10-31,0,0,0,1,1,2,"1954, 1958",https://en.wikipedia.org/wiki/Fritz_Walter
9942,P-71954,Walter,Ottmar,1924-03-06,0,0,0,0,1,1,1954,https://en.wikipedia.org/wiki/Ottmar_Walter
9948,P-22046,Wanchope,Paulo,1976-07-31,0,0,0,0,1,2,"2002, 2006",https://en.wikipedia.org/wiki/Paulo_Wanchope
9960,P-31718,Ward,Danny,1993-06-22,0,1,0,0,0,1,2022,https://en.wikipedia.org/wiki/Danny_Ward_(Welsh_footballer)
9961,P-99805,Warda,Amr,1993-09-17,0,0,0,0,1,1,2018,https://en.wikipedia.org/wiki/Amr_Warda
9962,P-24388,Waris,Abdul Majeed,1991-09-19,0,0,0,0,1,1,2014,https://en.wikipedia.org/wiki/Abdul_Majeed_Waris
9963,P-11027,Wark,John,1957-08-04,0,0,0,1,0,1,1982,https://en.wikipedia.org/wiki/John_Wark
9965,P-68903,Warren,Johnny,1943-05-17,0,0,0,1,0,1,1974,https://en.wikipedia.org/wiki/Johnny_Warren
9970,P-37984,Waston,Kendall,1988-01-01,0,0,1,0,0,2,"2018, 2022",https://en.wikipedia.org/wiki/Kendall_Waston
9976,P-57266,Wätzlich,Siegmar,1947-11-16,0,0,1,0,0,1,1974,https://en.wikipedia.org/wiki/Siegmar_W%C3%A4tzlich
9977,P-30252,Weah,Timothy,2000-02-22,0,0,0,0,1,1,2022,https://en.wikipedia.org/wiki/Timothy_Weah
9978,P-17303,Webb,Neil,1963-07-30,0,0,0,1,0,1,1990,https://en.wikipedia.org/wiki/Neil_Webb
9981,P-05699,Weber,Heribert,1955-06-28,0,0,1,0,0,2,"1978, 1982",https://en.wikipedia.org/wiki/Heribert_Weber
9982,P-83199,Weber,Josip,1964-11-16,0,0,0,0,1,1,1994,https://en.wikipedia.org/wiki/Josip_Weber
9984,P-11099,Weber,Wolfgang,1944-06-26,0,0,1,1,0,2,"1966, 1970",https://en.wikipedia.org/wiki/Wolfgang_Weber
9985,P-10830,Webó,Pierre,1982-01-20,0,0,0,0,1,2,"2010, 2014",https://en.wikipedia.org/wiki/Pierre_Web%C3%B3
9987,P-69356,Wegerle,Roy,1964-03-19,0,0,0,0,1,2,"1994, 1998",https://en.wikipedia.org/wiki/Roy_Wegerle
9988,P-95036,Weghorst,Wout,1992-08-07,0,0,0,0,1,1,2022,https://en.wikipedia.org/wiki/Wout_Weghorst
9995,P-96166,Weir,David,1970-05-10,0,0,1,0,0,1,1998,https://en.wikipedia.org/wiki/David_Weir_(Scottish_footballer)
9996,P-72348,Weise,Konrad,1951-08-17,0,0,1,0,0,1,1974,https://en.wikipedia.org/wiki/Konrad_Weise
9997,P-78227,Weiss,Vladimír,1964-09-22,0,0,0,1,0,1,1990,"https://en.wikipedia.org/wiki/Vladim%C3%ADr_Weiss_(footballer,_born_1964)"
9998,P-57948,Weiss,Vladimír,1989-11-30,0,0,0,1,0,1,2010,"https://en.wikipedia.org/wiki/Vladim%C3%ADr_Weiss_(footballer,_born_1989)"
9999,P-50943,Welbeck,Danny,1990-11-26,0,0,0,0,1,2,"2014, 2018",https://en.wikipedia.org/wiki/Danny_Welbeck
10000,P-91430,Welcome,Georgie,1985-03-09,0,0,0,0,1,1,2010,https://en.wikipedia.org/wiki/Georgie_Welcome
10003,P-13147,Welzl,Kurt,1954-11-06,0,0,0,0,1,1,1982,https://en.wikipedia.org/wiki/Kurt_Welzl
10006,P-03989,Wendt,Benny,1950-11-04,0,0,0,0,1,1,1978,https://en.wikipedia.org/wiki/Benny_Wendt
10009,P-19339,Werner,Timo,1996-03-06,0,0,0,0,1,1,2018,https://en.wikipedia.org/wiki/Timo_Werner
10010,P-79669,West,Taribo,1974-03-26,0,0,1,0,0,2,"1998, 2002",https://en.wikipedia.org/wiki/Taribo_West
10012,P-09345,Wetl,Arnold,1970-02-02,0,0,0,1,0,1,1998,https://en.wikipedia.org/wiki/Arnold_Wetl
10013,P-58852,Wetterström,Gustav,1911-10-15,0,0,0,0,1,1,1938,https://en.wikipedia.org/wiki/Gustav_Wetterstr%C3%B6m
10015,P-66020,Weverton,not applicable,1987-12-13,0,1,0,0,0,1,2022,"https://en.wikipedia.org/wiki/Weverton_(footballer,_born_1987)"
10019,P-04391,Whelan,Ronnie,1961-09-25,0,0,0,1,0,2,"1990, 1994",https://en.wikipedia.org/wiki/Ronnie_Whelan
10025,P-62599,Whiteside,Norman,1965-05-07,0,0,0,1,1,2,"1982, 1986",https://en.wikipedia.org/wiki/Norman_Whiteside
10026,P-77687,Whitley,Aurtis,1977-05-01,0,0,0,1,0,1,2006,https://en.wikipedia.org/wiki/Aurtis_Whitley
10027,P-19136,Whitmore,Theodore,1972-08-05,0,0,0,1,0,1,1998,https://en.wikipedia.org/wiki/Theodore_Whitmore
10030,P-56006,Wicky,Raphaël,1977-04-26,0,0,1,0,0,1,2006,https://en.wikipedia.org/wiki/Rapha%C3%ABl_Wicky
10032,P-38927,Widmer,Silvan,1993-03-05,0,0,1,0,0,1,2022,https://en.wikipedia.org/wiki/Silvan_Widmer
10034,P-87412,Wieghorst,Morten,1971-02-25,0,0,0,1,0,1,1998,https://en.wikipedia.org/wiki/Morten_Wieghorst
10039,P-85698,Wijnaldum,Georginio,1990-11-11,0,0,0,1,0,1,2014,https://en.wikipedia.org/wiki/Georginio_Wijnaldum
10043,P-46710,Wildschut,Piet,1957-10-25,0,0,1,0,0,1,1978,https://en.wikipedia.org/wiki/Piet_Wildschut
10044,P-65907,Wilhelmsson,Christian,1979-12-08,0,0,0,1,0,1,2006,https://en.wikipedia.org/wiki/Christian_Wilhelmsson
10045,P-13828,Wilimowski,Ernst,1916-06-23,0,0,0,0,1,1,1938,https://en.wikipedia.org/wiki/Ernst_Wilimowski
10046,P-34141,Wilkins,Ray,1956-09-14,0,0,0,1,0,2,"1982, 1986",https://en.wikipedia.org/wiki/Ray_Wilkins
10047,P-60159,Wilkinson,Alex,1984-08-13,0,0,1,0,0,1,2014,https://en.wikipedia.org/wiki/Alex_Wilkinson
10050,P-14862,Wilkshire,Luke,1981-10-02,0,0,1,0,0,2,"2006, 2010",https://en.wikipedia.org/wiki/Luke_Wilkshire
10051,P-45682,Williams,Andy,1977-09-23,0,0,0,0,1,1,1998,https://en.wikipedia.org/wiki/Andy_Williams_(Jamaican_footballer)
10054,P-90391,Williams,Harry,1951-05-07,0,0,1,0,0,1,1974,https://en.wikipedia.org/wiki/Harry_Williams_(Australian_soccer)
10055,P-53967,Williams,Iñaki,1994-06-15,0,0,0,0,1,1,2022,https://en.wikipedia.org/wiki/I%C3%B1aki_Williams
10058,P-87190,Williams,Neco,2001-04-13,0,0,1,0,0,1,2022,https://en.wikipedia.org/wiki/Neco_Williams
10059,P-68218,Williams,Nico,2002-07-12,0,0,0,0,1,1,2022,https://en.wikipedia.org/wiki/Nico_Williams
10063,P-62621,Willian,not applicable,1988-08-09,0,0,0,1,0,2,"2014, 2018","https://en.wikipedia.org/wiki/Willian_(footballer,_born_1988)"
10064,P-69659,Wilmots,Marc,1969-02-22,0,0,0,1,1,4,"1990, 1994, 1998, 2002",https://en.wikipedia.org/wiki/Marc_Wilmots
10065,P-25319,Wilshaw,Dennis,1926-03-11,0,0,0,0,1,1,1954,https://en.wikipedia.org/wiki/Dennis_Wilshaw
10066,P-39063,Wilshere,Jack,1992-01-01,0,0,0,1,0,1,2014,https://en.wikipedia.org/wiki/Jack_Wilshere
10069,P-78960,Wilson,Bruce,1951-06-20,0,0,1,0,0,1,1986,https://en.wikipedia.org/wiki/Bruce_Wilson_(soccer)
10070,P-22844,Wilson,Callum,1992-02-27,0,0,0,0,1,1,2022,"https://en.wikipedia.org/wiki/Callum_Wilson_(footballer,_born_1992)"
10071,P-97066,Wilson,Giuseppe,1945-10-27,0,0,1,0,0,1,1974,https://en.wikipedia.org/wiki/Giuseppe_Wilson
10072,P-94779,Wilson,Harry,1997-03-22,0,0,0,1,0,1,2022,"https://en.wikipedia.org/wiki/Harry_Wilson_(footballer,_born_1997)"
10073,P-41457,Wilson,Peter,1947-09-15,0,0,1,0,0,1,1974,https://en.wikipedia.org/wiki/Peter_Wilson_(Australian_soccer)
10076,P-23993,Wilson,Roan,2002-05-01,0,0,0,1,0,1,2022,https://en.wikipedia.org/wiki/Roan_Wilson
10077,P-00916,Wiltord,Sylvain,1974-05-10,0,0,0,0,1,2,"2002, 2006",https://en.wikipedia.org/wiki/Sylvain_Wiltord
10079,P-89257,Wimmer,Herbert,1944-11-09,0,0,0,1,0,1,1974,https://en.wikipedia.org/wiki/Herbert_Wimmer
10081,P-51936,Windischmann,Mike,1965-12-06,0,0,1,0,0,1,1990,https://en.wikipedia.org/wiki/Mike_Windischmann
10082,P-42249,Winter,Aron,1967-03-01,0,0,0,1,0,3,"1990, 1994, 1998",https://en.wikipedia.org/wiki/Aron_Winter
10085,P-03524,Wise,Evans,1973-11-23,0,0,0,1,0,1,2006,https://en.wikipedia.org/wiki/Evans_Wise
10086,P-75977,Wisnieski,Maryan,1937-02-01,0,0,0,0,1,1,1958,https://en.wikipedia.org/wiki/Maryan_Wisnieski
10088,P-47334,Witschge,Richard,1969-09-20,0,0,0,1,0,1,1990,https://en.wikipedia.org/wiki/Richard_Witschge
10089,P-51357,Witschge,Rob,1966-08-22,0,0,0,1,0,1,1994,https://en.wikipedia.org/wiki/Rob_Witschge
10090,P-53048,Witsel,Axel,1989-01-12,0,0,0,1,0,3,"2014, 2018, 2022",https://en.wikipedia.org/wiki/Axel_Witsel
10094,P-22126,Wójcicki,Roman,1958-01-08,0,0,1,0,0,3,"1978, 1982, 1986",https://en.wikipedia.org/wiki/Roman_W%C3%B3jcicki
10097,P-90840,Wolff,Enrique,1949-02-21,0,0,1,0,0,1,1974,https://en.wikipedia.org/wiki/Enrique_Wolff
10098,P-78068,Wolff,Josh,1977-02-25,0,0,0,0,1,2,"2002, 2006",https://en.wikipedia.org/wiki/Josh_Wolff
10100,P-57908,Wolter,Horst,1942-06-08,0,1,0,0,0,1,1970,https://en.wikipedia.org/wiki/Horst_Wolter
10101,P-67168,Womé,Pierre,1979-03-26,0,0,1,0,0,2,"1998, 2002",https://en.wikipedia.org/wiki/Pierre_Wom%C3%A9
10102,P-78024,Wondolowski,Chris,1983-01-28,0,0,0,0,1,1,2014,https://en.wikipedia.org/wiki/Chris_Wondolowski
10104,P-94500,Woo-yeong,Jeong,1999-09-20,0,0,0,1,0,1,2022,https://en.wikipedia.org/wiki/Jeong_Woo-yeong
10107,P-17136,Wood,Chris,1991-12-07,0,0,0,0,1,1,2010,"https://en.wikipedia.org/wiki/Chris_Wood_(footballer,_born_1991)"
10109,P-34594,Woodcock,Tony,1955-12-06,0,0,0,0,1,1,1982,https://en.wikipedia.org/wiki/Tony_Woodcock_(footballer)
10110,P-50194,Wooddin,Steve,1955-01-16,0,0,0,0,1,1,1982,https://en.wikipedia.org/wiki/Steve_Wooddin
10112,P-74894,Wooh,Christopher,2001-09-18,0,0,1,0,0,1,2022,https://en.wikipedia.org/wiki/Christopher_Wooh
10115,P-53262,Wörns,Christian,1972-05-10,0,0,1,0,0,1,1998,https://en.wikipedia.org/wiki/Christian_W%C3%B6rns
10116,P-19672,Worthington,Nigel,1961-11-04,0,0,1,0,0,1,1986,https://en.wikipedia.org/wiki/Nigel_Worthington
10117,P-49915,Wotherspoon,David,1990-01-16,0,0,0,1,0,1,2022,"https://en.wikipedia.org/wiki/David_Wotherspoon_(footballer,_born_1990)"
10118,P-50869,Wouters,Jan,1960-07-17,0,0,0,1,0,2,"1990, 1994",https://en.wikipedia.org/wiki/Jan_Wouters
10119,P-97422,Wright,Bailey,1992-07-28,0,0,1,0,0,2,"2014, 2022",https://en.wikipedia.org/wiki/Bailey_Wright
10121,P-68131,Wright,Haji,1998-03-27,0,0,0,0,1,1,2022,https://en.wikipedia.org/wiki/Haji_Wright
10122,P-68510,Wright,Mark,1963-08-01,0,0,1,0,0,1,1990,"https://en.wikipedia.org/wiki/Mark_Wright_(footballer,_born_1963)"
10123,P-56613,Wright,Mauricio,1970-12-20,0,0,1,0,0,1,2002,https://en.wikipedia.org/wiki/Mauricio_Wright
10125,P-22176,Wright,Tommy,1944-10-21,0,0,1,0,0,1,1970,"https://en.wikipedia.org/wiki/Tommy_Wright_(footballer,_born_1944)"
10126,P-48335,Wright-Phillips,Shaun,1981-10-25,0,0,0,1,0,1,2010,https://en.wikipedia.org/wiki/Shaun_Wright-Phillips
10127,P-29611,Wu,Chengying,1975-04-21,0,0,1,0,0,1,2002,https://en.wikipedia.org/wiki/Wu_Chengying
10134,P-25619,Wüthrich,Rolf,1938-09-04,0,0,0,0,1,1,1962,https://en.wikipedia.org/wiki/Rolf_W%C3%BCthrich
10135,P-67232,Wynalda,Eric,1969-06-09,0,0,0,0,1,3,"1990, 1994, 1998",https://en.wikipedia.org/wiki/Eric_Wynalda
10136,P-16251,Wyss,Thomas,1966-08-29,0,0,0,1,0,1,1994,https://en.wikipedia.org/wiki/Thomas_Wyss
10137,P-29415,Xavi,not applicable,1980-01-25,0,0,0,1,0,4,"2002, 2006, 2010, 2014",https://en.wikipedia.org/wiki/Xavi
10138,P-39199,Xavier,Abel,1972-11-30,0,0,1,0,0,1,2002,https://en.wikipedia.org/wiki/Abel_Xavier
10139,P-77224,Xhaka,Granit,1992-09-27,0,0,0,1,0,3,"2014, 2018, 2022",https://en.wikipedia.org/wiki/Granit_Xhaka
10145,P-39905,Xu,Yunlong,1979-02-17,0,0,1,0,0,1,2002,https://en.wikipedia.org/wiki/Xu_Yunlong
10146,P-88945,Xuereb,Daniel,1959-06-22,0,0,0,0,1,1,1986,https://en.wikipedia.org/wiki/Daniel_Xuereb
10147,P-20974,Ya Konan,Didier,1984-05-22,0,0,0,0,1,1,2014,https://en.wikipedia.org/wiki/Didier_Ya_Konan
10150,P-70419,Yahi,Hocine,1960-04-25,0,0,0,1,0,1,1982,https://en.wikipedia.org/wiki/Hocine_Yahi
10151,P-96363,Yahia,Alaeddine,1981-09-26,0,0,1,0,0,1,2006,https://en.wikipedia.org/wiki/Alaeddine_Yahia
10152,P-77742,Yahia,Antar,1982-03-21,0,0,1,0,0,1,2010,https://en.wikipedia.org/wiki/Antar_Yahia
10153,P-31758,Yakan,Hesham,1962-08-10,0,0,1,0,0,1,1990,https://en.wikipedia.org/wiki/Hesham_Yakan
10154,P-22594,Yakimov,Dimitar,1941-08-12,0,0,0,0,1,3,"1962, 1966, 1970",https://en.wikipedia.org/wiki/Dimitar_Yakimov
10155,P-59636,Yakin,Hakan,1977-02-22,0,0,0,1,0,2,"2006, 2010",https://en.wikipedia.org/wiki/Hakan_Yakin
10156,P-33328,Yakovenko,Pavel,1964-12-19,0,0,0,1,0,1,1986,https://en.wikipedia.org/wiki/Pavel_Yakovenko
10157,P-98373,Yakubu,not applicable,1982-11-22,0,0,0,0,1,1,2010,https://en.wikipedia.org/wiki/Yakubu_(footballer)
10162,P-41027,Yamaguchi,Hotaru,1990-10-06,0,0,0,1,0,2,"2014, 2018",https://en.wikipedia.org/wiki/Hotaru_Yamaguchi
10163,P-03376,Yamaguchi,Motohiro,1969-01-29,0,0,0,1,0,1,1998,https://en.wikipedia.org/wiki/Motohiro_Yamaguchi
10169,P-45981,Yamane,Miki,1993-12-22,0,0,1,0,0,1,2022,https://en.wikipedia.org/wiki/Miki_Yamane
10171,P-35882,Yanagisawa,Atsushi,1977-05-27,0,0,0,0,1,2,"2002, 2006",https://en.wikipedia.org/wiki/Atsushi_Yanagisawa
10174,P-81864,Yáñez,Patricio,1961-01-20,0,0,0,0,1,1,1982,https://en.wikipedia.org/wiki/Patricio_Y%C3%A1%C3%B1ez
10175,P-84550,Yang,Chen,1974-01-17,0,0,0,0,1,1,2002,"https://en.wikipedia.org/wiki/Yang_Chen_(footballer,_born_1974)"
10178,P-83943,Yang,Pu,1978-03-30,0,0,1,0,0,1,2002,https://en.wikipedia.org/wiki/Yang_Pu_(footballer)
10179,P-59059,Yang,Seung-kook,1944-08-19,0,0,0,0,1,1,1966,https://en.wikipedia.org/wiki/Yang_Seung-kook
10182,P-56496,Yankov,Zlatko,1966-06-07,0,0,0,1,0,2,"1994, 1998",https://en.wikipedia.org/wiki/Zlatko_Yankov
10183,P-89840,Yano,Kisho,1984-04-05,0,0,0,0,1,1,2010,https://en.wikipedia.org/wiki/Kisho_Yano
10187,P-58634,Yapi Yapo,Gilles,1982-01-13,0,0,0,1,0,1,2006,https://en.wikipedia.org/wiki/Gilles_Yapi_Yapo
10188,P-97692,Yaqoub,Jasem,1953-10-25,0,0,0,0,1,1,1982,https://en.wikipedia.org/wiki/Jasem_Yaqoub
10190,P-34497,Yaremchuk,Ivan,1962-03-19,0,0,0,1,0,2,"1986, 1990",https://en.wikipedia.org/wiki/Ivan_Yaremchuk
10192,P-51328,Yassin,Rabie,1960-09-07,0,0,1,0,0,1,1990,https://en.wikipedia.org/wiki/Rabie_Yassin
10194,P-27288,Yávar,Guillermo,1943-03-26,0,0,0,0,1,2,"1966, 1974",https://en.wikipedia.org/wiki/Guillermo_Y%C3%A1var
10195,P-82033,Yazalde,Héctor,1946-05-29,0,0,0,0,1,1,1974,https://en.wikipedia.org/wiki/H%C3%A9ctor_Yazalde
10196,P-06989,Yearwood,Gilberto,1956-03-15,0,0,0,1,0,1,1982,https://en.wikipedia.org/wiki/Gilberto_Yearwood
10197,P-70560,Yebda,Hassan,1984-05-14,0,0,0,1,0,2,"2010, 2014",https://en.wikipedia.org/wiki/Hassan_Yebda
10200,P-95273,Yedlin,DeAndre,1993-07-09,0,0,1,0,0,2,"2014, 2022",https://en.wikipedia.org/wiki/DeAndre_Yedlin
10201,P-74664,Yegros,Julio César,1971-01-31,0,0,0,1,0,1,1998,https://en.wikipedia.org/wiki/Julio_C%C3%A9sar_Yegros
10202,P-98228,Yekini,Rashidi,1963-10-23,0,0,0,0,1,2,"1994, 1998",https://en.wikipedia.org/wiki/Rashidi_Yekini
10204,P-32822,Yeom,Ki-hun,1983-03-30,0,0,0,0,1,1,2010,https://en.wikipedia.org/wiki/Yeom_Ki-hun
10205,P-92771,Yepes,Mario,1976-01-13,0,0,1,0,0,1,2014,https://en.wikipedia.org/wiki/Mario_Yepes
10206,P-20163,Yerokhin,Aleksandr,1989-10-13,0,0,0,1,0,1,2018,https://en.wikipedia.org/wiki/Aleksandr_Yerokhin
10208,P-98872,Yeshchenko,Andrey,1984-02-09,0,0,1,0,0,1,2014,https://en.wikipedia.org/wiki/Andrey_Yeshchenko
10209,P-72049,Yevriuzhikin,Gennady,1944-02-04,0,0,0,0,1,1,1970,https://en.wikipedia.org/wiki/Gennady_Yevriuzhikin
10210,P-12978,Yevtushenko,Vadym,1958-01-01,0,0,0,1,0,2,"1982, 1986",https://en.wikipedia.org/wiki/Vadym_Yevtushenko
10211,P-35676,Yezerskiy,Volodymyr,1976-11-15,0,0,1,0,0,1,2006,https://en.wikipedia.org/wiki/Volodymyr_Yezerskiy
10212,P-64104,Yobo,Joseph,1980-09-06,0,0,1,0,0,3,"2002, 2010, 2014",https://en.wikipedia.org/wiki/Joseph_Yobo
10216,P-75255,Yoo,Sang-chul,1971-10-18,0,0,1,0,0,2,"1998, 2002",https://en.wikipedia.org/wiki/Yoo_Sang-chul
10219,P-99575,Yoon,Deok-yeo,1961-03-25,0,0,1,0,0,1,1990,https://en.wikipedia.org/wiki/Yoon_Deok-yeo
10222,P-48970,Yordanov,Georgi,1963-07-21,0,0,0,1,0,1,1986,https://en.wikipedia.org/wiki/Georgi_Yordanov
10223,P-99271,Yordanov,Ivaylo,1968-04-22,0,0,0,1,0,2,"1994, 1998",https://en.wikipedia.org/wiki/Ivaylo_Yordanov
10224,P-18674,Yordanov,Stoyan,1944-01-29,0,1,0,0,0,1,1970,https://en.wikipedia.org/wiki/Stoyan_Yordanov
10225,P-94201,Yorke,Dwight,1971-11-03,0,0,0,0,1,1,2006,https://en.wikipedia.org/wiki/Dwight_Yorke
10226,P-89321,Yoshida,Maya,1988-08-24,0,0,1,0,0,3,"2014, 2018, 2022",https://en.wikipedia.org/wiki/Maya_Yoshida
10228,P-61528,Yotún,Yoshimar,1990-04-07,0,0,0,1,0,1,2018,https://en.wikipedia.org/wiki/Yoshimar_Yot%C3%BAn
10229,P-09246,Young,Ashley,1985-07-09,0,0,1,0,0,1,2018,https://en.wikipedia.org/wiki/Ashley_Young
10231,P-54444,Youssef,Ismail,1964-06-28,0,0,0,1,0,1,1990,https://en.wikipedia.org/wiki/Ismail_Youssef
10233,P-19411,Yu,Genwei,1974-01-07,0,0,0,1,0,1,2002,https://en.wikipedia.org/wiki/Yu_Genwei
10236,P-05917,Yu-min,Cho,1996-11-17,0,0,1,0,0,1,2022,https://en.wikipedia.org/wiki/Cho_Yu-min
10240,P-13271,Yun,Suk-young,1990-02-13,0,0,1,0,0,1,2014,https://en.wikipedia.org/wiki/Yun_Suk-young
10242,P-18598,Yun,Young-sun,1988-10-04,0,0,1,0,0,1,2018,https://en.wikipedia.org/wiki/Yun_Young-sun
10243,P-46493,Yuran,Sergei,1969-06-11,0,0,0,0,1,1,1994,https://en.wikipedia.org/wiki/Sergei_Yuran
10245,P-04333,Yussuf,Ayila,1984-11-04,0,0,0,1,0,1,2010,https://en.wikipedia.org/wiki/Ayila_Yussuf
10248,P-60644,Zabala,César,1961-06-03,0,0,1,0,0,1,1986,https://en.wikipedia.org/wiki/C%C3%A9sar_Zabala
10249,P-96639,Zabaleta,Pablo,1985-01-16,0,0,1,0,0,1,2014,https://en.wikipedia.org/wiki/Pablo_Zabaleta
10251,P-30935,Zabavník,Radoslav,1980-09-16,0,0,1,0,0,1,2010,https://en.wikipedia.org/wiki/Radoslav_Zabavn%C3%ADk
10253,P-14267,Zaccardo,Cristian,1981-12-21,0,0,1,0,0,1,2006,https://en.wikipedia.org/wiki/Cristian_Zaccardo
10254,P-17293,Zaccarelli,Renato,1951-01-18,0,0,0,1,0,1,1978,https://en.wikipedia.org/wiki/Renato_Zaccarelli
10258,P-38164,Zagallo,Mário,1931-08-09,0,0,0,0,1,2,"1958, 1962",https://en.wikipedia.org/wiki/M%C3%A1rio_Zagallo
10259,P-97279,Zague,not applicable,1967-05-23,0,0,0,0,1,1,1994,https://en.wikipedia.org/wiki/Lu%C3%ADs_Roberto_Alves
10260,P-64619,Zahovič,Zlatko,1971-02-01,0,0,0,1,0,1,2002,https://en.wikipedia.org/wiki/Zlatko_Zahovi%C4%8D
10261,P-99270,Zaid,Mabrouk,1979-02-11,0,1,0,0,0,2,"2002, 2006",https://en.wikipedia.org/wiki/Mabrouk_Zaid
10263,P-84644,Zajec,Velimir,1956-02-12,0,0,1,0,0,1,1982,https://en.wikipedia.org/wiki/Velimir_Zajec
10264,P-83560,Zakaria,Denis,1996-11-20,0,0,0,1,0,2,"2018, 2022",https://en.wikipedia.org/wiki/Denis_Zakaria
10266,P-87191,Zaki,Badou,1959-04-02,0,1,0,0,0,1,1986,https://en.wikipedia.org/wiki/Badou_Zaki
10267,P-19175,Zalazar,José,1963-10-26,0,0,0,1,0,1,1986,https://en.wikipedia.org/wiki/Jos%C3%A9_Zalazar
10268,P-40498,Zalewski,Nicola,2002-01-23,0,0,0,1,0,1,2022,https://en.wikipedia.org/wiki/Nicola_Zalewski
10269,P-38355,Zambo Anguissa,André-Frank,1995-11-16,0,0,0,1,0,1,2022,https://en.wikipedia.org/wiki/Andr%C3%A9-Frank_Zambo_Anguissa
10271,P-42227,Zambrotta,Gianluca,1977-02-19,0,0,1,0,0,3,"2002, 2006, 2010",https://en.wikipedia.org/wiki/Gianluca_Zambrotta
10272,P-22631,Zamora,Álvaro,2002-03-09,0,0,0,1,0,1,2022,https://en.wikipedia.org/wiki/%C3%81lvaro_Zamora
10274,P-92317,Zamora,Jesús María,1955-01-01,0,0,0,1,0,1,1982,https://en.wikipedia.org/wiki/Jes%C3%BAs_Mar%C3%ADa_Zamora
10276,P-82614,Zamorano,Iván,1967-01-18,0,0,0,0,1,1,1998,https://en.wikipedia.org/wiki/Iv%C3%A1n_Zamorano
10277,P-34386,Zandi,Ferydoon,1979-04-26,0,0,0,1,0,1,2006,https://en.wikipedia.org/wiki/Ferydoon_Zandi
10278,P-57378,Zanetti,Cristiano,1977-04-14,0,0,0,1,0,1,2002,https://en.wikipedia.org/wiki/Cristiano_Zanetti
10279,P-53716,Zanetti,Javier,1973-08-10,0,0,1,0,0,2,"1998, 2002",https://en.wikipedia.org/wiki/Javier_Zanetti
10282,P-78745,Zapata,Cristián,1986-09-30,0,0,1,0,0,2,"2014, 2018",https://en.wikipedia.org/wiki/Cristi%C3%A1n_Zapata
10283,P-65077,Zarincheh,Javad,1966-07-23,0,0,1,0,0,1,1998,https://en.wikipedia.org/wiki/Javad_Zarincheh
10284,P-94093,Zaroury,Anass,2000-11-07,0,0,0,1,0,1,2022,https://en.wikipedia.org/wiki/Anass_Zaroury
10285,P-65220,Zarra,Telmo,1921-01-20,0,0,0,0,1,1,1950,https://en.wikipedia.org/wiki/Telmo_Zarra
10286,P-03980,Zarza,Enrique López,1957-10-25,0,0,0,1,0,1,1978,https://en.wikipedia.org/wiki/Enrique_L%C3%B3pez_Zarza
10289,P-27906,Zavarov,Oleksandr,1961-04-20,0,0,0,1,0,2,"1986, 1990",https://en.wikipedia.org/wiki/Oleksandr_Zavarov
10290,P-32447,Zdravkov,Radoslav,1956-07-30,0,0,0,1,0,1,1986,https://en.wikipedia.org/wiki/Radoslav_Zdravkov
10291,P-39700,Zdravkov,Zdravko,1970-10-04,0,1,0,0,0,1,1998,https://en.wikipedia.org/wiki/Zdravko_Zdravkov
10293,P-63053,Zé Carlos,not applicable,1968-11-14,0,0,1,0,0,1,1998,"https://en.wikipedia.org/wiki/Z%C3%A9_Carlos_(footballer,_born_1968)"
10294,P-95366,Zé Kalanga,not applicable,1983-10-12,0,0,0,1,0,1,2006,https://en.wikipedia.org/wiki/Z%C3%A9_Kalanga
10296,P-72683,Zé Maria,not applicable,1949-05-18,0,0,1,0,0,2,"1970, 1974",https://en.wikipedia.org/wiki/Jos%C3%A9_Maria_Rodrigues_Alves
10297,P-39545,Zé Roberto,not applicable,1974-07-06,0,0,0,1,0,2,"1998, 2006",https://en.wikipedia.org/wiki/Z%C3%A9_Roberto
10299,P-74352,Zebec,Branko,1929-05-17,0,0,1,0,1,2,"1954, 1958",https://en.wikipedia.org/wiki/Branko_Zebec
10304,P-10770,Zelaya,Héctor,1957-07-12,0,0,1,0,0,1,1982,https://en.wikipedia.org/wiki/H%C3%A9ctor_Zelaya
10306,P-27945,Zeman,Josef,1915-01-23,0,0,0,0,1,1,1938,https://en.wikipedia.org/wiki/Josef_Zeman_(footballer)
10309,P-34767,Zenden,Boudewijn,1976-08-15,0,0,0,1,0,1,1998,https://en.wikipedia.org/wiki/Boudewijn_Zenden
10310,P-57440,Zenga,Walter,1960-04-28,0,1,0,0,0,2,"1986, 1990",https://en.wikipedia.org/wiki/Walter_Zenga
10317,P-03927,Żewłakow,Marcin,1976-04-22,0,0,0,0,1,1,2002,https://en.wikipedia.org/wiki/Marcin_%C5%BBew%C5%82akow
10318,P-15578,Żewłakow,Michał,1976-04-22,0,0,1,0,0,2,"2002, 2006",https://en.wikipedia.org/wiki/Micha%C5%82_%C5%BBew%C5%82akow
10321,P-86899,Zgutczyński,Andrzej,1958-01-01,0,0,0,0,1,1,1986,https://en.wikipedia.org/wiki/Andrzej_Zgutczy%C5%84ski
10331,P-90061,Zhao,Junzhe,1979-04-18,0,0,0,1,0,1,2002,https://en.wikipedia.org/wiki/Zhao_Junzhe
10336,P-01172,Zhechev,Dobromir,1942-11-12,0,0,1,0,0,4,"1962, 1966, 1970, 1974",https://en.wikipedia.org/wiki/Dobromir_Zhechev
10337,P-26899,Zhekov,Petar,1944-10-10,0,0,0,0,1,2,"1966, 1970",https://en.wikipedia.org/wiki/Petar_Zhekov
10338,P-73764,Zhelyazkov,Andrey,1952-07-09,0,0,0,0,1,1,1986,https://en.wikipedia.org/wiki/Andrey_Zhelyazkov
10339,P-51786,Zhirkov,Yuri,1983-08-20,0,0,1,1,0,2,"2014, 2018",https://en.wikipedia.org/wiki/Yuri_Zhirkov
10346,P-42107,Ziani,Karim,1982-08-17,0,0,0,1,0,1,2010,https://en.wikipedia.org/wiki/Karim_Ziani
10347,P-37483,Zico,not applicable,1953-03-03,0,0,0,1,0,3,"1978, 1982, 1986",https://en.wikipedia.org/wiki/Zico_(footballer)
10348,P-42885,Zidane,Djamel,1955-04-28,0,0,0,0,1,2,"1982, 1986",https://en.wikipedia.org/wiki/Djamel_Zidane
10349,P-56430,Zidane,Zinedine,1972-06-23,0,0,0,1,0,3,"1998, 2002, 2006",https://en.wikipedia.org/wiki/Zinedine_Zidane
10350,P-67544,Ziege,Christian,1972-02-01,0,0,1,0,0,2,"1998, 2002",https://en.wikipedia.org/wiki/Christian_Ziege
10351,P-09704,Ziegler,Reto,1986-01-16,0,0,1,0,0,2,"2010, 2014",https://en.wikipedia.org/wiki/Reto_Ziegler
10354,P-66681,Zieliński,Jacek,1967-10-10,0,0,1,0,0,1,2002,"https://en.wikipedia.org/wiki/Jacek_Zieli%C5%84ski_(footballer,_born_1967)"
10355,P-32165,Zieliński,Piotr,1994-05-20,0,0,0,1,0,2,"2018, 2022",https://en.wikipedia.org/wiki/Piotr_Zieli%C5%84ski
10356,P-18094,Žigić,Nikola,1980-09-25,0,0,0,0,1,2,"2006, 2010",https://en.wikipedia.org/wiki/Nikola_%C5%BDigi%C4%87
10358,P-71720,Zikán,Zdeněk,1937-11-10,0,0,0,0,1,1,1958,https://en.wikipedia.org/wiki/Zden%C4%9Bk_Zik%C3%A1n
10359,P-57029,Zimmerman,Walker,1993-05-19,0,0,1,0,0,1,2022,https://en.wikipedia.org/wiki/Walker_Zimmerman
10360,P-03391,Zimmermann,Herbert,1954-07-01,0,0,0,0,1,1,1978,https://en.wikipedia.org/wiki/Herbert_Zimmermann_(footballer)
10361,P-12418,Zinho,not applicable,1967-06-17,0,0,0,1,0,1,1994,https://en.wikipedia.org/wiki/Zinho
10362,P-05719,Zischek,Karl,1910-08-28,0,0,0,0,1,1,1934,https://en.wikipedia.org/wiki/Karl_Zischek
10363,P-82525,Zito,not applicable,1932-08-18,0,0,0,1,0,3,"1958, 1962, 1966",https://en.wikipedia.org/wiki/Zito_(footballer)
10364,P-63935,Zitouni,Ali,1981-01-11,0,0,0,0,1,1,2002,https://en.wikipedia.org/wiki/Ali_Zitouni
10365,P-58363,Živković,Andrija,1996-07-11,0,0,0,1,0,2,"2018, 2022",https://en.wikipedia.org/wiki/Andrija_%C5%BDivkovi%C4%87
10366,P-70100,Živković,Boris,1975-11-15,0,0,1,0,0,1,2002,https://en.wikipedia.org/wiki/Boris_%C5%BDivkovi%C4%87
10368,P-70715,Ziyech,Hakim,1993-03-19,0,0,0,1,0,2,"2018, 2022",https://en.wikipedia.org/wiki/Hakim_Ziyech
10369,P-73743,Zizinho,not applicable,1922-09-14,0,0,0,0,1,1,1950,https://en.wikipedia.org/wiki/Zizinho
10371,P-43520,Zlocha,Ján,1942-03-24,0,0,1,0,0,1,1970,https://en.wikipedia.org/wiki/J%C3%A1n_Zlocha
10372,P-48883,Żmuda,Władysław,1954-06-06,0,0,1,0,0,4,"1974, 1978, 1982, 1986",https://en.wikipedia.org/wiki/W%C5%82adys%C5%82aw_%C5%BBmuda
10373,P-05922,Zobnin,Roman,1994-02-11,0,0,0,1,0,1,2018,https://en.wikipedia.org/wiki/Roman_Zobnin
10375,P-48831,Zoff,Dino,1942-02-28,0,1,0,0,0,4,"1970, 1974, 1978, 1982",https://en.wikipedia.org/wiki/Dino_Zoff
10377,P-48968,Zokora,Didier,1980-12-14,0,0,1,1,0,3,"2006, 2010, 2014",https://en.wikipedia.org/wiki/Didier_Zokora
10378,P-78280,Zola,Gianfranco,1966-07-05,0,0,0,0,1,1,1994,https://en.wikipedia.org/wiki/Gianfranco_Zola
10379,P-12183,Zombori,Sándor,1951-10-31,0,0,0,1,0,1,1978,https://en.wikipedia.org/wiki/S%C3%A1ndor_Zombori
10386,P-69681,Zsak,Manfred,1964-12-22,0,0,0,1,0,1,1990,https://en.wikipedia.org/wiki/Manfred_Zsak
10387,P-67652,Zsengellér,Gyula,1915-12-27,0,0,0,0,1,1,1938,https://en.wikipedia.org/wiki/Gyula_Zsengell%C3%A9r
10388,P-71840,Zuber,Steven,1991-08-17,0,0,0,1,0,1,2018,https://en.wikipedia.org/wiki/Steven_Zuber
10389,P-38789,Zuberbühler,Pascal,1971-01-08,0,1,0,0,0,1,2006,https://en.wikipedia.org/wiki/Pascal_Zuberb%C3%BChler
10390,P-02662,Zubia,Oscar,1946-02-08,0,0,0,0,1,1,1970,https://en.wikipedia.org/wiki/Oscar_Zubia
10391,P-63214,Zubizarreta,Andoni,1961-10-23,0,1,0,0,0,4,"1986, 1990, 1994, 1998",https://en.wikipedia.org/wiki/Andoni_Zubizarreta
10392,P-32148,Zuluaga,Francisco,1929-02-04,0,0,1,0,0,1,1962,https://en.wikipedia.org/wiki/Francisco_Zuluaga
10393,P-05390,Zuma,Sibusiso,1975-06-23,0,0,0,1,0,1,2002,https://en.wikipedia.org/wiki/Sibusiso_Zuma
10394,P-76546,Zumelzú,Adolfo,1902-01-05,0,0,0,1,0,1,1930,https://en.wikipedia.org/wiki/Adolfo_Zumelz%C3%BA
10395,P-61178,Zúñiga,Juan Camilo,1985-12-14,0,0,1,0,0,1,2014,https://en.wikipedia.org/wiki/Juan_Camilo_Z%C3%BA%C3%B1iga
10396,P-07088,Żurawski,Maciej,1976-09-12,0,0,0,0,1,2,"2002, 2006",https://en.wikipedia.org/wiki/Maciej_%C5%BBurawski
10399,P-51653,Zusi,Graham,1986-08-18,0,0,0,1,0,1,2014,https://en.wikipedia.org/wiki/Graham_Zusi
10400,P-05885,Zygmantovich,Andrei,1962-12-02,0,0,0,1,0,1,1990,https://en.wikipedia.org/wiki/Andrei_Zygmantovich
